left_minute,right_minute_exclusive,probability
19785,19786,0.010409996623613749
19786,19787,0.005262396692859439
19787,19788,0.003895713286967195
19788,19789,0.0032404158793120086
19789,19790,0.0028347541117124675
19790,19791,0.0025517162738686316
19791,19792,0.0023397198327241853
19792,19793,0.0021732499692567187
19793,19794,0.002038030863457496
19794,19795,0.0019253635512040401
19795,19796,0.0018296030377378258
19796,19797,0.0017469042098074428
19797,19798,0.0016745450241883453
19798,19799,0.0016105369731228003
19799,19800,0.0015533889609882223
19800,19801,0.0015019579238882974
19801,19802,0.0014553508734385656
19802,19803,0.0014128586673171628
19803,19804,0.0013739100334346221
19804,19805,0.0013380389111606883
19805,19806,0.0013048607776525722
19806,19807,0.001274055176263833
19807,19808,0.0012453526137110038
19808,19809,0.0012185245907625486
19809,19810,0.0011933759176214198
19810,19811,0.0011697387197894815
19811,19812,0.001147467711837824
19812,19813,0.0011264364337608135
19813,19814,0.00110653422645407
19814,19815,0.0010876637807302747
19815,19816,0.00106973913555225
19816,19817,0.0010526840312989894
19817,19818,0.0010364305460326961
19818,19819,0.0010209179589652506
19819,19820,0.0010060917976956185
19820,19821,0.0009919030351672742
19821,19822,0.0009783074092492017
19822,19823,0.000965264843408753
19823,19824,0.0009527389512489215
19824,19825,0.0009406966108609915
19825,19826,0.0009291075977104213
19826,19827,0.0009179442667187621
19827,19828,0.0009071812760043652
19828,19829,0.0008967953459302347
19829,19830,0.0008867650482374811
19830,19831,0.0008770706209869639
19831,19832,0.0008676938055969252
19832,19833,0.000858617702927611
19833,19834,0.0008498266458887849
19834,19835,0.0008413060863231014
19835,19836,0.000833042494310432
19836,19837,0.0008250232683644221
19837,19838,0.0008172366551065235
19838,19839,0.0008096716772572066
19839,19840,0.0008023180689933351
19840,19841,0.0007951662177413943
19841,19842,0.0007882071117047973
19842,19843,0.0007814322924249995
19843,19844,0.0007748338118755971
19844,19845,0.0007684041935377972
19845,19846,0.000762136397026103
19846,19847,0.0007560237859369767
19847,19848,0.0007500600985316241
19848,19849,0.0007442394209616343
19849,19850,0.000738556162827364
19850,19851,0.0007330050347884587
19851,19852,0.000727581028022728
19852,19853,0.000722279395405867
19853,19854,0.0007170956341830403
19854,19855,0.0007120254700448969
19855,19856,0.0007070648424249981
19856,19857,0.0007022098909688634
19857,19858,0.0006974569430219235
19858,19859,0.0006928025020440098
19859,19860,0.000688243236915409
19860,19861,0.0006837759720118575
19861,19862,0.0006793976779830291
19862,19863,0.0006751054632184728
19863,19864,0.0006708965659020794
19864,19865,0.0006667683466030638
19865,19866,0.0006627182814067933
19866,19867,0.0006587439554975316
19867,19868,0.00065484305715513
19868,19869,0.0006510133721832623
19869,19870,0.0006472527786738347
19870,19871,0.0006435592421308312
19871,19872,0.0006399308108803736
19872,19873,0.0006363656117999716
19873,19874,0.0006328618463030677
19874,19875,0.0006294177865538431
19875,19876,0.0006260317719451458
19876,19877,0.0006227022057723186
19877,19878,0.000619427552094598
19878,19879,0.0006162063328069567
19879,19880,0.0006130371248721511
19880,19881,0.0006099185576977639
19881,19882,0.0006068493106912154
19882,19883,0.0006038281109396748
19883,19884,0.000600853731007156
19884,19885,0.0005979249868815484
19885,19886,0.0005950407360112986
19886,19887,0.0005921998754677693
19887,19888,0.0005894013401804843
19888,19889,0.0005866441012969958
19889,19890,0.0005839271646151944
19890,19891,0.0005812495690851738
19891,19892,0.0005786103854139579
19892,19893,0.0005760087147300696
19893,19894,0.0005734436873028881
19894,19895,0.0005709144613516015
19895,19896,0.0005684202219020107
19896,19897,0.0005659601796866864
19897,19898,0.0005635335701254518
19898,19899,0.0005611396523342305
19899,19900,0.0005587777081978995
19900,19901,0.0005564470414637923
19901,19902,0.0005541469769081431
19902,19903,0.0005518768595242363
19903,19904,0.0005496360537414757
19904,19905,0.0005474239427008532
19905,19906,0.0005452399275532316
19906,19907,0.0005430834267778351
19907,19908,0.0005409538755542509
19908,19909,0.0005388507251520291
19909,19910,0.0005367734423332715
19910,19911,0.0005347215088082335
19911,19912,0.0005326944207000306
19912,19913,0.0005306916880227774
19913,19914,0.0005287128342053582
19914,19915,0.0005267573956161398
19915,19916,0.0005248249211222134
19916,19917,0.0005229149716474146
19917,19918,0.0005210271197722549
19918,19919,0.0005191609493393479
19919,19920,0.0005173160550645539
19920,19921,0.0005154920421838738
19921,19922,0.0005136885261077806
19922,19923,0.0005119051320727208
19923,19924,0.0005101414948340266
19924,19925,0.0005083972583572183
19925,19926,0.0005066720755093068
19926,19927,0.0005049656077873443
19927,19928,0.0005032775250438659
19928,19929,0.0005016075052133306
19929,19930,0.0004999552340712032
19930,19931,0.0004983204049832102
19931,19932,0.0004967027186791317
19932,19933,0.0004951018830144371
19933,19934,0.0004935176127648377
19934,19935,0.000491949629416899
19935,19936,0.000490397660956321
19936,19937,0.0004888614416838633
19937,19938,0.0004873407120299933
19938,19939,0.0004858352183614856
19939,19940,0.00048434471282110536
19940,19941,0.0004828689531576891
19941,19942,0.0004814077025548924
19942,19943,0.0004799607294868613
19943,19944,0.00047852780756019175
19944,19945,0.00047710871537598454
19945,19946,0.0004757032363771341
19946,19947,0.0004743111587238169
19947,19948,0.00047293227516242986
19948,19949,0.0004715663828879779
19949,19950,0.00047021328343266333
19950,19951,0.0004688727825478689
19951,19952,0.0004675446900786473
19952,19953,0.0004662288198636899
19953,19954,0.0004649249896296337
19954,19955,0.0004636330208752648
19955,19956,0.00046235273878303396
19956,19957,0.0004610839721219673
19957,19958,0.00045982655314319443
19958,19959,0.00045858031750084516
19959,19960,0.00045734510415712526
19960,19961,0.0004561207553043234
19961,19962,0.0004549071162703311
19962,19963,0.0004537040354490318
19963,19964,0.00045251136422380656
19964,19965,0.0004513289568802148
19965,19966,0.00045015667054554287
19966,19967,0.0004489943651171946
19967,19968,0.00044784190318347683
19968,19969,0.00044669914996858795
19969,19970,0.0004455659732673922
19970,19971,0.0004444422433729778
19971,19972,0.00044332783302653
19972,19973,0.00044222261735743507
19973,19974,0.0004411264738173881
19974,19975,0.0004400392821349852
19975,19976,0.0004389609242558823
19976,19977,0.00043789128429666535
19977,19978,0.00043683024848323315
19978,19979,0.0004357777051110512
19979,19980,0.00043473354449818924
19980,19981,0.0004336976589268682
19981,19982,0.00043266994261020875
19982,19983,0.0004316502916464904
19983,19984,0.00043063860396758136
19984,19985,0.0004296347793065758
19985,19986,0.0004286387191574925
19986,19987,0.0004276503267257592
19987,19988,0.0004266695069015669
19988,19989,0.0004256961662151837
19989,19990,0.0004247302128078112
19990,19991,0.00042377155638506636
19991,19992,0.0004228201081927785
19992,19993,0.0004218757809831275
19993,19994,0.000420938488972622
19994,19995,0.00042000814782017226
19995,19996,0.00041908467459589316
19996,19997,0.0004181679877418021
19997,19998,0.00041725800705200156
19998,19999,0.0004163546536438134
19999,20000,0.00041545784992114143
20000,20001,0.0004145675195563747
20001,20002,0.0004136835874640754
20002,20003,0.0004128059797657846
20003,20004,0.000411934623775867
20004,20005,0.0004110694479700916
20005,20006,0.0004102103819688119
20006,20007,0.00040935735650238225
20007,20008,0.0004085103033990567
20008,20009,0.00040766915556161853
20009,20010,0.00040683384693751545
20010,20011,0.0004060043125068691
20011,20012,0.0004051804882611587
20012,20013,0.0004043623111754102
20013,20014,0.0004035497191965387
20014,20015,0.00040274265122502984
20015,20016,0.0004019410470869622
20016,20017,0.00040114484752495905
20017,20018,0.00040035399418070217
20018,20019,0.0003995684295679536
20019,20020,0.0003987880970658386
20020,20021,0.00039801294089736317
20021,20022,0.00039724290611775626
20022,20023,0.00039647793858971214
20023,20024,0.0003957179849766179
20024,20025,0.0003949629927274545
20025,20026,0.0003942129100534819
20026,20027,0.0003934676859226327
20027,20028,0.00039272727004530106
20028,20029,0.00039199161285208284
20029,20030,0.0003912606654888906
20030,20031,0.00039053437980435257
20031,20032,0.00038981270832749715
20032,20033,0.00038909560426536594
20033,20034,0.0003883830214853612
20034,20035,0.00038767491450830693
20035,20036,0.0003869712384874102
20036,20037,0.0003862719492057076
20037,20038,0.0003855770030643524
20038,20039,0.0003848863570636296
20039,20040,0.0003841999688002362
20040,20041,0.00038351779645751094
20041,20042,0.0003828397987856724
20042,20043,0.000382165935101042
20043,20044,0.00038149616527627384
20044,20045,0.0003808304497213699
20045,20046,0.0003801687493837358
20046,20047,0.000379511025738688
20047,20048,0.000378857240771302
20048,20049,0.0003782073569779665
20049,20050,0.0003775613373514508
20050,20051,0.00037691914537812954
20051,20052,0.00037628074502055187
20052,20053,0.0003756461007177192
20053,20054,0.0003750151773767585
20054,20055,0.00037438794035704603
20055,20056,0.00037376435547098463
20056,20057,0.0003731443889766206
20057,20058,0.000372528007561046
20058,20059,0.00037191517834289645
20059,20060,0.0003713058688648019
20060,20061,0.00037070004707745463
20061,20062,0.0003700976813421075
20062,20063,0.00036949874042363495
20063,20064,0.0003689031934754894
20064,20065,0.000368311010043032
20065,20066,0.0003677221600512093
20066,20067,0.00036713661380438634
20067,20068,0.00036655434197091497
20068,20069,0.0003659753155859091
20069,20070,0.0003653995060445281
20070,20071,0.0003648268850892644
20071,20072,0.00036425742481205337
20072,20073,0.0003636910976484997
20073,20074,0.0003631278763649992
20074,20075,0.00036256773406118104
20075,20076,0.00036201064416507833
20076,20077,0.00036145658041975004
20077,20078,0.00036090551688755523
20078,20079,0.000360357427939606
20079,20080,0.0003598122882567667
20080,20081,0.000359270072815554
20081,20082,0.0003587307568922449
20082,20083,0.00035819431605754737
20083,20084,0.0003576607261650544
20084,20085,0.00035712996335401925
20085,20086,0.00035660200404619147
20086,20087,0.0003560768249322166
20087,20088,0.00035555440297679874
20088,20089,0.0003550347154142597
20089,20090,0.00035451773973615985
20090,20091,0.00035400345369612785
20091,20092,0.00035349183530519745
20092,20093,0.00035298286282126057
20093,20094,0.0003524765147528419
20094,20095,0.00035197276985138304
20095,20096,0.00035147160711224146
20096,20097,0.0003509730057626448
20097,20098,0.00035047694526635365
20098,20099,0.00034998340532010896
20099,20100,0.0003494923658419191
20100,20101,0.00034900380697722166
20101,20102,0.00034851770909377633
20102,20103,0.00034803405277206156
20103,20104,0.0003475528188094379
20104,20105,0.0003470739882171503
20105,20106,0.00034659754220983663
20106,20107,0.0003461234622100795
20107,20108,0.00034565172984568626
20108,20109,0.0003451823269389198
20109,20110,0.0003447152355127159
20110,20111,0.0003442504377821898
20111,20112,0.00034378791615813364
20112,20113,0.00034332765323413783
20113,20114,0.0003428696317935298
20114,20115,0.0003424138348057104
20115,20116,0.00034196024541610637
20116,20117,0.00034150884695166583
20117,20118,0.0003410596229181384
20118,20119,0.00034061255699036064
20119,20120,0.00034016763301714104
20120,20121,0.00033972483501926165
20121,20122,0.0003392841471795971
20122,20123,0.00033884555384905424
20123,20124,0.0003384090395395223
20124,20125,0.00033797458892681487
20125,20126,0.0003375421868399564
20126,20127,0.0003371118182667887
20127,20128,0.0003366834683519171
20128,20129,0.0003362571223869404
20129,20130,0.0003358327658162241
20130,20131,0.0003354103842348466
20131,20132,0.0003349899633792175
20132,20133,0.0003345714891324625
20133,20134,0.0003341549475229244
20134,20135,0.0003337403247144488
20135,20136,0.00033332760701226816
20136,20137,0.000332916780861503
20137,20138,0.00033250783283689245
20138,20139,0.00033210074965089875
20139,20140,0.0003316955181455472
20140,20141,0.00033129212529708907
20141,20142,0.00033089055820462177
20142,20143,0.0003304908040970833
20143,20144,0.00033009285033147595
20144,20145,0.00032969668438304067
20145,20146,0.0003293022938521961
20146,20147,0.0003289096664622626
20147,20148,0.00032851879005085793
20148,20149,0.00032812965257600357
20149,20150,0.0003277422421142373
20150,20151,0.00032735654685184246
20151,20152,0.00032697255509145373
20152,20153,0.00032659025524978125
20153,20154,0.0003262096358493949
20154,20155,0.0003258306855253301
20155,20156,0.0003254533930190928
20156,20157,0.00032507774718221194
20157,20158,0.00032470373696635857
20158,20159,0.00032433135142995173
20159,20160,0.0003239605797366041
20160,20161,0.0003235914111467397
20161,20162,0.0003232238350235339
20162,20163,0.0003228578408316918
20163,20164,0.0003224934181291772
20164,20165,0.0003221305565732635
20165,20166,0.0003217692459192012
20166,20167,0.0003214094760120023
20167,20168,0.00032105123679310177
20168,20169,0.0003206945182951393
20169,20170,0.000320339310644957
20170,20171,0.00031998560405471776
20171,20172,0.0003196333888281222
20172,20173,0.0003192826553594652
20173,20174,0.00031893339412519817
20174,20175,0.0003185855956904793
20175,20176,0.00031823925070750825
20176,20177,0.00031789434990819876
20177,20178,0.00031755088410967414
20178,20179,0.00031720884421387874
20179,20180,0.0003168682211989182
20180,20181,0.0003165290061257209
20181,20182,0.00031619119013709396
20182,20183,0.0003158547644494525
20183,20184,0.0003155197203598692
20184,20185,0.00031518604924080096
20185,20186,0.0003148537425435305
20186,20187,0.0003145227917896176
20187,20188,0.00031419318857722756
20188,20189,0.0003138649245801872
20189,20190,0.00031353799154004713
20190,20191,0.0003132123812725762
20191,20192,0.00031288808566681814
20192,20193,0.0003125650966768201
20193,20194,0.00031224340632879377
20194,20195,0.00031192300671994966
20195,20196,0.0003116038900100593
20196,20197,0.00031128604842894925
20197,20198,0.0003109694742747249
20198,20199,0.0003106541599066648
20199,20200,0.00031034009775210425
20200,20201,0.0003100272803007176
20201,20202,0.00030971570010918104
20202,20203,0.00030940534979218004
20203,20204,0.00030909622202884846
20204,20205,0.00030878830956215797
20205,20206,0.00030848160519125756
20206,20207,0.0003081761017776907
20207,20208,0.000307871792245229
20208,20209,0.00030756866957137863
20209,20210,0.00030726672679437517
20210,20211,0.00030696595701285023
20211,20212,0.0003066663533772829
20212,20213,0.00030636790909793765
20213,20214,0.00030607061743936903
20214,20215,0.0003057744717244182
20215,20216,0.00030547946532599735
20216,20217,0.0003051855916736401
20217,20218,0.0003048928442521692
20218,20219,0.00030460121659547923
20219,20220,0.0003043107022916991
20220,20221,0.00030402129498346975
20221,20222,0.00030373298835995044
20222,20223,0.0003034457761633691
20223,20224,0.0003031596521889668
20224,20225,0.0003028746102767821
20225,20226,0.00030259064431847893
20226,20227,0.00030230774825690254
20227,20228,0.00030202591607864093
20228,20229,0.00030174514182085277
20229,20230,0.000301465419566771
20230,20231,0.00030118674344931096
20231,20232,0.0003009091076431325
20232,20233,0.0003006325063712456
20233,20234,0.00030035693390428886
20234,20235,0.0003000823845531464
20235,20236,0.0002998088526756093
20236,20237,0.0002995363326759315
20237,20238,0.00029926481899711366
20238,20239,0.0002989943061281197
20239,20240,0.00029872478860243357
20240,20241,0.0002984562609916197
20241,20242,0.00029818871791142953
20242,20243,0.0002979221540211907
20243,20244,0.0002976565640172013
20244,20245,0.0002973919426389471
20245,20246,0.00029712828466516017
20246,20247,0.0002968655849173163
20247,20248,0.00029660383825164116
20248,20249,0.0002963430395662714
20249,20250,0.00029608318379981124
20250,20251,0.00029582426592522637
20251,20252,0.00029556628095539494
20252,20253,0.0002953092239429411
20253,20254,0.00029505308997379576
20254,20255,0.0002947978741727475
20255,20256,0.00029454357170316525
20256,20257,0.0002942901777606144
20257,20258,0.0002940376875791295
20258,20259,0.0002937860964269956
20259,20260,0.0002935353996106338
20260,20261,0.0002932855924666633
20261,20262,0.00029303667036867376
20262,20263,0.0002927886287267256
20263,20264,0.0002925414629800782
20264,20265,0.00029229516860374005
20265,20266,0.00029204974110863535
20266,20267,0.00029180517603355494
20267,20268,0.0002915614689525947
20268,20269,0.000291318615474101
20269,20270,0.00029107661123434214
20270,20271,0.0002908354519030043
20271,20272,0.00029059513318402397
20272,20273,0.00029035565080742787
20273,20274,0.00029011700053754863
20274,20275,0.00028987917816747366
20275,20276,0.0002896421795237081
20276,20277,0.0002894060004582921
20277,20278,0.0002891706368550184
20278,20279,0.00028893608462970954
20279,20280,0.00028870233972261294
20280,20281,0.0002884693981053954
20281,20282,0.00028823725578025483
20282,20283,0.0002880059087736475
20283,20284,0.0002877753531422833
20284,20285,0.00028754558497301463
20285,20286,0.00028731660037578655
20286,20287,0.0002870883954903536
20287,20288,0.00028686096648555814
20288,20289,0.0002866343095530022
20289,20290,0.0002864084209134865
20290,20291,0.0002861832968133471
20291,20292,0.00028595893352756363
20292,20293,0.0002857353273527652
20293,20294,0.00028551247461361395
20294,20295,0.00028529037166236115
20295,20296,0.00028506901487235226
20296,20297,0.0002848484006437446
20297,20298,0.0002846285254041181
20298,20299,0.0002844093856011476
20299,20300,0.0002841909777088758
20300,20301,0.00028397329822826833
20301,20302,0.0002837563436792756
20302,20303,0.0002835401106086044
20303,20304,0.00028332459558555456
20304,20305,0.0002831097952051831
20305,20306,0.0002828957060815318
20306,20307,0.0002826823248538446
20307,20308,0.00028246964818584575
20308,20309,0.00028225767276007785
20309,20310,0.00028204639528339737
20310,20311,0.00028183581248653056
20311,20312,0.00028162592111857787
20312,20313,0.0002814167179521765
20313,20314,0.0002812081997838334
20314,20315,0.0002810003634269864
20315,20316,0.0002807932057186102
20316,20317,0.0002805867235191606
20317,20318,0.00028038091370496954
20318,20319,0.00028017577317662745
20319,20320,0.0002799712988535985
20320,20321,0.00027976748767821746
20321,20322,0.0002795643366092504
20322,20323,0.00027936184262733477
20323,20324,0.00027916000273497943
20324,20325,0.0002789588139503474
20325,20326,0.00027875827331313996
20326,20327,0.00027855837788470783
20327,20328,0.0002783591247408901
20328,20329,0.00027816051097911965
20329,20330,0.00027796253371770163
20330,20331,0.00027776519008926304
20331,20332,0.0002775684772475806
20332,20333,0.00027737239236624855
20333,20334,0.00027717693263340504
20334,20335,0.0002769820952581159
20335,20336,0.00027678787746560074
20336,20337,0.0002765942765022289
20337,20338,0.00027640128962741484
20338,20339,0.0002762089141203905
20339,20340,0.00027601714727981674
20340,20341,0.00027582598641751055
20341,20342,0.00027563542886432923
20342,20343,0.00027544547197028146
20343,20344,0.00027525611309797693
20344,20345,0.0002750673496287881
20345,20346,0.0002748791789628502
20346,20347,0.0002746915985124554
20347,20348,0.0002745046057088807
20348,20349,0.0002743181979985021
20349,20350,0.00027413237284601433
20350,20351,0.0002739471277283245
20351,20352,0.00027376246013982586
20352,20353,0.00027357836759300813
20353,20354,0.00027339484761140787
20354,20355,0.0002732118977362141
20355,20356,0.0002730295155260465
20356,20357,0.0002728476985503492
20357,20358,0.0002726664443955529
20358,20359,0.00027248575066568526
20359,20360,0.00027230561497493255
20360,20361,0.0002721260349543564
20361,20362,0.0002719470082515607
20362,20363,0.0002717685325248076
20363,20364,0.000271590605449179
20364,20365,0.0002714132247126355
20365,20366,0.0002712363880202351
20366,20367,0.00027106009308663914
20367,20368,0.00027088433764266284
20368,20369,0.0002707091194352751
20369,20370,0.000270534436220049
20370,20371,0.00027036028576937765
20371,20372,0.000270186665870642
20372,20373,0.0002700135743202714
20373,20374,0.0002698410089306824
20374,20375,0.000269668967528669
20375,20376,0.00026949744795101704
20376,20377,0.00026932644804844585
20377,20378,0.0002691559656877174
20378,20379,0.00026898599874330964
20379,20380,0.00026881654510568787
20380,20381,0.0002686476026764195
20381,20382,0.0002684791693722266
20382,20383,0.00026831124311832433
20383,20384,0.0002681438218538057
20384,20385,0.00026797690353280723
20385,20386,0.0002678104861167374
20386,20387,0.00026764456758154864
20387,20388,0.00026747914591684907
20388,20389,0.000267314219120518
20389,20390,0.0002671497852037019
20390,20391,0.00026698584219142507
20391,20392,0.0002668223881165943
20392,20393,0.0002666594210257722
20393,20394,0.0002664969389759575
20394,20395,0.0002663349400380266
20395,20396,0.00026617342229012797
20396,20397,0.0002660123838236772
20397,20398,0.000265851822743135
20398,20399,0.00026569173715979
20399,20400,0.00026553212519786484
20400,20401,0.0002653729849949604
20401,20402,0.00026521431469478385
20402,20403,0.0002650561124539763
20403,20404,0.00026489837644189107
20404,20405,0.00026474110483420965
20405,20406,0.0002645842958192146
20406,20407,0.00026442794759790056
20407,20408,0.0002642720583766467
20408,20409,0.00026411662637554345
20409,20410,0.000263961649823341
20410,20411,0.00026380712696139064
20411,20412,0.0002636530560371497
20412,20413,0.0002634994353098441
20413,20414,0.0002633462630508565
20414,20415,0.00026319353753728736
20415,20416,0.00026304125705772785
20416,20417,0.0002628894199126486
20417,20418,0.0002627380244081823
20418,20419,0.00026258706886184147
20419,20420,0.0002624365516024074
20420,20421,0.0002622864709646011
20421,20422,0.0002621368252938572
20422,20423,0.0002619876129472676
20423,20424,0.0002618388322870868
20424,20425,0.0002616904816869492
20425,20426,0.00026154255952881567
20426,20427,0.00026139506420586045
20427,20428,0.0002612479941165313
20428,20429,0.00026110134766976767
20429,20430,0.0002609551232856666
20430,20431,0.0002608093193889327
20431,20432,0.00026066393441492863
20432,20433,0.0002605189668095642
20433,20434,0.00026037441502368974
20434,20435,0.00026023027751820305
20435,20436,0.0002600865527647711
20436,20437,0.00025994323923927976
20437,20438,0.00025980033542860603
20438,20439,0.00025965783982684343
20439,20440,0.00025951575093857704
20440,20441,0.00025937406727277734
20441,20442,0.0002592327873487399
20442,20443,0.0002590919096950306
20443,20444,0.0002589514328453224
20444,20445,0.00025881135534233657
20445,20446,0.0002586716757389529
20446,20447,0.000258532392592159
20447,20448,0.0002583935044683239
20448,20449,0.0002582550099439196
20449,20450,0.0002581169075985823
20450,20451,0.0002579791960221067
20451,20452,0.00025784187381366896
20452,20453,0.0002577049395757758
20453,20454,0.00025756839192137004
20454,20455,0.0002574322294692788
20455,20456,0.0002572964508484876
20456,20457,0.00025716105469120176
20457,20458,0.00025702603963900783
20458,20459,0.0002568914043425963
20459,20460,0.0002567571474559882
20460,20461,0.00025662326764208654
20461,20462,0.0002564897635733421
20462,20463,0.0002563566339244816
20463,20464,0.0002562238773801129
20464,20465,0.0002560914926331148
20465,20466,0.00025595947837947497
20466,20467,0.0002558278333242292
20467,20468,0.0002556965561808511
20468,20469,0.00025556564566575624
20469,20470,0.00025543510050496376
20470,20471,0.00025530491942948874
20471,20472,0.0002551751011796166
20472,20473,0.00025504564449863043
20473,20474,0.0002549165481380289
20474,20475,0.0002547878108578039
20475,20476,0.00025465943142050085
20476,20477,0.0002545314085971029
20477,20478,0.0002544037411669753
20478,20479,0.0002542764279116483
20479,20480,0.0002541494676210343
20480,20481,0.00025402285909348343
20481,20482,0.0002538966011293997
20482,20483,0.0002537706925379579
20483,20484,0.0002536451321331068
20484,20485,0.0002535199187376769
20485,20486,0.0002533950511767191
20486,20487,0.00025327052828294505
20487,20488,0.0002531463488970598
20488,20489,0.0002530225118621554
20489,20490,0.000252899016028707
20490,20491,0.0002527758602551833
20491,20492,0.00025265304340232886
20492,20493,0.00025253056433777177
20493,20494,0.0002524084219378553
20494,20495,0.0002522866150799219
20495,20496,0.00025216514264958523
20496,20497,0.0002520440035393423
20497,20498,0.00025192319664407714
20498,20499,0.0002518027208666118
20499,20500,0.00025168257511382075
20500,20501,0.0002515627583007385
20501,20502,0.00025144326934423145
20502,20503,0.00025132410716827147
20503,20504,0.00025120527070443543
20504,20505,0.0002510867588852994
20505,20506,0.00025096857065137756
20506,20507,0.0002508507049497899
20507,20508,0.00025073316072954377
20508,20509,0.00025061593694664097
20509,20510,0.00025049903256380013
20510,20511,0.0002503824465460158
20511,20512,0.00025026617786433336
20512,20513,0.00025015022549734756
20513,20514,0.0002500345884249855
20514,20515,0.0002499192656344462
20515,20516,0.00024980425611681456
20516,20517,0.00024968955887078037
20517,20518,0.0002495751728959772
20518,20519,0.00024946109719897747
20519,20520,0.00024934733079340354
20520,20521,0.0002492338726934884
20521,20522,0.0002491207219202929
20522,20523,0.00024900787750192777
20523,20524,0.0002488953384670589
20524,20525,0.0002487831038512356
20525,20526,0.00024867117269655736
20526,20527,0.000248559544046012
20527,20528,0.0002484482169498592
20528,20529,0.0002483371904614118
20529,20530,0.0002482264636415876
20530,20531,0.0002481160355518597
20531,20532,0.00024800590525991817
20532,20533,0.0002478960718402812
20533,20534,0.0002477865343679664
20534,20535,0.00024767729192420873
20535,20536,0.0002475683435970155
20536,20537,0.00024745968847444955
20537,20538,0.000247351325651346
20538,20539,0.0002472432542284797
20539,20540,0.0002471354733073472
20540,20541,0.0002470279819956067
20541,20542,0.00024692077940707824
20542,20543,0.00024681386465602584
20543,20544,0.00024670723686354146
20544,20545,0.0002466008951536036
20545,20546,0.0002464948386569077
20546,20547,0.00024638906650464865
20547,20548,0.0002462835778337946
20548,20549,0.0002461783717875865
20549,20550,0.0002460734475093762
20550,20551,0.0002459688041486219
20551,20552,0.0002458644408605548
20552,20553,0.0002457603568007949
20553,20554,0.00024565655113067963
20554,20555,0.0002455530230175973
20555,20556,0.0002454497716289916
20556,20557,0.00024534679613813504
20557,20558,0.0002452440957240176
20558,20559,0.000245141669565907
20559,20560,0.00024503951684928804
20560,20561,0.0002449376367623657
20561,20562,0.0002448360284994511
20562,20563,0.0002447346912550774
20563,20564,0.00024463362422944
20564,20565,0.0002445328266281743
20565,20566,0.0002444322976570823
20566,20567,0.00024433203652735047
20567,20568,0.00024423204245593855
20568,20569,0.0002441323146596952
20569,20570,0.00024403285236063166
20570,20571,0.00024393365478675433
20571,20572,0.00024383472116568106
20572,20573,0.0002437360507311359
20573,20574,0.0002436376427190634
20574,20575,0.00024353949637151429
20575,20576,0.00024344161093042826
20576,20577,0.00024334398564301862
20577,20578,0.0002432466197617722
20578,20579,0.00024314951253889827
20579,20580,0.00024305266323221275
20580,20581,0.00024295607110447204
20581,20582,0.00024285973541815498
20582,20583,0.0002427636554411805
20583,20584,0.0002426678304466301
20584,20585,0.0002425722597069746
20585,20586,0.000242476942500236
20586,20587,0.00024238187810943224
20587,20588,0.00024228706581685966
20588,20589,0.00024219250491119837
20589,20590,0.0002420981946827383
20590,20591,0.000242004134427376
20591,20592,0.000241910323440786
20592,20593,0.00024181676102374983
20593,20594,0.00024172344648165645
20594,20595,0.0002416303791198393
20595,20596,0.00024153755824829481
20596,20597,0.0002414449831822374
20597,20598,0.00024135265323621535
20598,20599,0.00024126056772955096
20599,20600,0.00024116872598678452
20600,20601,0.00024107712733167919
20601,20602,0.00024098577109277208
20602,20603,0.00024089465660376286
20603,20604,0.00024080378319740747
20604,20605,0.00024071315021217954
20605,20606,0.00024062275698794044
20606,20607,0.00024053260287026923
20607,20608,0.0002404426872040233
20608,20609,0.00024035300933866743
20609,20610,0.00024026356862849596
20610,20611,0.000240174364427026
20611,20612,0.00024008539609243762
20612,20613,0.0002399966629879069
20613,20614,0.00023990816447527763
20614,20615,0.00023981989992161168
20615,20616,0.00023973186869818974
20616,20617,0.00023964407017579292
20617,20618,0.0002395565037301428
20618,20619,0.00023946916873862634
20619,20620,0.000239382064584015
20620,20621,0.0002392951906479701
20621,20622,0.00023920854631676036
20622,20623,0.00023912213098103985
20623,20624,0.00023903594403101858
20624,20625,0.00023894998486084784
20625,20626,0.0002388642528694529
20626,20627,0.0002387787474548153
20627,20628,0.00023869346801941305
20628,20629,0.00023860841396994292
20629,20630,0.0002385235847123246
20630,20631,0.0002384389796568076
20631,20632,0.00023835459821797134
20632,20633,0.00023827043980961804
20633,20634,0.00023818650385032392
20634,20635,0.0002381027897598864
20635,20636,0.00023801929696348756
20636,20637,0.00023793602488481058
20637,20638,0.00023785297295186858
20638,20639,0.00023777014059750412
20639,20640,0.0002376875272526724
20640,20641,0.0002376051323533246
20641,20642,0.00023752295533913115
20642,20643,0.00023744099564881882
20643,20644,0.00023735925272555525
20644,20645,0.00023727772601639385
20645,20646,0.00023719641496744437
20646,20647,0.00023711531902892435
20647,20648,0.0002370344376552147
20648,20649,0.00023695377029953058
20649,20650,0.00023687331641980558
20650,20651,0.00023679307547513906
20651,20652,0.00023671304692940431
20652,20653,0.00023663323024514238
20653,20654,0.00023655362488927967
20654,20655,0.0002364742303322398
20655,20656,0.00023639504604389128
20656,20657,0.0002363160714975443
20657,20658,0.00023623730617094996
20658,20659,0.00023615874954041605
20659,20660,0.00023608040108646922
20660,20661,0.00023600226029318883
20661,20662,0.00023592432664382157
20662,20663,0.00023584659962599952
20663,20664,0.00023576907872818742
20664,20665,0.00023569176344390153
20665,20666,0.0002356146532647707
20666,20667,0.0002355377476865872
20667,20668,0.00023546104620914
20668,20669,0.0002353845483307193
20669,20670,0.00023530825355355667
20670,20671,0.00023523216138388037
20671,20672,0.0002351562713263089
20672,20673,0.00023508058288934652
20673,20674,0.00023500509558566085
20674,20675,0.0002349298089260876
20675,20676,0.00023485472242545935
20676,20677,0.00023477983560271642
20677,20678,0.00023470514797468978
20678,20679,0.00023463065906331737
20679,20680,0.00023455636839075922
20680,20681,0.0002344822754840603
20681,20682,0.0002344083798685448
20682,20683,0.00023433468107325606
20683,20684,0.00023426117863095675
20684,20685,0.00023418787207318825
20685,20686,0.00023411476093476713
20686,20687,0.00023404184475472878
20687,20688,0.00023396912307005469
20688,20689,0.00023389659542177865
20689,20690,0.00023382426135459822
20690,20691,0.00023375212041149007
20691,20692,0.00023368017213915016
20692,20693,0.00023360841608793814
20693,20694,0.00023353685180677042
20694,20695,0.00023346547884850466
20695,20696,0.00023339429676699774
20696,20697,0.00023332330512004784
20697,20698,0.00023325250346400983
20698,20699,0.00023318189135890233
20699,20700,0.0002331114683680191
20700,20701,0.00023304123405337718
20701,20702,0.00023297118798026872
20702,20703,0.00023290132971781619
20703,20704,0.00023283165883325463
20704,20705,0.00023276217489748285
20705,20706,0.00023269287748478584
20706,20707,0.0002326237661680608
20707,20708,0.00023255484052397968
20708,20709,0.0002324861001299916
20709,20710,0.000232417544567598
20710,20711,0.00023234917341657946
20711,20712,0.00023228098626015825
20712,20713,0.00023221298268510937
20713,20714,0.00023214516227643145
20714,20715,0.0002320775246225648
20715,20716,0.00023201006931539148
20716,20717,0.0002319427959449616
20717,20718,0.00023187570410498903
20718,20719,0.00023180879339240734
20719,20720,0.0002317420634024292
20720,20721,0.00023167551373354245
20721,20722,0.0002316091439880097
20722,20723,0.00023154295376576206
20723,20724,0.00023147694267111607
20724,20725,0.0002314111103087768
20725,20726,0.00023134545628716863
20726,20727,0.00023127998021316154
20727,20728,0.00023121468169695625
20728,20729,0.00023114956035180656
20729,20730,0.00023108461578946748
20730,20731,0.00023101984762480265
20731,20732,0.00023095525547622842
20732,20733,0.00023089083895988516
20733,20734,0.00023082659769563252
20734,20735,0.00023076253130638325
20735,20736,0.00023069863941321822
20736,20737,0.0002306349216406045
20737,20738,0.0002305713776161733
20738,20739,0.0002305080069655019
20739,20740,0.0002304448093184419
20740,20741,0.0002303817843047895
20741,20742,0.00023031893155822658
20742,20743,0.00023025625071082523
20743,20744,0.0002301937413974886
20744,20745,0.00023013140325661707
20745,20746,0.00023006923592450157
20746,20747,0.00023000723904065268
20747,20748,0.00022994541224791165
20748,20749,0.00022988375518712134
20749,20750,0.0002298222675021222
20750,20751,0.00022976094884014087
20751,20752,0.00022969979884635006
20752,20753,0.00022963881716969725
20753,20754,0.00022957800345929646
20754,20755,0.0002295173573682585
20755,20756,0.00022945687854730723
20756,20757,0.00022939656665066366
20757,20758,0.00022933642133554644
20758,20759,0.0002292764422571203
20759,20760,0.00022921662907349205
20760,20761,0.00022915698144643226
20761,20762,0.00022909749903499144
20762,20763,0.00022903818150188382
20763,20764,0.00022897902851259921
20764,20765,0.00022892003973062902
20765,20766,0.00022886121482262878
20766,20767,0.00022880255345825162
20767,20768,0.00022874405530509678
20768,20769,0.00022868572003442722
20769,20770,0.00022862754731772794
20770,20771,0.00022856953682998116
20771,20772,0.00022851168824422619
20772,20773,0.00022845400123638893
20773,20774,0.00022839647548567044
20774,20775,0.0002283391106689403
20775,20776,0.00022828190646612123
20776,20777,0.00022822486256024455
20777,20778,0.00022816797863212113
20778,20779,0.00022811125436561497
20779,20780,0.0002280546894476987
20780,20781,0.00022799828356295793
20781,20782,0.00022794203639914246
20782,20783,0.00022788594764699965
20783,20784,0.00022783001699500094
20784,20785,0.00022777424413522596
20785,20786,0.00022771862875986537
20786,20787,0.0002276631705647736
20787,20788,0.0002276078692432515
20788,20789,0.00022755272449209718
20789,20790,0.00022749773601055123
20790,20791,0.00022744290349585583
20791,20792,0.00022738822664830627
20792,20793,0.00022733370517108442
20793,20794,0.00022727933876487416
20794,20795,0.00022722512713363452
20795,20796,0.0002271710699842111
20796,20797,0.00022711716702106255
20797,20798,0.00022706341795203366
20798,20799,0.00022700982248541335
20799,20800,0.00022695638033254362
20800,20801,0.0002269030912028791
20801,20802,0.00022684995480831693
20802,20803,0.0002267969708641404
20803,20804,0.00022674413908307933
20804,20805,0.00022669145918069455
20805,20806,0.00022663893087560005
20806,20807,0.00022658655388402282
20807,20808,0.00022653432792502093
20808,20809,0.00022648225272070555
20809,20810,0.00022643032799052332
20810,20811,0.00022637855345725155
20811,20812,0.00022632692884599903
20812,20813,0.00022627545388009818
20813,20814,0.000226224128285768
20814,20815,0.00022617295178950503
20815,20816,0.00022612192412119203
20816,20817,0.00022607104500838027
20817,20818,0.00022602031418128554
20818,20819,0.00022596973137301024
20819,20820,0.00022591929631454732
20820,20821,0.00022586900873933224
20821,20822,0.00022581886838368703
20822,20823,0.0002257688749818798
20823,20824,0.00022571902827056567
20824,20825,0.00022566932798950834
20825,20826,0.000225619773875807
20826,20827,0.00022557036566961397
20827,20828,0.00022552110311369056
20828,20829,0.00022547198594846662
20829,20830,0.00022542301391781372
20830,20831,0.0002253741867652148
20831,20832,0.0002253255042377611
20832,20833,0.00022527696608010128
20833,20834,0.0002252285720395486
20834,20835,0.00022518032186624737
20835,20836,0.00022513221530773286
20836,20837,0.000225084252114649
20837,20838,0.00022503643204002666
20838,20839,0.00022498875483467629
20839,20840,0.00022494122025201735
20840,20841,0.00022489382804818936
20841,20842,0.0002248465779771669
20842,20843,0.0002247994697957556
20843,20844,0.00022475250326103868
20844,20845,0.00022470567813304143
20845,20846,0.00022465899416967972
20846,20847,0.00022461245113114536
20847,20848,0.00022456604878073883
20848,20849,0.00022451978687909602
20849,20850,0.0002244736651895174
20850,20851,0.00022442768347818998
20851,20852,0.00022438184150846974
20852,20853,0.00022433613904676575
20853,20854,0.00022429057586192958
20854,20855,0.0002242451517203703
20855,20856,0.00022419986639143907
20856,20857,0.000224154719646541
20857,20858,0.00022410971125519374
20858,20859,0.00022406484098991264
20859,20860,0.0002240201086228244
20860,20861,0.00022397551392966397
20861,20862,0.00022393105668327973
20862,20863,0.00022388673665951764
20863,20864,0.0002238425536363886
20864,20865,0.00022379850739001617
20865,20866,0.00022375459769852224
20866,20867,0.00022371082434313738
20867,20868,0.00022366718710226108
20868,20869,0.0002236236857571794
20869,20870,0.00022358032009150985
20870,20871,0.00022353708988653853
20871,20872,0.0002234939949260495
20872,20873,0.00022345103499660235
20873,20874,0.00022340820988187016
20874,20875,0.0002233655193693007
20875,20876,0.0002233229632452871
20876,20877,0.00022328054130010822
20877,20878,0.0002232382533209898
20878,20879,0.0002231960990981552
20879,20880,0.0002231540784239372
20880,20881,0.00022311219108861469
20881,20882,0.00022307043688463146
20882,20883,0.0002230288156073179
20883,20884,0.00022298732704906232
20884,20885,0.0002229459710052506
20885,20886,0.0002229047472736001
20886,20887,0.00022286365564921917
20887,20888,0.0002228226959303803
20888,20889,0.0002227818679152449
20889,20890,0.000222741171404639
20890,20891,0.00022270060619739018
20891,20892,0.00022266017209443545
20892,20893,0.00022261986889937635
20893,20894,0.00022257969641331643
20894,20895,0.0002225396544396907
20895,20896,0.00022249974278476525
20896,20897,0.00022245996125186407
20897,20898,0.0002224203096470867
20898,20899,0.00022238078777891968
20899,20900,0.00022234139545335152
20900,20901,0.00022230213247881325
20901,20902,0.0002222629986662339
20902,20903,0.00022222399382393343
20903,20904,0.000222185117763396
20904,20905,0.00022214637029566164
20905,20906,0.00022210775123493454
20906,20907,0.0002220692603926988
20907,20908,0.0002220308975829366
20908,20909,0.00022199266262218353
20909,20910,0.00022195455532436625
20910,20911,0.00022191657550579835
20911,20912,0.00022187872298540245
20912,20913,0.00022184099757927012
20913,20914,0.00022180339910626845
20914,20915,0.0002217659273874295
20915,20916,0.00022172858224139835
20916,20917,0.000221691363488985
20917,20918,0.0002216542709538305
20918,20919,0.00022161730445663386
20919,20920,0.0002215804638214247
20920,20921,0.00022154374887140005
20921,20922,0.00022150715943319854
20922,20923,0.00022147069533073882
20923,20924,0.00022143435639004894
20924,20925,0.00022139814244009903
20925,20926,0.00022136205330680614
20926,20927,0.0002213260888186963
20927,20928,0.0002212902488067381
20928,20929,0.0002212545330993465
20929,20930,0.000221218941526935
20930,20931,0.0002211834739229146
20931,20932,0.00022114813011764323
20932,20933,0.00022111290994453192
20933,20934,0.00022107781323665865
20934,20935,0.00022104283983026551
20935,20936,0.00022100798955837497
20936,20937,0.0002209732622570626
20937,20938,0.00022093865776429134
20938,20939,0.00022090417591569267
20939,20940,0.00022086981654911853
20940,20941,0.00022083557950491883
20941,20942,0.00022080146462072348
20942,20943,0.0002207674717364938
20943,20944,0.0002207336006948002
20944,20945,0.0002206998513351599
20945,20946,0.00022066622349986575
20946,20947,0.0002206327170333755
20947,20948,0.00022059933177748237
20948,20949,0.00022056606757692165
20949,20950,0.0002205329242760956
20950,20951,0.00022049990172223755
20951,20952,0.00022046699975986073
20952,20953,0.00022043421823597642
20953,20954,0.00022040155699981634
20954,20955,0.00022036901589805868
20955,20956,0.0002203365947795466
20956,20957,0.00022030429349573222
20957,20958,0.00022027211189523666
20958,20959,0.00022024004982890144
20959,20960,0.00022020810715023265
20960,20961,0.00022017628370979425
20961,20962,0.0002201445793604262
20962,20963,0.00022011299395774397
20963,20964,0.0002200815273540324
20964,20965,0.00022005017940501803
20965,20966,0.0002200189499656502
20966,20967,0.00021998783889393136
20967,20968,0.00021995684604508847
20968,20969,0.00021992597127656888
20969,20970,0.00021989521444842897
20970,20971,0.00021986457541772753
20971,20972,0.00021983405404402134
20972,20973,0.00021980365018903214
20973,20974,0.00021977336371198364
20974,20975,0.00021974319447415347
20975,20976,0.0002197131423394838
20976,20977,0.00021968320716880818
20977,20978,0.00021965338882601326
20978,20979,0.0002196236871744861
20979,20980,0.00021959410208061136
20980,20981,0.0002195646334077761
20981,20982,0.00021953528102186537
20982,20983,0.0002195060447910402
20983,20984,0.00021947692458068602
20984,20985,0.00021944792025840876
20985,20986,0.0002194190316942568
20986,20987,0.0002193902587555585
20987,20988,0.00021936160131180715
20988,20989,0.00021933305923477198
20989,20990,0.0002193046323936132
20990,20991,0.000219276320659767
20991,20992,0.00021924812390672344
20992,20993,0.00021922004200558565
20993,20994,0.00021919207483001024
20994,20995,0.00021916422225320975
20995,20996,0.0002191364841513943
20996,20997,0.00021910886039772093
20997,20998,0.00021908135086795566
20998,20999,0.00021905395543980744
20999,21000,0.0002190266739885982
21000,21001,0.0002189995063914263
21001,21002,0.00021897245252827657
21002,21003,0.00021894551227574777
21003,21004,0.00021891868551310312
21004,21005,0.00021889197212188183
21005,21006,0.00021886537198057
21006,21007,0.00021883888497009618
21007,21008,0.00021881251097372045
21008,21009,0.00021878624987176076
21009,21010,0.00021876010154742165
21010,21011,0.00021873406588346356
21011,21012,0.00021870814276525596
21012,21013,0.00021868233207561483
21013,21014,0.0002186566336993545
21014,21015,0.00021863104752384288
21015,21016,0.0002186055734333947
21016,21017,0.00021858021131465621
21017,21018,0.0002185549610566606
21018,21019,0.00021852982254533249
21019,21020,0.00021850479566920544
21020,21021,0.000218479880318867
21021,21022,0.0002184550763820181
21022,21023,0.0002184303837493573
21023,21024,0.00021840580231086149
21024,21025,0.00021838133195944964
21025,21026,0.00021835697258515419
21026,21027,0.00021833272408022797
21027,21028,0.00021830858633908878
21028,21029,0.0002182845592536009
21029,21030,0.0002182606427175715
21030,21031,0.00021823683662725024
21031,21032,0.00021821314087588917
21032,21033,0.00021818955535912732
21033,21034,0.00021816607997471316
21034,21035,0.0002181427146176751
21035,21036,0.000218119459185262
21036,21037,0.0002180963135767766
21037,21038,0.0002180732776888572
21038,21039,0.00021805035142102858
21039,21040,0.00021802753467198288
21040,21041,0.00021800482734318782
21041,21042,0.0002179822293336131
21042,21043,0.0002179597405440603
21043,21044,0.0002179373608778845
21044,21045,0.00021791509023522115
21045,21046,0.0002178929285188147
21046,21047,0.000217870875633297
21047,21048,0.00021784893148074636
21048,21049,0.00021782709596518401
21049,21050,0.00021780536899301817
21050,21051,0.00021778375046777043
21051,21052,0.00021776224029512736
21052,21053,0.00021774083838299596
21053,21054,0.00021771954463650767
21054,21055,0.00021769835896345846
21055,21056,0.00021767728127114472
21056,21057,0.00021765631146941633
21057,21058,0.00021763544946556967
21058,21059,0.00021761469516895504
21059,21060,0.00021759404849092112
21060,21061,0.00021757350934042963
21061,21062,0.00021755307762816312
21062,21063,0.00021753275326724664
21063,21064,0.00021751253616786315
21064,21065,0.00021749242624258258
21065,21066,0.00021747242340575124
21066,21067,0.00021745252756938394
21067,21068,0.00021743273864771595
21068,21069,0.0002174130565547605
21069,21070,0.00021739348120719537
21070,21071,0.00021737401251853417
21071,21072,0.00021735465040495505
21072,21073,0.00021733539478446806
21073,21074,0.00021731624557236318
21074,21075,0.0002172972026860398
21075,21076,0.00021727826604506228
21076,21077,0.00021725943556633043
21077,21078,0.00021724071116863142
21078,21079,0.0002172220927730284
21079,21080,0.00021720358029797548
21080,21081,0.00021718517366353662
21081,21082,0.0002171668727925513
21082,21083,0.0002171486776045839
21083,21084,0.0002171305880221408
21084,21085,0.0002171126039668958
21085,21086,0.00021709472536352026
21086,21087,0.00021707695213357692
21087,21088,0.00021705928420084897
21088,21089,0.00021704172149145107
21089,21090,0.00021702426392827823
21090,21091,0.00021700691143677897
21091,21092,0.0002169896639442892
21092,21093,0.00021697252137536926
21093,21094,0.00021695548365674444
21094,21095,0.00021693855071719392
21095,21096,0.00021692172248277686
21096,21097,0.00021690499888166181
21097,21098,0.00021688837984407128
21098,21099,0.00021687186529739666
21099,21100,0.00021685545517191596
21100,21101,0.00021683914939685245
21101,21102,0.00021682294790464907
21102,21103,0.00021680685062447358
21103,21104,0.00021679085748776972
21104,21105,0.00021677496842814614
21105,21106,0.00021675918337643596
21106,21107,0.00021674350226535966
21107,21108,0.00021672792502996918
21108,21109,0.0002167124516023744
21109,21110,0.0002166970819168501
21110,21111,0.00021668181590978053
21111,21112,0.00021666665351477432
21112,21113,0.00021665159466793815
21113,21114,0.00021663663930482358
21114,21115,0.0002166217873637577
21115,21116,0.00021660703878007004
21116,21117,0.00021659239349125503
21117,21118,0.00021657785143708308
21118,21119,0.00021656341255404943
21119,21120,0.00021654907678125834
21120,21121,0.00021653484405959045
21121,21122,0.00021652071432726183
21122,21123,0.00021650668752448698
21123,21124,0.00021649276359358982
21124,21125,0.0002164789424741742
21125,21126,0.0002164652241077869
21126,21127,0.0002164516084381951
21127,21128,0.00021643809540616843
21128,21129,0.00021642468495547407
21129,21130,0.00021641137702865798
21130,21131,0.00021639817157148578
21131,21132,0.00021638506852666994
21132,21133,0.00021637206783875484
21133,21134,0.00021635916945483835
21134,21135,0.0002163463733187987
21135,21136,0.00021633367937695658
21136,21137,0.00021632108757729807
21137,21138,0.0002163085978653112
21138,21139,0.00021629621018848244
21139,21140,0.00021628392449629663
21140,21141,0.0002162717407355741
21141,21142,0.0002162596588549115
21142,21143,0.00021624767880540352
21143,21144,0.0002162358005349807
21144,21145,0.00021622402399434915
21145,21146,0.0002162123491334933
21146,21147,0.00021620077590511766
21147,21148,0.00021618930425892913
21148,21149,0.00021617793414696607
21149,21150,0.0002161666655230432
21150,21151,0.00021615549833842174
21151,21152,0.00021614443254625026
21152,21153,0.00021613346810167577
21153,21154,0.00021612260495740276
21154,21155,0.00021611184306774556
21155,21156,0.00021610118238929443
21156,21157,0.00021609062287597514
21157,21158,0.00021608016448393386
21158,21159,0.00021606980716903923
21159,21160,0.00021605955088954687
21160,21161,0.00021604939560093683
21161,21162,0.0002160393412607986
21162,21163,0.00021602938782877557
21163,21164,0.00021601953526151352
21164,21165,0.00021600978351810074
21165,21166,0.00021600013255923534
21166,21167,0.0002159905823431174
21167,21168,0.00021598113282983444
21168,21169,0.00021597178398163885
21169,21170,0.00021596253575789648
21170,21171,0.00021595338811991605
21171,21172,0.00021594434103139326
21172,21173,0.00021593539445280419
21173,21174,0.00021592654834745595
21174,21175,0.00021591780267804506
21175,21176,0.0002159091574097105
21176,21177,0.0002159006125046492
21177,21178,0.00021589216792755606
21178,21179,0.00021588382364468028
21179,21180,0.00021587557961982862
21180,21181,0.00021586743581852863
21181,21182,0.00021585939220869488
21182,21183,0.00021585144875507778
21183,21184,0.00021584360542475922
21184,21185,0.00021583586218670847
21185,21186,0.00021582821900711924
21186,21187,0.00021582067585418363
21187,21188,0.00021581323269820318
21188,21189,0.00021580588950664836
21189,21190,0.00021579864624948764
21190,21191,0.00021579150289618987
21191,21192,0.0002157844594186109
21192,21193,0.00021577751578599758
21193,21194,0.00021577067196942856
21194,21195,0.0002157639279421475
21195,21196,0.00021575728367456692
21196,21197,0.0002157507391390978
21197,21198,0.00021574429431014952
21198,21199,0.00021573794915952238
21199,21200,0.00021573170366073757
21200,21201,0.00021572555778964775
21201,21202,0.00021571951151905244
21202,21203,0.00021571356482447124
21203,21204,0.00021570771768064656
21204,21205,0.00021570197006520742
21205,21206,0.00021569632195239663
21206,21207,0.00021569077331895503
21207,21208,0.00021568532414362185
21208,21209,0.00021567997440202769
21209,21210,0.0002156747240720791
21210,21211,0.00021566957313373658
21211,21212,0.0002156645215640185
21212,21213,0.00021565956934188613
21213,21214,0.0002156547164486322
21214,21215,0.00021564996286244087
21215,21216,0.00021564530856366115
21216,21217,0.00021564075353475154
21217,21218,0.00021563629775506188
21218,21219,0.00021563194120693963
21219,21220,0.000215627683871511
21220,21221,0.00021562352573312182
21221,21222,0.00021561946677278732
21222,21223,0.00021561550697363208
21223,21224,0.00021561164632111218
21224,21225,0.00021560788479746407
21225,21226,0.00021560422238725563
21226,21227,0.00021560065907694215
21227,21228,0.00021559719485014783
21228,21229,0.0002155938296925508
21229,21230,0.00021559056359193862
21230,21231,0.00021558739653310122
21231,21232,0.00021558432850299347
21232,21233,0.00021558135949056867
21233,21234,0.0002155784894818935
21234,21235,0.00021557571846575474
21235,21236,0.00021557304643010644
21236,21237,0.0002155704733654562
21237,21238,0.0002155679992597026
21238,21239,0.00021556562410246505
21239,21240,0.00021556334788580545
21240,21241,0.00021556117059839952
21241,21242,0.000215559092231421
21242,21243,0.000215557112777931
21243,21244,0.00021555523222810402
21244,21245,0.00021555345057411301
21245,21246,0.00021555176781035135
21246,21247,0.00021555018392815928
21247,21248,0.0002155486989215416
21248,21249,0.00021554731278383699
21249,21250,0.0002155460255109376
21250,21251,0.00021554483709601557
21251,21252,0.00021554374753396388
21252,21253,0.000215542756822118
21253,21254,0.0002155418649545937
21254,21255,0.00021554107192778282
21255,21256,0.00021554037774013102
21256,21257,0.00021553978238697535
21257,21258,0.00021553928586592885
21258,21259,0.00021553888817665845
21259,21260,0.00021553858931572245
21260,21261,0.00021553838928206615
21261,21262,0.00021553828807635567
21262,21263,0.00021553828569664812
21263,21264,0.0002155383821433876
21264,21265,0.00021553857741640758
21265,21266,0.0002155388715183726
21266,21267,0.00021553926444850546
21267,21268,0.0002155397562086936
21268,21269,0.0002155403468026007
21269,21270,0.00021554103623089294
21270,21271,0.00021554182449645687
21271,21272,0.0002155427116042885
21272,21273,0.0002155436975561642
21273,21274,0.00021554478235641383
21274,21275,0.00021554596601114362
21275,21276,0.00021554724852335116
21276,21277,0.00021554862989847656
21277,21278,0.00021555011014406933
21278,21279,0.0002155516892642373
21279,21280,0.0002155533672661969
21280,21281,0.00021555514415649846
21281,21282,0.00021555701994380172
21282,21283,0.00021555899463443495
21283,21284,0.00021556106823650278
21284,21285,0.00021556324076010824
21285,21286,0.00021556551221280085
21286,21287,0.00021556788260379545
21287,21288,0.00021557035194441632
21288,21289,0.00021557292024343422
21289,21290,0.00021557558751139627
21290,21291,0.00021557835376095902
21291,21292,0.00021558121900189242
21292,21293,0.00021558418324640893
21293,21294,0.00021558724650660999
21294,21295,0.00021559040879637337
21295,21296,0.00021559367012735642
21296,21297,0.00021559703051310386
21297,21298,0.00021560048996882575
21298,21299,0.0002156040485075117
21299,21300,0.0002156077061437056
21300,21301,0.00021561146289417188
21301,21302,0.00021561531877278828
21302,21303,0.00021561927379565304
21303,21304,0.00021562332798052974
21304,21305,0.00021562748134262844
21305,21306,0.0002156317338992686
21306,21307,0.00021563608566943504
21307,21308,0.0002156405366696701
21308,21309,0.00021564508691895856
21309,21310,0.00021564973643528607
21310,21311,0.00021565448523996888
21311,21312,0.00021565933335054854
21312,21313,0.00021566428078756417
21313,21314,0.00021566932757277613
21314,21315,0.0002156744737255023
21315,21316,0.00021567971926728102
21316,21317,0.0002156850642210939
21317,21318,0.00021569050860781314
21318,21319,0.0002156960524497542
21319,21320,0.00021570169577167508
21320,21321,0.00021570743859500308
21321,21322,0.00021571328094394104
21322,21323,0.00021571922284413514
21323,21324,0.00021572526431856698
21324,21325,0.00021573140539288271
21325,21326,0.00021573764609184032
21326,21327,0.0002157439864433064
21327,21328,0.00021575042647159481
21328,21329,0.00021575696620346196
21329,21330,0.00021576360566799568
21330,21331,0.00021577034489062008
21331,21332,0.00021577718389964584
21332,21333,0.000215784122725049
21333,21334,0.00021579116139391896
21334,21335,0.00021579829993545463
21335,21336,0.0002158055383810753
21336,21337,0.00021581287675909167
21337,21338,0.000215820315100701
21338,21339,0.0002158278534358793
21339,21340,0.0002158354917980443
21340,21341,0.00021584323021706098
21341,21342,0.00021585106872523685
21342,21343,0.00021585900735654473
21343,21344,0.000215867046142737
21344,21345,0.0002158751851168983
21345,21346,0.0002158834243147778
21346,21347,0.00021589176376890507
21347,21348,0.00021590020351403005
21348,21349,0.00021590874358701218
21349,21350,0.0002159173840214912
21350,21351,0.0002159261248538824
21351,21352,0.00021593496612171137
21352,21353,0.00021594390786072726
21353,21354,0.0002159529501084556
21354,21355,0.00021596209290186685
21355,21356,0.00021597133628115106
21356,21357,0.0002159806802829456
21357,21358,0.00021599012494610825
21358,21359,0.00021599967031216138
21359,21360,0.00021600931641874155
21360,21361,0.0002160190633064829
21361,21362,0.00021602891101757393
21362,21363,0.00021603885959153857
21363,21364,0.00021604890906989915
21364,21365,0.0002160590594965095
21365,21366,0.0002160693109116707
21366,21367,0.00021607966335879247
21367,21368,0.00021609011688239477
21368,21369,0.00021610067152477708
21369,21370,0.00021611132733057037
21370,21371,0.0002161220843438505
21371,21372,0.0002161329426111358
21372,21373,0.00021614390217661317
21373,21374,0.00021615496308580173
21374,21375,0.00021616612538677416
21375,21376,0.00021617738912482753
21376,21377,0.00021618875434703533
21377,21378,0.00021620022110269144
21378,21379,0.0002162117894383142
21379,21380,0.00021622345940230936
21380,21381,0.0002162352310455251
21381,21382,0.000216247104415479
21382,21383,0.0002162590795626862
21383,21384,0.00021627115653688467
21384,21385,0.00021628333539058797
21385,21386,0.000216295616172979
21386,21387,0.00021630799893601615
21387,21388,0.00021632048373321222
21388,21389,0.00021633307061574847
21389,21390,0.00021634575963613845
21390,21391,0.00021635855084978228
21391,21392,0.00021637144430874944
21392,21393,0.00021638444006732982
21393,21394,0.00021639753818203378
21394,21395,0.00021641073870626304
21395,21396,0.00021642404169563978
21396,21397,0.00021643744720822866
21397,21398,0.00021645095529843061
21398,21399,0.0002164645660243103
21399,21400,0.0002164782794424891
21400,21401,0.00021649209561247496
21401,21402,0.0002165060145911113
21402,21403,0.00021652003643723994
21403,21404,0.00021653416121159008
21404,21405,0.00021654838897244844
21405,21406,0.00021656271977987807
21406,21407,0.00021657715369616248
21407,21408,0.00021659169078092066
21408,21409,0.0002166063310953259
21409,21410,0.00021662107470343805
21410,21411,0.00021663592166598633
21411,21412,0.00021665087204569833
21412,21413,0.00021666592590785516
21413,21414,0.0002166810833145183
21414,21415,0.0002166963443307468
21415,21416,0.00021671170902048953
21416,21417,0.00021672717745091497
21417,21418,0.00021674274968586094
21418,21419,0.00021675842579171878
21419,21420,0.0002167742058367672
21420,21421,0.00021679008988628734
21421,21422,0.00021680607800800278
21422,21423,0.00021682217027163553
21423,21424,0.00021683836674391
21424,21425,0.00021685466749399307
21425,21426,0.00021687107259293903
21426,21427,0.0002168875821091376
21427,21428,0.00021690419611331002
21428,21429,0.00021692091467595542
21429,21430,0.0002169377378701265
21430,21431,0.0002169546657658783
21431,21432,0.0002169716984357084
21432,21433,0.00021698883595389074
21433,21434,0.00021700607839203467
21434,21435,0.00021702342582408107
21435,21436,0.00021704087832585817
21436,21437,0.00021705843597019658
21437,21438,0.00021707609883248047
21438,21439,0.0002170938669902034
21439,21440,0.00021711174051752824
21440,21441,0.00021712971949139348
21441,21442,0.0002171478039904029
21442,21443,0.00021716599409060677
21443,21444,0.00021718428987071992
21444,21445,0.00021720269140856896
21445,21446,0.0002172211987852002
21446,21447,0.0002172398120783292
21447,21448,0.0002172585313680031
21448,21449,0.00021727735673660042
21449,21450,0.0002172962882633911
21450,21451,0.00021731532603008752
21451,21452,0.00021733447012006746
21452,21453,0.00021735372061471026
21453,21454,0.00021737307759650548
21454,21455,0.00021739254115116236
21455,21456,0.00021741211136061533
21456,21457,0.00021743178830979648
21457,21458,0.00021745157208497012
21458,21459,0.0002174714627705132
21459,21460,0.00021749146045269008
21460,21461,0.00021751156521765402
21461,21462,0.00021753177715388983
21462,21463,0.00021755209634766182
21463,21464,0.00021757252288678863
21464,21465,0.00021759305686164243
21465,21466,0.00021761369835948674
21466,21467,0.00021763444747024963
21467,21468,0.00021765530428519142
21468,21469,0.00021767626889390712
21469,21470,0.00021769734138710195
21470,21471,0.00021771852185814566
21471,21472,0.00021773981039763246
21472,21473,0.00021776120709904312
21473,21474,0.00021778271205452615
21474,21475,0.00021780432536000482
21475,21476,0.00021782604710762765
21476,21477,0.00021784787739254075
21477,21478,0.00021786981631155555
21478,21479,0.00021789186395870797
21479,21480,0.00021791402043058739
21480,21481,0.00021793628582555957
21481,21482,0.00021795866023965882
21482,21483,0.0002179811437703627
21483,21484,0.00021800373651825744
21484,21485,0.00021802643858037651
21485,21486,0.00021804925005641795
21486,21487,0.0002180721710480782
21487,21488,0.00021809520165438911
21488,21489,0.00021811834197693614
21489,21490,0.00021814159211686057
21490,21491,0.0002181649521780793
21491,21492,0.00021818842226173363
21492,21493,0.0002182120024710743
21493,21494,0.00021823569291157252
21494,21495,0.00021825949368625697
21495,21496,0.00021828340489971065
21496,21497,0.00021830742665929215
21497,21498,0.0002183315590692514
21498,21499,0.00021835580223628082
21499,21500,0.00021838015626918228
21500,21501,0.0002184046212740931
21501,21502,0.00021842919735903799
21502,21503,0.00021845388463448412
21503,21504,0.00021847868320856723
21504,21505,0.00021850359319119939
21505,21506,0.00021852861469262574
21506,21507,0.00021855374782553394
21507,21508,0.00021857899269983605
21508,21509,0.0002186043494276646
21509,21510,0.0002186298181234836
21510,21511,0.00021865539889898145
21511,21512,0.000218681091867845
21512,21513,0.00021870689714653668
21513,21514,0.00021873281484796614
21514,21515,0.00021875884508804067
21515,21516,0.0002187849879844439
21516,21517,0.000218811243652417
21517,21518,0.0002188376122096436
21518,21519,0.0002188640937735853
21519,21520,0.0002188906884642572
21520,21521,0.0002189173963992319
21521,21522,0.00021894421769808048
21522,21523,0.00021897115248259436
21523,21524,0.00021899820087212252
21524,21525,0.00021902536298801234
21525,21526,0.00021905263895372062
21526,21527,0.0002190800288903727
21527,21528,0.00021910753292120333
21528,21529,0.00021913515117155669
21529,21530,0.0002191628837640014
21530,21531,0.00021919073082365959
21531,21532,0.00021921869247787384
21532,21533,0.00021924676885098915
21533,21534,0.00021927496007023706
21534,21535,0.0002193032662627381
21535,21536,0.00021933168755783328
21536,21537,0.00021936022408275413
21537,21538,0.00021938887596639756
21538,21539,0.000219417643340436
21539,21540,0.00021944652633354433
21540,21541,0.00021947552507683987
21541,21542,0.00021950463970343836
21542,21543,0.00021953387034434613
21543,21544,0.0002195632171321238
21544,21545,0.00021959268020199652
21545,21546,0.0002196222596864139
21546,21547,0.00021965195572049012
21547,21548,0.00021968176844067155
21548,21549,0.00021971169798196133
21549,21550,0.0002197417444810279
21550,21551,0.0002197719080748728
21551,21552,0.00021980218890305103
21552,21553,0.00021983258710245313
21553,21554,0.00021986310281219001
21554,21555,0.00021989373617381514
21555,21556,0.0002199244873262174
21556,21557,0.0002199553564103951
21557,21558,0.00021998634356978908
21558,21559,0.0002200174489451756
21559,21560,0.0002200486726794404
21560,21561,0.00022008001491846674
21561,21562,0.00022011147580425217
21562,21563,0.00022014305548290203
21563,21564,0.00022017475409930043
21564,21565,0.00022020657180155112
21565,21566,0.00022023850873487127
21566,21567,0.00022027056504703157
21567,21568,0.0002203027408878011
21568,21569,0.00022033503640483953
21569,21570,0.00022036745174758288
21570,21571,0.00022039998706802066
21571,21572,0.00022043264251558892
21572,21573,0.0002204654182419441
21573,21574,0.00022049831440096312
21574,21575,0.0002205313311440804
21575,21576,0.00022056446862517287
21576,21577,0.00022059772700022684
21577,21578,0.0002206311064224531
21578,21579,0.0002206646070485041
21579,21580,0.0002206982290339221
21580,21581,0.0002207319725379131
21581,21582,0.0002207658377163524
21582,21583,0.00022079982472789084
21583,21584,0.00022083393373339977
21584,21585,0.00022086816489119698
21585,21586,0.00022090251836204278
21586,21587,0.00022093699430869584
21587,21588,0.00022097159289169443
21588,21589,0.00022100631427390827
21589,21590,0.00022104115862009444
21590,21591,0.00022107612609323368
21591,21592,0.00022111121685797208
21592,21593,0.00022114643108173127
21593,21594,0.0002211817689291573
21594,21595,0.00022121723056767184
21595,21596,0.0002212528161646965
21596,21597,0.0002212885258905395
21597,21598,0.00022132435991273347
21598,21599,0.00022136031840092052
21599,21600,0.00022139640152796236
21600,21601,0.00022143260946327903
21601,21602,0.00022146894237939918
21602,21603,0.00022150540045073885
21603,21604,0.0002215419838492716
21604,21605,0.00022157869274952446
21605,21606,0.00022161552732824497
21606,21607,0.00022165248775996016
21607,21608,0.00022168957422152857
21608,21609,0.0002217267868901418
21609,21610,0.00022176412594554495
21610,21611,0.00022180159156504065
21611,21612,0.00022183918392837398
21612,21613,0.0002218769032178436
21613,21614,0.00022191474961275048
21614,21615,0.00022195272329528226
21615,21616,0.00022199082445018004
21616,21617,0.00022202905325885425
21617,21618,0.00022206740990615703
21618,21619,0.00022210589457860586
21619,21620,0.0002221445074607198
21620,21621,0.00022218324873890527
21621,21622,0.00022222211860267738
21622,21623,0.00022226111723844255
21623,21624,0.00022230024483604893
21624,21625,0.00022233950158467852
21625,21626,0.00022237888767695502
21626,21627,0.00022241840330239349
21627,21628,0.00022245804865361762
21628,21629,0.00022249782392524953
21629,21630,0.00022253772930957982
21630,21631,0.00022257776500145265
21631,21632,0.00022261793119815465
21632,21633,0.00022265822809419689
21633,21634,0.00022269865588708804
21634,21635,0.0002227392147764462
21635,21636,0.00022277990495922495
21636,21637,0.0002228207266355975
21637,21638,0.00022286168000740236
21638,21639,0.00022290276527470176
21639,21640,0.00022294398263988935
21640,21641,0.00022298533230580286
21641,21642,0.0002230268144779446
21642,21643,0.00022306842935948534
21643,21644,0.00022311017715581638
21644,21645,0.00022315205807532656
21645,21646,0.00022319407232374022
21646,21647,0.00022323622010900213
21647,21648,0.00022327850164216567
21648,21649,0.00022332091713128666
21649,21650,0.00022336346678719643
21650,21651,0.0002234061508235019
21651,21652,0.00022344896945070136
21652,21653,0.00022349192288317887
21653,21654,0.00022353501133454134
21654,21655,0.00022357823502183738
21655,21656,0.00022362159415911798
21656,21657,0.00022366508896398685
21657,21658,0.00022370871965560202
21658,21659,0.0002237524864511231
21659,21660,0.00022379638957059633
21660,21661,0.00022384042923606629
21661,21662,0.00022388460566735713
21662,21663,0.00022392891908695756
21663,21664,0.00022397336972013182
21664,21665,0.0002240179577892576
21665,21666,0.00022406268351971015
21666,21667,0.00022410754713919623
21667,21668,0.0002241525488730911
21668,21669,0.00022419768895021175
21669,21670,0.00022424296759859796
21670,21671,0.00022428838505017534
21671,21672,0.0002243339415339829
21672,21673,0.00022437963728161314
21673,21674,0.00022442547252787826
21674,21675,0.00022447144750437076
21675,21676,0.00022451756244623589
21676,21677,0.0002245638175902842
21677,21678,0.000224610213171883
21678,21679,0.00022465674942817593
21679,21680,0.0002247034265997483
21680,21681,0.00022475024492429885
21681,21682,0.00022479720464219088
21682,21683,0.00022484430599700733
21683,21684,0.00022489154922900045
21684,21685,0.00022493893458264136
21685,21686,0.000224986462301624
21686,21687,0.00022503413263319505
21687,21688,0.00022508194582204766
21688,21689,0.00022512990211576156
21689,21690,0.00022517800176469205
21690,21691,0.00022522624501630784
21691,21692,0.0002252746321214083
21692,21693,0.0002253231633331243
21693,21694,0.00022537183890247725
21694,21695,0.00022542065908282005
21695,21696,0.0002254696241310583
21696,21697,0.00022551873430076697
21697,21698,0.0002255679898491847
21698,21699,0.00022561739103388323
21699,21700,0.00022566693811520988
21700,21701,0.00022571663135140252
21701,21702,0.00022576647100369662
21702,21703,0.00022581645733532607
21703,21704,0.00022586659060819247
21704,21705,0.00022591687108608483
21705,21706,0.0002259672990362338
21706,21707,0.00022601787472331658
21707,21708,0.00022606859841456384
21708,21709,0.0002261194703804259
21709,21710,0.00022617049088857755
21710,21711,0.0002262216602099132
21711,21712,0.00022627297861799178
21712,21713,0.0002263244463839298
21713,21714,0.0002263760637825074
21714,21715,0.00022642783108806075
21715,21716,0.00022647974857903375
21716,21717,0.0002265318165306507
21717,21718,0.0002265840352217996
21718,21719,0.000226636404933811
21719,21720,0.0002266889259456839
21720,21721,0.00022674159853952602
21721,21722,0.0002267944230003316
21722,21723,0.00022684739961020828
21723,21724,0.00022690052865503851
21724,21725,0.0002269538104230362
21725,21726,0.00022700724520019477
21726,21727,0.0002270608332755053
21727,21728,0.00022711457494095644
21728,21729,0.0002271684704858723
21729,21730,0.00022722252020346279
21730,21731,0.00022727672438704882
21731,21732,0.00022733108333294894
21732,21733,0.00022738559733581631
21733,21734,0.00022744026669285766
21734,21735,0.00022749509170416626
21735,21736,0.00022755007266805904
21736,21737,0.00022760520988529542
21737,21738,0.00022766050365996549
21738,21739,0.0002277159542936058
21739,21740,0.00022777156209108362
21740,21741,0.0002278273273598197
21741,21742,0.00022788325040556945
21742,21743,0.0002279393315370859
21743,21744,0.00022799557106356616
21744,21745,0.00022805196929764904
21745,21746,0.00022810852654997493
21746,21747,0.0002281652431339598
21747,21748,0.00022822211936601722
21748,21749,0.00022827915556067335
21749,21750,0.00022833635203511893
21750,21751,0.00022839370911009738
21751,21752,0.00022845122710335453
21752,21753,0.000228508906336522
21753,21754,0.0002285667471337849
21754,21755,0.00022862474981744096
21755,21756,0.00022868291471267455
21756,21757,0.00022874124214777858
21757,21758,0.0002287997324490476
21758,21759,0.00022885838594610686
21759,21760,0.00022891720296902562
21760,21761,0.00022897618385187002
21761,21762,0.00022903532892581957
21762,21763,0.00022909463852571754
21763,21764,0.00022915411298929378
21764,21765,0.00022921375265250177
21765,21766,0.00022927355785395953
21766,21767,0.00022933352893561576
21767,21768,0.0002293936662376428
21768,21769,0.00022945397010254442
21769,21770,0.00022951444087715434
21770,21771,0.00022957507890508655
21771,21772,0.00022963588453372985
21772,21773,0.0002296968581138037
21773,21774,0.00022975799999325197
21774,21775,0.00022981931052468152
21775,21776,0.0002298807900603661
21776,21777,0.00022994243895646527
21777,21778,0.00023000425756725118
21778,21779,0.00023006624625010463
21779,21780,0.0002301284053657371
21780,21781,0.00023019073527275058
21781,21782,0.00023025323633307782
21782,21783,0.0002303159089116491
21783,21784,0.00023037875337150737
21784,21785,0.0002304417700793593
21785,21786,0.00023050495940457605
21786,21787,0.0002305683217147525
21787,21788,0.0002306318573815913
21788,21789,0.00023069556677679515
21789,21790,0.00023075945027639655
21790,21791,0.0002308235082536525
21791,21792,0.00023088774108626087
21792,21793,0.000230952149154251
21793,21794,0.00023101673283631996
21794,21795,0.0002310814925140514
21795,21796,0.00023114642857291479
21796,21797,0.00023121154139571498
21797,21798,0.00023127683136958677
21798,21799,0.00023134229888388536
21799,21800,0.0002314079443271888
21800,21801,0.00023147376809051767
21801,21802,0.00023153977056900032
21802,21803,0.00023160595215532265
21803,21804,0.0002316723132465004
21804,21805,0.0002317388542399934
21805,21806,0.0002318055755370363
21806,21807,0.00023187247753742035
21807,21808,0.0002319395606439345
21808,21809,0.0002320068252630314
21809,21810,0.00023207427179938733
21810,21811,0.00023214190066089824
21811,21812,0.00023220971225934584
21812,21813,0.00023227770700418038
21813,21814,0.00023234588530862688
21814,21815,0.00023241424758957407
21815,21816,0.00023248279426157925
21816,21817,0.00023255152574341853
21817,21818,0.00023262044245675462
21818,21819,0.00023268954482180693
21819,21820,0.0002327588332629027
21820,21821,0.00023282830820481326
21821,21822,0.00023289797007675084
21822,21823,0.0002329678193057072
21823,21824,0.00023303785632289298
21824,21825,0.00023310808156229434
21825,21826,0.00023317849545723135
21826,21827,0.0002332490984433555
21827,21828,0.0002333198909612033
21828,21829,0.00023339087344864673
21829,21830,0.0002334620463474435
21830,21831,0.00023353341010345918
21831,21832,0.0002336049651603389
21832,21833,0.00023367671196616868
21833,21834,0.00023374865096970066
21834,21835,0.00023382078262390582
21835,21836,0.0002338931073804229
21836,21837,0.0002339656256942213
21837,21838,0.0002340383380241562
21838,21839,0.0002341112448274174
21839,21840,0.00023418434656474751
21840,21841,0.0002342576437011079
21841,21842,0.0002343311366994616
21842,21843,0.00023440482602654633
21843,21844,0.00023447871215309668
21844,21845,0.00023455279554795982
21845,21846,0.00023462707668397975
21846,21847,0.00023470155603788623
21847,21848,0.00023477623408474368
21848,21849,0.00023485111130394642
21849,21850,0.00023492618817577693
21850,21851,0.00023500146518518061
21851,21852,0.00023507694281532654
21852,21853,0.00023515262155326955
21853,21854,0.00023522850189006128
21854,21855,0.00023530458431553214
21855,21856,0.00023538086932251012
21856,21857,0.0002354573574087082
21857,21858,0.000235534049069952
21858,21859,0.00023561094480606393
21859,21860,0.00023568804512064112
21860,21861,0.0002357653505160595
21861,21862,0.00023584286149869182
21862,21863,0.00023592057857879656
21863,21864,0.00023599850226485586
21864,21865,0.00023607663307090299
21865,21866,0.00023615497151108222
21866,21867,0.0002362335181043118
21867,21868,0.00023631227336884386
21868,21869,0.0002363912378260391
21869,21870,0.00023647041200169916
21870,21871,0.00023654979642062646
21871,21872,0.00023662939161128715
21872,21873,0.00023670919810614421
21873,21874,0.00023678921643699447
21874,21875,0.00023686944713907643
21875,21876,0.00023694989075206951
21876,21877,0.00023703054781432087
21877,21878,0.00023711141886906262
21878,21879,0.0002371925044605261
21879,21880,0.00023727380513771656
21880,21881,0.0002373553214485291
21881,21882,0.00023743705394518866
21882,21883,0.0002375190031836949
21883,21884,0.0002376011697193814
21884,21885,0.00023768355411146747
21885,21886,0.00023776615692350234
21886,21887,0.00023784897871814703
21887,21888,0.00023793202006183733
21888,21889,0.000238015281525783
21889,21890,0.00023809876367997251
21890,21891,0.0002381824670983912
21891,21892,0.00023826639235990932
21892,21893,0.00023835054004184286
21893,21894,0.0002384349107265038
21894,21895,0.00023851950499820251
21895,21896,0.0002386043234453572
21896,21897,0.00023868936665583096
21897,21898,0.00023877463522192777
21898,21899,0.00023886012974028148
21899,21900,0.00023894585080652675
21900,21901,0.00023903179902073912
21901,21902,0.00023911797498787912
21902,21903,0.00023920437931090888
21903,21904,0.0002392910125986747
21904,21905,0.00023937787546357558
21905,21906,0.00023946496851723342
21906,21907,0.00023955229237626607
21907,21908,0.00023963984766151025
21908,21909,0.00023972763499269245
21909,21910,0.0002398156549956454
21910,21911,0.0002399039082963128
21911,21912,0.00023999239552774387
21912,21913,0.00024008111732032322
21913,21914,0.0002401700743104307
21914,21915,0.00024025926713844292
21915,21916,0.00024034869644418144
21916,21917,0.00024043836287213072
21917,21918,0.0002405282670716602
21918,21919,0.0002406184096910291
21919,21920,0.0002407087913837147
21920,21921,0.0002407994128077462
21921,21922,0.00024089027462004253
21922,21923,0.00024098137748396198
21923,21924,0.00024107272206375097
21924,21925,0.00024116430902931807
21925,21926,0.00024125613905012777
21926,21927,0.0002413482128003075
21927,21928,0.00024144053095931373
21928,21929,0.0002415330942052707
21929,21930,0.00024162590322196476
21930,21931,0.00024171895869751214
21931,21932,0.00024181226132025113
21932,21933,0.0002419058117825168
21933,21934,0.0002419996107825284
21934,21935,0.000242093659017506
21935,21936,0.00024218795719010977
21936,21937,0.00024228250600755175
21937,21938,0.00024237730617682196
21938,21939,0.00024247235841101666
21939,21940,0.00024256766342445335
21940,21941,0.0002426632219378888
21941,21942,0.00024275903467174675
21942,21943,0.00024285510235078078
21943,21944,0.00024295142570596173
21944,21945,0.00024304800546715022
21945,21946,0.00024314484237020206
21946,21947,0.00024324193715530296
21947,21948,0.00024333929056308268
21948,21949,0.000243436903339167
21949,21950,0.00024353477623462183
21950,21951,0.00024363291000017995
21951,21952,0.00024373130539201426
21952,21953,0.0002438299631714047
21953,21954,0.00024392888409985325
21954,21955,0.00024402806894474605
21955,21956,0.00024412751847557868
21956,21957,0.00024422723346839703
21957,21958,0.0002443272146986919
21958,21959,0.0002444274629477272
21959,21960,0.000244527979002207
21960,21961,0.0002446287636487243
21961,21962,0.00024472981767931223
21962,21963,0.0002448311418923321
21963,21964,0.0002449327370852572
21964,21965,0.00024503460406144484
21965,21966,0.0002451367436302476
21966,21967,0.00024523915660068507
21967,21968,0.00024534184378854906
21968,21969,0.0002454448060116299
21969,21970,0.0002455480440948232
21970,21971,0.0002456515588623587
21971,21972,0.0002457553511450161
21972,21973,0.00024585942177901554
21973,21974,0.0002459637716005769
21974,21975,0.0002460684014526926
21975,21976,0.00024617331218290683
21976,21977,0.0002462785046402072
21977,21978,0.00024638397967902126
21978,21979,0.00024648973815977193
21979,21980,0.0002465957809431041
21980,21981,0.0002467021088961019
21981,21982,0.00024680872289140066
21982,21983,0.00024691562380241283
21983,21984,0.00024702281250899016
21984,21985,0.0002471302898944261
21985,21986,0.00024723805684800926
21986,21987,0.0002473461142604716
21987,21988,0.00024745446302798513
21988,21989,0.0002475631040531612
21989,21990,0.00024767203823949924
21990,21991,0.000247781266496383
21991,21992,0.00024789078973985745
21992,21993,0.00024800060888607867
21993,21994,0.00024811072485808605
21994,21995,0.0002482211385853583
21995,21996,0.0002483318509974852
21996,21997,0.0002484428630309399
21997,21998,0.00024855417562896776
21998,21999,0.00024866578973492537
21999,22000,0.0002487777062996077
22000,22001,0.0002488899262778066
22001,22002,0.000249002450630198
22002,22003,0.00024911528031978936
22003,22004,0.0002492284163153613
22004,22005,0.00024934185959268884
22005,22006,0.0002494556111284352
22006,22007,0.00024956967190603585
22007,22008,0.0002496840429158098
22008,22009,0.0002497987251486311
22009,22010,0.00024991371960325637
22010,22011,0.00025002902728399334
22011,22012,0.00025014464919748125
22012,22013,0.00025026058635713166
22013,22014,0.00025037683978035297
22014,22015,0.00025049341049254714
22015,22016,0.0002506102995196713
22016,22017,0.00025072750789534304
22017,22018,0.0002508450366600634
22018,22019,0.0002509628868557767
22019,22020,0.0002510810595310886
22020,22021,0.00025119955574270936
22021,22022,0.00025131837654801537
22022,22023,0.00025143752301193256
22023,22024,0.0002515569962066033
22024,22025,0.0002516767972059464
22025,22026,0.0002517969270909859
22026,22027,0.0002519173869501845
22027,22028,0.0002520381778735592
22028,22029,0.00025215930095967565
22029,22030,0.00025228075731076327
22030,22031,0.00025240254803782225
22031,22032,0.000252524674253074
22032,22033,0.00025264713707662256
22033,22034,0.0002527699376365655
22034,22035,0.00025289307706211073
22035,22036,0.00025301655649101473
22036,22037,0.00025314037706780645
22037,22038,0.0002532645399403455
22038,22039,0.0002533890462629307
22039,22040,0.00025351389719874273
22040,22041,0.0002536390939124056
22041,22042,0.0002537646375770919
22042,22043,0.00025389052937341283
22043,22044,0.0002540167704845331
22044,22045,0.00025414336210216604
22045,22046,0.0002542703054230211
22046,22047,0.00025439760165235636
22047,22048,0.00025452525199842757
22048,22049,0.0002546532576768179
22049,22050,0.00025478161991210335
22050,22051,0.00025491033993096934
22051,22052,0.000255039418968539
22052,22053,0.00025516885826859514
22053,22054,0.00025529865907725213
22054,22055,0.00025542882264895095
22055,22056,0.00025555935024701437
22056,22057,0.0002556902431373187
22057,22058,0.00025582150259528813
22058,22059,0.00025595312990123187
22059,22060,0.00025608512634511804
22060,22061,0.00025621749322013443
22061,22062,0.00025635023182757344
22062,22063,0.00025648334347816437
22063,22064,0.00025661682948519005
22064,22065,0.0002567506911715922
22065,22066,0.00025688492986830624
22066,22067,0.00025701954691048634
22067,22068,0.00025715454364139134
22068,22069,0.0002572899214143831
22069,22070,0.000257425681585044
22070,22071,0.00025756182551905926
22071,22072,0.0002576983545911071
22072,22073,0.00025783527017952945
22073,22074,0.000257972573672105
22074,22075,0.0002581102664630519
22075,22076,0.00025824834995735735
22076,22077,0.0002583868255626731
22077,22078,0.00025852569469697606
22078,22079,0.00025866495878723583
22079,22080,0.000258804619264863
22080,22081,0.0002589446775704829
22081,22082,0.0002590851351551571
22082,22083,0.00025922599347305564
22083,22084,0.00025936725398900684
22084,22085,0.00025950891817727584
22085,22086,0.0002596509875166797
22086,22087,0.0002597934634955834
22087,22088,0.0002599363476130101
22088,22089,0.0002600796413719797
22089,22090,0.00026022334628661437
22090,22091,0.0002603674638776976
22091,22092,0.00026051199567711514
22092,22093,0.00026065694322197075
22093,22094,0.00026080230805858307
22094,22095,0.00026094809174481703
22095,22096,0.0002610942958429785
22096,22097,0.00026124092192558734
22097,22098,0.0002613879715767098
22098,22099,0.00026153544638440884
22099,22100,0.0002616833479480718
22100,22101,0.00026183167787796613
22101,22102,0.0002619804377893553
22102,22103,0.00026212962930916017
22103,22104,0.0002622792540720731
22104,22105,0.0002624293137246658
22105,22106,0.00026257980991895025
22106,22107,0.0002627307443178184
22107,22108,0.00026288211859615274
22108,22109,0.0002630339344337207
22109,22110,0.0002631861935220581
22110,22111,0.000263338897564358
22111,22112,0.00026349204826925376
22112,22113,0.00026364564735748
22113,22114,0.0002637996965610956
22114,22115,0.0002639541976183768
22115,22116,0.00026410915227925713
22116,22117,0.0002642645623061046
22117,22118,0.0002644204294667274
22118,22119,0.0002645767555425893
22119,22120,0.0002647335423230368
22120,22121,0.0002648907916115162
22121,22122,0.0002650485052168028
22122,22123,0.0002652066849607726
22123,22124,0.0002653653326778471
22124,22125,0.00026552445020844306
22125,22126,0.00026568403940641083
22126,22127,0.0002658441021379243
22127,22128,0.00026600464027604076
22128,22129,0.0002661656557069181
22129,22130,0.00026632715032959275
22130,22131,0.00026648912605009567
22131,22132,0.0002666515847877804
22132,22133,0.00026681452847532316
22133,22134,0.0002669779590522836
22134,22135,0.0002671418784729873
22135,22136,0.0002673062887013078
22136,22137,0.0002674711917158845
22137,22138,0.0002676365895024624
22138,22139,0.00026780248406099716
22139,22140,0.0002679688774053224
22140,22141,0.00026813577155693213
22141,22142,0.00026830316855153136
22142,22143,0.00026847107043859175
22143,22144,0.00026863947927657783
22144,22145,0.0002688083971373878
22145,22146,0.00026897782610779686
22146,22147,0.0002691477682830179
22147,22148,0.0002693182257735849
22148,22149,0.000269489200701023
22149,22150,0.0002696606952027336
22150,22151,0.0002698327114247778
22151,22152,0.00027000525152809374
22152,22153,0.0002701783176892736
22153,22154,0.00027035191209301423
22154,22155,0.00027052603694044386
22155,22156,0.0002707006944471235
22156,22157,0.00027087588683893937
22157,22158,0.00027105161635665453
22158,22159,0.0002712278852571304
22159,22160,0.0002714046958068872
22160,22161,0.0002715820502884325
22161,22162,0.00027175995100015005
22162,22163,0.00027193840025063754
22163,22164,0.0002721174003657012
22164,22165,0.00027229695368313767
22165,22166,0.0002724770625595063
22166,22167,0.00027265772936035937
22167,22168,0.0002728389564686795
22168,22169,0.00027302074628443584
22169,22170,0.00027320310121825564
22170,22171,0.0002733860236974195
22171,22172,0.00027356951616697156
22172,22173,0.00027375358108316927
22173,22174,0.0002739382209194785
22174,22175,0.0002741234381666846
22175,22176,0.00027430923532767437
22176,22177,0.00027449561492265406
22177,22178,0.0002746825794905927
22178,22179,0.0002748701315811175
22179,22180,0.0002750582737637286
22180,22181,0.0002752470086225811
22181,22182,0.00027543633876125906
22182,22183,0.00027562626679478175
22183,22184,0.0002758167953584856
22184,22185,0.0002760079271049154
22185,22186,0.0002761996647007159
22186,22187,0.0002763920108314055
22187,22188,0.0002765849682010435
22188,22189,0.0002767785395280109
22189,22190,0.0002769727275495626
22190,22191,0.0002771675350231595
22191,22192,0.00027736296471925215
22192,22193,0.00027755901942994043
22193,22194,0.0002777557019630894
22194,22195,0.0002779530151483245
22195,22196,0.0002781509618291489
22196,22197,0.00027834954486971597
22197,22198,0.0002785487671551623
22198,22199,0.0002787486315851684
22199,22200,0.00027894914108050894
22200,22201,0.000279150298583275
22201,22202,0.00027935210705076763
22202,22203,0.0002795545694618262
22203,22204,0.00027975768881716156
22204,22205,0.0002799614681330276
22205,22206,0.00028016591044743855
22206,22207,0.00028037101882172344
22207,22208,0.0002805767963320882
22208,22209,0.00028078324607883065
22209,22210,0.0002809903711814554
22210,22211,0.0002811981747828929
22211,22212,0.0002814066600430598
22212,22213,0.0002816158301454097
22213,22214,0.0002818256882964887
22214,22215,0.00028203623772038444
22215,22216,0.00028224748166516545
22216,22217,0.00028245942340310304
22217,22218,0.0002826720662241211
22218,22219,0.00028288541344245743
22219,22220,0.0002830994683978849
22220,22221,0.0002833142344473849
22221,22222,0.00028352971497380697
22222,22223,0.0002837459133855358
22223,22224,0.0002839628331092747
22224,22225,0.0002841804775983725
22225,22226,0.0002843988503289374
22226,22227,0.00028461795480305696
22227,22228,0.0002848377945435798
22228,22229,0.0002850583730993339
22229,22230,0.0002852796940461255
22230,22231,0.00028550176097996705
22231,22232,0.0002857245775244044
22232,22233,0.000285948147330517
22233,22234,0.0002861724740699234
22234,22235,0.0002863975614425529
22235,22236,0.00028662341317675644
22236,22237,0.0002868500330219792
22237,22238,0.00028707742475730935
22238,22239,0.0002873055921873702
22239,22240,0.00028753453914620586
22240,22241,0.0002877642694902871
22241,22242,0.00028799478710661575
22242,22243,0.00028822609591117043
22243,22244,0.00028845819984357757
22244,22245,0.0002886911028741057
22245,22246,0.0002889248090033325
22246,22247,0.0002891593222562605
22247,22248,0.00028939464668853443
22248,22249,0.00028963078638799544
22249,22250,0.0002898677454667986
22250,22251,0.00029010552806929546
22251,22252,0.000290344138372145
22252,22253,0.0002905835805775414
22253,22254,0.0002908238589214296
22254,22255,0.0002910649776691754
22255,22256,0.00029130694112000644
22256,22257,0.0002915497536000178
22257,22258,0.00029179341946961035
22258,22259,0.0002920379431232689
22259,22260,0.00029228332898290077
22260,22261,0.00029252958150616237
22261,22262,0.00029277670518490506
22262,22263,0.00029302470454029006
22263,22264,0.00029327358412911675
22264,22265,0.00029352334854415574
22265,22266,0.00029377400240804263
22266,22267,0.00029402555038027245
22267,22268,0.0002942779971570886
22268,22269,0.0002945313474654876
22269,22270,0.00029478560607121285
22270,22271,0.0002950407777744246
22271,22272,0.0002952968674136969
22272,22273,0.0002955538798607993
22273,22274,0.00029581182002558215
22274,22275,0.0002960706928583079
22275,22276,0.00029633050334165745
22276,22277,0.0002965912564989459
22277,22278,0.0002968529573939005
22278,22279,0.00029711561112466534
22279,22280,0.00029737922283024076
22280,22281,0.0002976437976923707
22281,22282,0.000297909340927216
22282,22283,0.0002981758577944582
22283,22284,0.0002984433535933029
22284,22285,0.0002987118336668093
22285,22286,0.00029898130339489626
22286,22287,0.00029925176820178034
22287,22288,0.0002995232335560871
22288,22289,0.00029979570496541097
22289,22290,0.0003000691879813111
22290,22291,0.00030034368820275326
22291,22292,0.0003006192112672279
22292,22293,0.00030089576285941
22293,22294,0.00030117334871104795
22294,22295,0.0003014519745947464
22295,22296,0.00030173164633129357
22296,22297,0.00030201236978999457
22297,22298,0.00030229415088267597
22298,22299,0.00030257699557090234
22299,22300,0.0003028609098628676
22300,22301,0.00030314589981839113
22301,22302,0.0003034319715407019
22302,22303,0.0003037191311850984
22303,22304,0.0003040073849587266
22304,22305,0.00030429673911458455
22305,22306,0.00030458719995862804
22306,22307,0.0003048787738504366
22307,22308,0.00030517146719688526
22308,22309,0.00030546528645969406
22309,22310,0.0003057602381556501
22310,22311,0.00030605632885027934
22311,22312,0.00030635356516617307
22312,22313,0.000306651953782211
22313,22314,0.00030695150142801
22314,22315,0.0003072522148921397
22315,22316,0.000307554101018237
22316,22317,0.00030785716671011265
22317,22318,0.00030816141892375803
22318,22319,0.00030846686467667084
22319,22320,0.00030877351104707795
22320,22321,0.0003090813651681623
22321,22322,0.00030939043423539037
22322,22323,0.0003097007255076223
22323,22324,0.0003100122463005617
22324,22325,0.00031032500399363894
22325,22326,0.0003106390060326758
22326,22327,0.00031095425992100356
22327,22328,0.0003112707732300102
22328,22329,0.0003115885535942553
22329,22330,0.00031190760871724343
22330,22331,0.0003122279463634303
22331,22332,0.00031254957436721575
22332,22333,0.0003128725006329436
22333,22334,0.0003131967331293506
22334,22335,0.00031352227989578374
22335,22336,0.0003138491490447537
22336,22337,0.00031417734875505143
22337,22338,0.0003145068872789647
22338,22339,0.0003148377729442764
22339,22340,0.00031517001414615997
22340,22341,0.00031550361935783755
22341,22342,0.0003158385971289146
22342,22343,0.0003161749560798288
22343,22344,0.0003165127049117311
22344,22345,0.0003168518524009345
22345,22346,0.0003171924074060195
22346,22347,0.00031753437885961855
22347,22348,0.00031787777577707566
22348,22349,0.00031822260725777873
22349,22350,0.0003185688824778321
22350,22351,0.00031891661069916033
22351,22352,0.00031926580127028537
22352,22353,0.00031961646361922114
22353,22354,0.0003199686072632435
22354,22355,0.00032032224180889024
22355,22356,0.00032067737694529974
22356,22357,0.0003210340224534258
22357,22358,0.00032139218820748106
22358,22359,0.0003217518841669431
22359,22360,0.000322113120387546
22360,22361,0.00032247590701639517
22361,22362,0.0003228402542985176
22362,22363,0.00032320617256964557
22363,22364,0.0003235736722647653
22364,22365,0.00032394276391922716
22365,22366,0.00032431345816263946
22366,22367,0.0003246857657271951
22367,22368,0.0003250596974492259
22368,22369,0.00032543526426320746
22369,22370,0.0003258124772094195
22370,22371,0.0003261913474364997
22371,22372,0.0003265718861946709
22372,22373,0.00032695410484495646
22373,22374,0.00032733801485640424
22374,22375,0.000327723627811527
22375,22376,0.000328110955400307
22376,22377,0.00032850000942841184
22377,22378,0.0003288908018180825
22378,22379,0.00032928334460402553
22379,22380,0.0003296776499398524
22380,22381,0.00033007373010196517
22381,22382,0.00033047159748100796
22382,22383,0.0003308712645935241
22383,22384,0.0003312727440816232
22384,22385,0.0003316760487082071
22385,22386,0.0003320811913645194
22386,22387,0.0003324881850738093
22387,22388,0.00033289704298422595
22388,22389,0.00033330777837881076
22389,22390,0.00033372040467261055
22390,22391,0.000334134935419117
22391,22392,0.0003345513843040493
22392,22393,0.00033496976515423604
22393,22394,0.00033539009193961355
22394,22395,0.00033581237876756376
22395,22396,0.000336236639892018
22396,22397,0.0003366628897162327
22397,22398,0.0003370911427859058
22398,22399,0.00033752141379950196
22399,22400,0.00033795371761025095
22400,22401,0.00033838806922026343
22401,22402,0.00033882448379074503
22402,22403,0.00033926297664255145
22403,22404,0.0003397035632535239
22404,22405,0.0003401462592655946
22405,22406,0.00034059108048545284
22406,22407,0.0003410380428885418
22407,22408,0.0003414871626158389
22408,22409,0.00034193845598129435
22409,22410,0.00034239193947604996
22410,22411,0.0003428476297619998
22411,22412,0.00034330554368244837
22412,22413,0.0003437656982641091
22413,22414,0.00034422811071266324
22414,22415,0.0003446927984226411
22415,22416,0.00034515977897908723
22416,22417,0.0003456290701545628
22417,22418,0.00034610068991802745
22418,22419,0.00034657465643461727
22419,22420,0.0003470509880716399
22420,22421,0.0003475297033941338
22421,22422,0.0003480108211750821
22422,22423,0.00034849436039863235
22423,22424,0.0003489803402539904
22424,22425,0.00034946878014785465
22425,22426,0.0003499596997071919
22426,22427,0.0003504531187732418
22427,22428,0.0003509490574147289
22428,22429,0.00035144753592875055
22429,22430,0.00035194857483800135
22430,22431,0.0003524521949013204
22431,22432,0.0003529584171170219
22432,22433,0.0003534672627183433
22433,22434,0.0003539787531869898
22434,22435,0.00035449291024947094
22435,22436,0.00035500975588753647
22436,22437,0.00035552931233284735
22437,22438,0.0003560516020783
22438,22439,0.00035657664788257826
22439,22440,0.00035710447276526835
22440,22441,0.0003576351000196265
22441,22442,0.0003581685532160206
22442,22443,0.0003587048561990436
22443,22444,0.00035924403309872677
22444,22445,0.00035978610833575786
22445,22446,0.000360331106616818
22446,22447,0.00036087905294845957
22447,22448,0.0003614299726406589
22448,22449,0.0003619838913038187
22449,22450,0.00036254083486197963
22450,22451,0.0003631008295537086
22451,22452,0.0003636639019404253
22452,22453,0.00036423007890429293
22453,22454,0.0003647993876598754
22454,22455,0.00036537185576068776
22455,22456,0.00036594751109586543
22456,22457,0.0003665263819031539
22457,22458,0.00036710849677579205
22458,22459,0.0003676938846581823
22459,22460,0.00036828257486232197
22460,22461,0.00036887459707091175
22461,22462,0.00036946998133724485
22462,22463,0.00037006875809897366
22463,22464,0.0003706709581806633
22464,22465,0.0003712766128034506
22465,22466,0.00037188575358415576
22466,22467,0.0003724984125491604
22467,22468,0.0003731146221414017
22468,22469,0.00037373441521937334
22469,22470,0.00037435782507200255
22470,22471,0.00037498488542575537
22471,22472,0.00037561563044408164
22472,22473,0.0003762500947428471
22473,22474,0.000376888313398549
22474,22475,0.00037753032194642877
22475,22476,0.00037817615639823554
22476,22477,0.00037882585325010876
22477,22478,0.0003794794494811349
22478,22479,0.0003801369825734424
22479,22480,0.00038079849051275705
22480,22481,0.0003814640118047219
22481,22482,0.0003821335854738983
22482,22483,0.00038280725108097435
22483,22484,0.0003834850487327568
22484,22485,0.0003841670190836144
22485,22486,0.0003848532033523533
22486,22487,0.00038554364333431845
22487,22488,0.00038623838140094957
22488,22489,0.0003869374605207643
22489,22490,0.00038764092426890606
22490,22491,0.0003883488168291427
22491,22492,0.00038906118301529347
22492,22493,0.0003897780682812213
22493,22494,0.00039049951872427435
22494,22495,0.0003912255811070464
22495,22496,0.0003919563028637052
22496,22497,0.000392691732118311
22497,22498,0.0003934319176880363
22498,22499,0.00039417690910470427
22499,22500,0.00039492675662855525
22500,22501,0.00039568151125246587
22501,22502,0.00039644122472615173
22502,22503,0.00039720594956893507
22503,22504,0.000397975739076295
22504,22505,0.00039875064734384846
22505,22506,0.0003995307292828931
22506,22507,0.0004003160406264028
22507,22508,0.0004011066379556727
22508,22509,0.00040190257871142165
22509,22510,0.00040270392121510845
22510,22511,0.0004035107246773695
22511,22512,0.00040432304922544127
22512,22513,0.0004051409559187036
22513,22514,0.00040596450676155804
22514,22515,0.00040679376472851914
22515,22516,0.0004076287937864187
22516,22517,0.00040846965890273257
22517,22518,0.0004093164260769999
22518,22519,0.0004101691623615844
22519,22520,0.00041102793587288744
22520,22521,0.0004118928158244328
22521,22522,0.0004127638725474059
22522,22523,0.0004136411775069737
22523,22524,0.0004145248033338156
22524,22525,0.000415414823844551
22525,22526,0.00041631131407182664
22526,22527,0.00041721435027985976
22527,22528,0.0004181240100002981
22528,22529,0.00041904037205875433
22529,22530,0.00041996351659423503
22530,22531,0.00042089352509544486
22531,22532,0.0004218304804318729
22532,22533,0.00042277446687299935
22533,22534,0.00042372557012870793
22534,22535,0.0004246838773821482
22535,22536,0.00042564947731060787
22536,22537,0.00042662246013080996
22537,22538,0.0004276029176313312
22538,22539,0.00042859094319958047
22539,22540,0.00042958663186776214
22540,22541,0.00043059008034374013
22541,22542,0.0004316013870567792
22542,22543,0.00043262065218496737
22543,22544,0.0004336479777055091
22544,22545,0.0004346834674370248
22545,22546,0.0004357272270720802
22546,22547,0.0004367793642301443
22547,22548,0.0004378399885045514
22548,22549,0.00043890921149847273
22549,22550,0.0004399871468814265
22550,22551,0.00044107391044068134
22551,22552,0.00044216962012044725
22552,22553,0.00044327439608649044
22553,22554,0.0004443883607719856
22554,22555,0.00044551163894046564
22555,22556,0.0004466443577314516
22556,22557,0.00044778664672939783
22557,22558,0.0004489386380239768
22558,22559,0.00045010046626281497
22559,22560,0.0004512722687252113
22560,22561,0.00045245418538975013
22561,22562,0.00045364635899103334
22562,22563,0.00045484893510105984
22563,22564,0.00045606206220205614
22564,22565,0.0004572858917507583
22565,22566,0.00045852057826689663
22566,22567,0.00045976627941146653
22567,22568,0.00046102315606078026
22568,22569,0.0004622913724015021
22569,22570,0.00046357109601169455
22570,22571,0.00046486249795973933
22571,22572,0.00046616575288493944
22572,22573,0.00046748103910465577
22573,22574,0.0004688085387160035
22574,22575,0.0004701484376867793
22575,22576,0.00047150092597358917
22576,22577,0.00047286619763231563
22577,22578,0.00047424445092136835
22578,22579,0.00047563588843058113
22579,22580,0.0004770407172036695
22580,22581,0.0004784591488526946
22581,22582,0.00047989139970139316
22582,22583,0.00048133769091929235
22583,22584,0.0004827982486510507
22584,22585,0.0004842733041743319
22585,22586,0.0004857630940424684
22586,22587,0.0004872678602485525
22587,22588,0.0004887878503723186
22588,22589,0.0004903233177608879
22589,22590,0.0004918745217019627
22590,22591,0.0004934417275905822
22591,22592,0.0004950252071298511
22592,22593,0.0004966252385223413
22593,22594,0.000498242106661273
22594,22595,0.0004998761033486732
22595,22596,0.0005015275275147557
22596,22597,0.0005031966854278647
22597,22598,0.0005048838909444964
22598,22599,0.0005065894657421133
22599,22600,0.0005083137395802684
22600,22601,0.0005100570505495172
22601,22602,0.0005118197453568563
22602,22603,0.0005136021796091628
22603,22604,0.0005154047180968568
22604,22605,0.0005172277351140897
22605,22606,0.0005190716147768226
22606,22607,0.0005209367513475671
22607,22608,0.0005228235495920996
22608,22609,0.0005247324251427266
22609,22610,0.0005266638048644356
22610,22611,0.0005286181272581292
22611,22612,0.000530595842874737
22612,22613,0.0005325974147283308
22613,22614,0.0005346233187590865
22614,22615,0.0005366740442902529
22615,22616,0.00053875009452653
22616,22617,0.0005408519870472306
22617,22618,0.000542980254353731
22618,22619,0.0005451354444253598
22619,22620,0.0005473181212897194
22620,22621,0.000549528865645077
22621,22622,0.0005517682754985209
22622,22623,0.0005540369668223244
22623,22624,0.0005563355742652654
22624,22625,0.0005586647518882604
22625,22626,0.0005610251739198713
22626,22627,0.000563417535575983
22627,22628,0.0005658425539074585
22628,22629,0.0005683009686754392
22629,22630,0.0005707935432991418
22630,22631,0.0005733210658281918
22631,22632,0.0005758843499827915
22632,22633,0.0005784842362228648
22633,22634,0.0005811215929015789
22634,22635,0.0005837973174668276
22635,22636,0.0005865123377124526
22636,22637,0.0005892676131226127
22637,22638,0.0005920641362785473
22638,22639,0.0005949029343238488
22639,22640,0.0005977850705431997
22640,22641,0.0006007116460119422
22641,22642,0.000603683801325472
22642,22643,0.0006067027184586404
22643,22644,0.0006097696227034266
22644,22645,0.0006128857847420566
22645,22646,0.000616052522814825
22646,22647,0.0006192712050462346
22647,22648,0.0006225432518980334
22648,22649,0.0006258701387569232
22649,22650,0.0006292533987072302
22650,22651,0.0006326946254667787
22651,22652,0.0006361954764859679
22652,22653,0.0006397576762784407
22653,22654,0.0006433830199488177
22654,22655,0.0006470733769350367
22655,22656,0.0006508306950271381
22656,22657,0.0006546570046395139
22657,22658,0.000658554423354607
22658,22659,0.0006625251608110005
22659,22660,0.0006665715238999281
22660,22661,0.0006706959223481412
22661,22662,0.0006749008746673724
22662,22663,0.0006791890145667612
22663,22664,0.0006835630978129226
22664,22665,0.0006880260095825097
22665,22666,0.0006925807723968669
22666,22667,0.0006972305546399937
22667,22668,0.0007019786797166638
22668,22669,0.0007068286359561693
22669,22670,0.0007117840872834513
22670,22671,0.0007168488847297816
22671,22672,0.000722027078912113
22672,22673,0.0007273229335296172
22673,22674,0.0007327409399728868
22674,22675,0.0007382858332161124
22675,22676,0.0007439626090517404
22676,22677,0.0007497765428652325
22677,22678,0.0007557332100536218
22678,22679,0.000761838508340329
22679,22680,0.0007680986821259062
22680,22681,0.0007745203491149599
22681,22682,0.0007811105295174592
22682,22683,0.000787876678076449
22683,22684,0.0007948267192430247
22684,22685,0.0008019690859374373
22685,22686,0.0008093127622695873
22686,22687,0.0008168673307130669
22687,22688,0.0008246430243480374
22688,22689,0.0008326507847558062
22689,22690,0.0008409023263621362
22690,22691,0.0008494102080324195
22691,22692,0.0008581879129891945
22692,22693,0.0008672499381499055
22693,22694,0.0008766118942240553
22694,22695,0.0008862906182111052
22695,22696,0.0008963043000783655
22696,22697,0.0009066726257865865
22697,22698,0.0009174169392850429
22698,22699,0.0009285604264513969
22699,22700,0.0009401283245805692
22700,22701,0.0009521481617950078
22701,22702,0.0009646500314908213
22702,22703,0.0009776669080430178
22703,22704,0.000991235011388869
22704,22705,0.001005394229587342
22705,22706,0.001020188610660222
22706,22707,0.0010356669374689265
22707,22708,0.0010518834028301338
22708,22709,0.0010688984061072437
22709,22710,0.0010867794979982914
22710,22711,0.0011056025073298281
22711,22712,0.0011254528927098217
22712,22713,0.0011464273740798836
22713,22714,0.0011686359154542414
22714,22715,0.0011922041517233861
22715,22716,0.0012172763820960109
22716,22717,0.0012440192935919692
22717,22718,0.0012726266347165005
22718,22719,0.0013033251399040546
22719,22720,0.0013363821207937887
22720,22721,0.0013721153084721438
22721,22722,0.0014109057808956438
22722,22723,0.0014532151878774435
22723,22724,0.0014996090717369626
22724,22725,0.0015507890096667643
22725,22726,0.0016076378156911764
22726,22727,0.0016712845786790442
22727,22728,0.0017432007256904525
22728,22729,0.0018253462838331291
22729,22730,0.0019204006422083308
22730,22731,0.0020321423878679745
22731,22732,0.002166107453640209
22732,22733,0.002330804418707033
22733,22734,0.0025401484215925585
22734,22735,0.002818890373474936
22735,22736,0.003216709477041002
22736,22737,0.0038544390386425764
22737,22738,0.005159146891415167
22738,22739,0.010722759099269119
