sample,new_tt,full_tt,new_east8_clock,full_east8_clock,new_clock_basis,full_clock_basis,interval_tt_minutes,interval_bin_start_minute,lunar_day,full_clock_hour,full_clock_time,hours_from_day14_midnight,hour_bin_start_from_day14
1,1926-10-06T22:13:31.972,1926-10-21T05:15:27.117,1926-10-07T06:13:07.810+08:00,1926-10-21T13:15:02.949+08:00,UT1_estimate+08:00,UT1_estimate+08:00,20581.919079465526,20581,15,13,13:15:02.949,37.250819166666645,37
2,1926-11-05T14:34:40.430,1926-11-19T16:21:21.285,1926-11-05T22:34:16.256+08:00,1926-11-20T00:20:57.105+08:00,UT1_estimate+08:00,UT1_estimate+08:00,20266.68092385707,20266,16,0,00:20:57.105,48.34919583333334,48
3,1926-12-05T06:11:50.015,1926-12-19T06:09:02.886,1926-12-05T14:11:25.828+08:00,1926-12-19T14:08:38.694+08:00,UT1_estimate+08:00,UT1_estimate+08:00,20157.21451830326,20157,15,14,14:08:38.694,38.14408166666664,38
4,1927-01-03T20:28:10.781,1927-01-17T22:27:05.999,1927-01-04T04:27:46.582+08:00,1927-01-18T06:26:41.795+08:00,UT1_estimate+08:00,UT1_estimate+08:00,20278.920296726574,20278,15,6,06:26:41.795,30.44494305555554,30
5,1927-02-02T08:54:28.348,1927-02-16T16:18:19.148,1927-02-02T16:54:04.138+08:00,1927-02-17T00:17:54.932+08:00,UT1_estimate+08:00,UT1_estimate+08:00,20603.84666205503,20603,16,0,00:17:54.932,48.298592222222226,48
6,1927-03-03T19:24:57.123,1927-03-18T10:24:25.634,1927-03-04T03:24:32.902+08:00,1927-03-18T18:24:01.408+08:00,UT1_estimate+08:00,UT1_estimate+08:00,21059.475181183898,21059,15,18,18:24:01.408,42.400391111111105,42
7,1927-04-02T04:24:24.335,1927-04-17T03:35:37.026,1927-04-02T12:24:00.103+08:00,1927-04-17T11:35:12.789+08:00,UT1_estimate+08:00,UT1_estimate+08:00,21551.2115180808,21551,16,11,11:35:12.789,59.58688583333338,59
8,1927-05-01T12:39:59.110,1927-05-16T19:03:00.349,1927-05-01T20:39:34.867+08:00,1927-05-17T03:02:36.101+08:00,UT1_estimate+08:00,UT1_estimate+08:00,21983.02065539776,21983,17,3,03:02:36.101,75.04336138888891,75
9,1927-05-30T21:06:09.733,1927-06-15T08:19:35.205,1927-05-31T05:05:45.480+08:00,1927-06-15T16:19:10.947+08:00,UT1_estimate+08:00,UT1_estimate+08:00,22273.42453395031,22273,16,16,16:19:10.947,64.31970749999999,64
10,1927-06-29T06:32:16.077,1927-07-14T19:22:41.326,1927-06-29T14:31:51.814+08:00,1927-07-15T03:22:17.058+08:00,UT1_estimate+08:00,UT1_estimate+08:00,22370.42081647007,22370,17,3,03:22:17.058,75.37140499999998,75
11,1927-07-28T17:36:39.667,1927-08-13T04:37:31.330,1927-07-29T01:36:15.395+08:00,1927-08-13T12:37:07.054+08:00,UT1_estimate+08:00,UT1_estimate+08:00,22260.861054468096,22260,16,12,12:37:07.054,60.6186261111111,60
12,1927-08-27T06:45:46.067,1927-09-11T12:54:07.726,1927-08-27T14:45:21.785+08:00,1927-09-11T20:53:43.440+08:00,UT1_estimate+08:00,UT1_estimate+08:00,21968.360984128212,21968,16,20,20:53:43.440,68.8954,68
13,1927-09-25T22:11:05.671,1927-10-10T21:14:54.744,1927-09-26T06:10:41.380+08:00,1927-10-11T05:14:30.449+08:00,UT1_estimate+08:00,UT1_estimate+08:00,21543.817887997604,21543,16,5,05:14:30.449,53.241791388888885,53
14,1927-10-25T15:37:43.560,1927-11-09T06:36:22.049,1927-10-25T23:37:19.261+08:00,1927-11-09T14:35:57.746+08:00,UT1_estimate+08:00,UT1_estimate+08:00,21058.641482172985,21058,16,14,14:35:57.746,62.59937388888892,62
15,1927-11-24T10:09:29.957,1927-12-08T17:32:15.081,1927-11-24T18:09:05.650+08:00,1927-12-09T01:31:50.770+08:00,UT1_estimate+08:00,UT1_estimate+08:00,20602.75206863846,20602,16,1,01:31:50.770,49.530769444444445,49
16,1927-12-24T04:13:33.931,1928-01-07T06:07:57.886,1927-12-24T12:13:09.616+08:00,1928-01-07T14:07:33.568+08:00,UT1_estimate+08:00,UT1_estimate+08:00,20274.399247432222,20274,15,14,14:07:33.568,38.12599111111109,38
17,1928-01-22T20:19:00.191,1928-02-05T20:11:13.490,1928-01-23T04:18:35.869+08:00,1928-02-06T04:10:49.164+08:00,UT1_estimate+08:00,UT1_estimate+08:00,20152.22163960866,20152,15,4,04:10:49.164,28.180323333333376,28
18,1928-02-21T09:41:04.745,1928-03-06T11:27:11.887,1928-02-21T17:40:40.416+08:00,1928-03-06T19:26:47.554+08:00,UT1_estimate+08:00,UT1_estimate+08:00,20266.119024531254,20266,15,19,19:26:47.554,43.44654277777778,43
19,1928-03-21T20:29:35.080,1928-04-05T03:38:37.244,1928-03-22T04:29:10.743+08:00,1928-04-05T11:38:12.904+08:00,UT1_estimate+08:00,UT1_estimate+08:00,20589.036076114608,20589,15,11,11:38:12.904,35.636917777777796,35
20,1928-04-20T05:25:01.451,1928-05-04T20:12:05.603,1928-04-20T13:24:37.108+08:00,1928-05-05T04:11:41.257+08:00,UT1_estimate+08:00,UT1_estimate+08:00,21047.06919869266,21047,16,4,04:11:41.257,52.194793611111095,52
21,1928-05-19T13:14:20.250,1928-06-03T12:13:43.899,1928-05-19T21:13:55.901+08:00,1928-06-03T20:13:19.547+08:00,UT1_estimate+08:00,UT1_estimate+08:00,21539.394153917146,21539,16,20,20:13:19.547,68.22209638888887,68
22,1928-06-17T20:42:22.598,1928-07-03T02:48:47.282,1928-06-18T04:41:58.243+08:00,1928-07-03T10:48:22.923+08:00,UT1_estimate+08:00,UT1_estimate+08:00,21966.411391931633,21966,16,10,10:48:22.923,58.806367499999965,58
23,1928-07-17T04:35:47.877,1928-08-01T15:30:48.661,1928-07-17T12:35:23.515+08:00,1928-08-01T23:30:24.297+08:00,UT1_estimate+08:00,UT1_estimate+08:00,22255.01307168388,22255,16,23,23:30:24.297,71.50674916666668,71
24,1928-08-15T13:48:51.430,1928-08-31T02:34:18.237,1928-08-15T21:48:27.064+08:00,1928-08-31T10:33:53.867+08:00,UT1_estimate+08:00,UT1_estimate+08:00,22365.446772652886,22365,17,10,10:33:53.867,82.56496305555555,82
25,1928-09-14T01:20:39.419,1928-09-29T12:42:47.638,1928-09-14T09:20:15.047+08:00,1928-09-29T20:42:23.263+08:00,UT1_estimate+08:00,UT1_estimate+08:00,22282.136977251812,22282,16,20,20:42:23.263,68.70646194444447,68
26,1928-10-13T15:56:35.286,1928-10-28T22:43:37.759,1928-10-13T23:56:10.909+08:00,1928-10-29T06:43:13.379+08:00,UT1_estimate+08:00,UT1_estimate+08:00,22007.04120867113,22007,17,6,06:43:13.379,78.72038305555554,78
27,1928-11-12T09:35:37.862,1928-11-27T09:05:48.852,1928-11-12T17:35:13.481+08:00,1928-11-27T17:05:24.468+08:00,UT1_estimate+08:00,UT1_estimate+08:00,21570.183161718032,21570,16,17,17:05:24.468,65.09013000000004,65
28,1928-12-12T05:06:22.560,1928-12-26T19:55:02.456,1928-12-12T13:05:58.174+08:00,1928-12-27T03:54:38.068+08:00,UT1_estimate+08:00,UT1_estimate+08:00,21048.664933449487,21048,16,3,03:54:38.068,51.91057444444442,51
29,1929-01-11T00:28:31.902,1929-01-25T07:09:22.170,1929-01-11T08:28:07.512+08:00,1929-01-25T15:08:57.779+08:00,UT1_estimate+08:00,UT1_estimate+08:00,20560.837808450735,20560,15,15,15:08:57.779,39.149383055555575,39
30,1929-02-09T17:55:24.270,1929-02-23T18:58:54.177,1929-02-10T01:54:59.876+08:00,1929-02-24T02:58:29.782+08:00,UT1_estimate+08:00,UT1_estimate+08:00,20223.498450094157,20223,15,2,02:58:29.782,26.97493944444443,26
31,1929-03-11T08:36:53.367,1929-03-25T07:46:33.229,1929-03-11T16:36:28.970+08:00,1929-03-25T15:46:08.830+08:00,UT1_estimate+08:00,UT1_estimate+08:00,20109.664362742762,20109,15,15,15:46:08.830,39.76911944444447,39
32,1929-04-09T20:32:49.446,1929-04-23T21:47:43.495,1929-04-10T04:32:25.045+08:00,1929-04-24T05:47:19.093+08:00,UT1_estimate+08:00,UT1_estimate+08:00,20234.90081608911,20234,15,5,05:47:19.093,29.788636944444477,29
33,1929-05-09T06:07:34.827,1929-05-23T12:50:07.743,1929-05-09T14:07:10.424+08:00,1929-05-23T20:49:43.338+08:00,UT1_estimate+08:00,UT1_estimate+08:00,20562.54859283891,20562,15,20,20:49:43.338,44.828705000000014,44
34,1929-06-07T13:56:43.207,1929-06-22T04:15:18.430,1929-06-07T21:56:18.801+08:00,1929-06-22T12:14:54.023+08:00,UT1_estimate+08:00,UT1_estimate+08:00,21018.587041635565,21018,16,12,12:14:54.023,60.24833972222223,60
35,1929-07-06T20:47:16.078,1929-07-21T19:21:01.835,1929-07-07T04:46:51.670+08:00,1929-07-22T03:20:37.426+08:00,UT1_estimate+08:00,UT1_estimate+08:00,21513.762617702796,21513,16,3,03:20:37.426,51.34372944444442,51
36,1929-08-05T03:40:19.605,1929-08-20T09:42:37.442,1929-08-05T11:39:55.194+08:00,1929-08-20T17:42:13.030+08:00,UT1_estimate+08:00,UT1_estimate+08:00,21962.297284557426,21962,16,17,17:42:13.030,65.70361944444443,65
37,1929-09-03T11:47:46.642,1929-09-18T23:16:04.573,1929-09-03T19:47:22.229+08:00,1929-09-19T07:15:40.159+08:00,UT1_estimate+08:00,UT1_estimate+08:00,22288.298854953624,22288,17,7,07:15:40.159,79.26115527777779,79
38,1929-10-02T22:19:35.065,1929-10-18T12:06:11.159,1929-10-03T06:19:10.651+08:00,1929-10-18T20:05:46.744+08:00,UT1_estimate+08:00,UT1_estimate+08:00,22426.601561713018,22426,16,20,20:05:46.744,68.09631777777776,68
39,1929-11-01T12:01:11.019,1929-11-17T00:14:29.401,1929-11-01T20:00:46.603+08:00,1929-11-17T08:14:04.985+08:00,UT1_estimate+08:00,UT1_estimate+08:00,22333.306373116593,22333,17,8,08:14:04.985,80.23471805555556,80
40,1929-12-01T04:48:42.465,1929-12-16T11:38:32.114,1929-12-01T12:48:18.048+08:00,1929-12-16T19:38:07.696+08:00,UT1_estimate+08:00,UT1_estimate+08:00,22009.827486230937,22009,16,19,19:38:07.696,67.63547111111109,67
41,1929-12-30T23:42:01.549,1930-01-14T22:21:16.220,1929-12-31T07:41:37.131+08:00,1930-01-15T06:20:51.802+08:00,UT1_estimate+08:00,UT1_estimate+08:00,21519.24452668841,21519,16,6,06:20:51.802,54.34772277777773,54
42,1930-01-29T19:07:41.823,1930-02-13T08:38:53.058,1930-01-30T03:07:17.404+08:00,1930-02-13T16:38:28.639+08:00,UT1_estimate+08:00,UT1_estimate+08:00,20971.18725515358,20971,15,16,16:38:28.639,40.64128861111112,40
43,1930-02-28T13:32:58.845,1930-03-14T18:58:37.484,1930-02-28T21:32:34.426+08:00,1930-03-15T02:58:13.065+08:00,UT1_estimate+08:00,UT1_estimate+08:00,20485.64398591093,20485,16,2,02:58:13.065,50.970295833333296,50
44,1930-03-30T05:46:41.294,1930-04-13T05:48:46.939,1930-03-30T13:46:16.875+08:00,1930-04-13T13:48:22.519+08:00,UT1_estimate+08:00,UT1_estimate+08:00,20162.094075992216,20162,15,13,13:48:22.519,37.80625527777778,37
45,1930-04-28T19:08:43.869,1930-05-12T17:29:35.833,1930-04-29T03:08:19.450+08:00,1930-05-13T01:29:11.413+08:00,UT1_estimate+08:00,UT1_estimate+08:00,20060.866054199352,20060,15,1,01:29:11.413,25.486503611111118,25
46,1930-05-28T05:36:54.093,1930-06-11T06:11:57.651,1930-05-28T13:36:29.674+08:00,1930-06-11T14:11:33.232+08:00,UT1_estimate+08:00,UT1_estimate+08:00,20195.05929526431,20195,15,14,14:11:33.232,38.192564444444486,38
47,1930-06-26T13:46:57.221,1930-07-10T20:01:22.605,1930-06-26T21:46:32.802+08:00,1930-07-11T04:00:58.187+08:00,UT1_estimate+08:00,UT1_estimate+08:00,20534.423066163417,20534,16,4,04:00:58.187,52.01616305555552,52
48,1930-07-25T20:42:10.754,1930-08-09T10:57:56.904,1930-07-26T04:41:46.335+08:00,1930-08-09T18:57:32.486+08:00,UT1_estimate+08:00,UT1_estimate+08:00,21015.769168642946,21015,15,18,18:57:32.486,42.95902388888891,42
49,1930-08-24T03:37:12.557,1930-09-08T02:48:07.025,1930-08-24T11:36:48.139+08:00,1930-09-08T10:47:42.608+08:00,UT1_estimate+08:00,UT1_estimate+08:00,21550.907804242634,21550,16,10,10:47:42.608,58.795168888888895,58
50,1930-09-22T11:41:52.746,1930-10-07T18:55:53.605,1930-09-22T19:41:28.330+08:00,1930-10-08T02:55:29.189+08:00,UT1_estimate+08:00,UT1_estimate+08:00,22034.014307669062,22034,17,2,02:55:29.189,74.92477472222225,74
51,1930-10-21T21:47:55.366,1930-11-06T10:28:27.383,1930-10-22T05:47:30.950+08:00,1930-11-06T18:28:02.968+08:00,UT1_estimate+08:00,UT1_estimate+08:00,22360.533612076204,22360,16,18,18:28:02.968,66.46749111111114,66
52,1930-11-20T10:21:29.322,1930-12-06T00:40:11.010,1930-11-20T18:21:04.909+08:00,1930-12-06T08:39:46.597+08:00,UT1_estimate+08:00,UT1_estimate+08:00,22458.694796120548,22458,17,8,08:39:46.597,80.66294361111113,80
53,1930-12-20T01:24:03.565,1931-01-04T13:15:10.246,1930-12-20T09:23:39.153+08:00,1931-01-04T21:14:45.835+08:00,UT1_estimate+08:00,UT1_estimate+08:00,22311.11135508772,22311,16,21,21:14:45.835,69.24606527777775,69
54,1931-01-18T18:35:53.389,1931-02-03T00:26:11.972,1931-01-19T02:35:28.979+08:00,1931-02-03T08:25:47.563+08:00,UT1_estimate+08:00,UT1_estimate+08:00,21950.309714804018,21950,16,8,08:25:47.563,56.42987861111112,56
55,1931-02-17T13:11:06.462,1931-03-04T10:36:20.267,1931-02-17T21:10:42.053+08:00,1931-03-04T18:35:55.860+08:00,UT1_estimate+08:00,UT1_estimate+08:00,21445.23008557954,21445,16,18,18:35:55.860,66.59885000000003,66
56,1931-03-19T07:50:55.379,1931-04-02T20:05:49.136,1931-03-19T15:50:30.973+08:00,1931-04-03T04:05:24.731+08:00,UT1_estimate+08:00,UT1_estimate+08:00,20894.895947484118,20894,16,4,04:05:24.731,52.09020305555555,52
57,1931-04-18T00:59:58.318,1931-05-02T05:14:39.809,1931-04-18T08:59:33.914+08:00,1931-05-02T13:14:15.406+08:00,UT1_estimate+08:00,UT1_estimate+08:00,20414.691506119343,20414,15,13,13:14:15.406,37.23761277777777,37
58,1931-05-17T15:28:11.402,1931-05-31T14:33:17.954,1931-05-17T23:27:47.000+08:00,1931-05-31T22:32:53.554+08:00,UT1_estimate+08:00,UT1_estimate+08:00,20105.10919977076,20105,15,22,22:32:53.554,46.54820944444447,46
59,1931-06-16T03:02:03.562,1931-06-30T00:47:14.582,1931-06-16T11:01:39.164+08:00,1931-06-30T08:46:50.185+08:00,UT1_estimate+08:00,UT1_estimate+08:00,20025.183659705453,20025,15,8,08:46:50.185,32.78060694444446,32
60,1931-07-15T12:20:17.467,1931-07-29T12:47:49.434,1931-07-15T20:19:53.071+08:00,1931-07-29T20:47:25.040+08:00,UT1_estimate+08:00,UT1_estimate+08:00,20187.532785097792,20187,15,20,20:47:25.040,44.79028888888888,44
61,1931-08-13T20:27:16.947,1931-08-28T03:09:47.066,1931-08-14T04:26:52.554+08:00,1931-08-28T11:09:22.675+08:00,UT1_estimate+08:00,UT1_estimate+08:00,20562.50198397327,20562,15,11,11:09:22.675,35.15629861111114,35
62,1931-09-12T04:26:44.259,1931-09-26T19:45:14.107,1931-09-12T12:26:19.870+08:00,1931-09-27T03:44:49.719+08:00,UT1_estimate+08:00,UT1_estimate+08:00,21078.497456475554,21078,16,3,03:44:49.719,51.74714416666666,51
63,1931-10-11T13:06:14.995,1931-10-26T13:34:15.676,1931-10-11T21:05:50.609+08:00,1931-10-26T21:33:51.292+08:00,UT1_estimate+08:00,UT1_estimate+08:00,21628.01135109573,21628,16,21,21:33:51.292,69.56424777777772,69
64,1931-11-09T22:55:39.871,1931-11-25T07:10:13.119,1931-11-10T06:55:15.489+08:00,1931-11-25T15:09:48.738+08:00,UT1_estimate+08:00,UT1_estimate+08:00,22094.554123593756,22094,16,15,15:09:48.738,63.16353833333329,63
65,1931-12-09T10:16:18.587,1931-12-24T23:23:49.388,1931-12-09T18:15:54.208+08:00,1931-12-25T07:23:25.010+08:00,UT1_estimate+08:00,UT1_estimate+08:00,22387.51334814239,22387,17,7,07:23:25.010,79.39028055555553,79
66,1932-01-07T23:28:58.364,1932-01-23T13:44:28.573,1932-01-08T07:28:33.988+08:00,1932-01-23T21:44:04.200+08:00,UT1_estimate+08:00,UT1_estimate+08:00,22455.503486664864,22455,16,21,21:44:04.200,69.73449999999997,69
67,1932-02-06T14:45:24.678,1932-02-22T02:07:43.285,1932-02-06T22:45:00.307+08:00,1932-02-22T10:07:18.916+08:00,UT1_estimate+08:00,UT1_estimate+08:00,22282.31011723654,22282,17,10,10:07:18.916,82.12192111111108,82
68,1932-03-07T07:44:37.306,1932-03-22T12:37:43.120,1932-03-07T15:44:12.939+08:00,1932-03-22T20:37:18.756+08:00,UT1_estimate+08:00,UT1_estimate+08:00,21893.096905437567,21893,16,20,20:37:18.756,68.62187666666671,68
69,1932-04-06T01:21:23.569,1932-04-20T21:27:21.389,1932-04-06T09:20:59.207+08:00,1932-04-21T05:26:57.028+08:00,UT1_estimate+08:00,UT1_estimate+08:00,21365.963653348525,21365,16,5,05:26:57.028,53.44917444444445,53
70,1932-05-05T18:11:47.607,1932-05-20T05:08:56.408,1932-05-06T02:11:23.248+08:00,1932-05-20T13:08:32.051+08:00,UT1_estimate+08:00,UT1_estimate+08:00,20817.146682913517,20817,15,13,13:08:32.051,37.142236388888875,37
71,1932-06-04T09:16:17.344,1932-06-18T12:38:21.449,1932-06-04T17:15:52.990+08:00,1932-06-18T20:37:57.097+08:00,UT1_estimate+08:00,UT1_estimate+08:00,20362.068421564327,20362,15,20,20:37:57.097,44.632526944444464,44
72,1932-07-03T22:20:00.396,1932-07-17T21:06:37.913,1932-07-04T06:19:36.047+08:00,1932-07-18T05:06:13.566+08:00,UT1_estimate+08:00,UT1_estimate+08:00,20086.625273949903,20086,15,5,05:06:13.566,29.10376833333339,29
73,1932-08-02T09:42:07.751,1932-08-16T07:41:51.537,1932-08-02T17:41:43.406+08:00,1932-08-16T15:41:27.195+08:00,UT1_estimate+08:00,UT1_estimate+08:00,20039.729776613658,20039,15,15,15:41:27.195,39.69088750000003,39
74,1932-08-31T19:54:55.704,1932-09-14T21:06:23.216,1932-09-01T03:54:31.365+08:00,1932-09-15T05:05:58.878+08:00,UT1_estimate+08:00,UT1_estimate+08:00,20231.458526543676,20231,15,5,05:05:58.878,29.099688333333347,29
75,1932-09-30T05:30:04.934,1932-10-14T13:18:01.408,1932-09-30T13:29:40.599+08:00,1932-10-14T21:17:37.076+08:00,UT1_estimate+08:00,UT1_estimate+08:00,20627.94124745058,20627,15,21,21:17:37.076,45.293632222222186,45
76,1932-10-29T14:56:25.561,1932-11-13T07:28:21.714,1932-10-29T22:56:01.231+08:00,1932-11-13T15:27:57.387+08:00,UT1_estimate+08:00,UT1_estimate+08:00,21151.935891820824,21151,16,15,15:27:57.387,63.46594083333338,63
77,1932-11-28T00:43:33.639,1932-12-13T02:21:18.958,1932-11-28T08:43:09.315+08:00,1932-12-13T10:20:54.636+08:00,UT1_estimate+08:00,UT1_estimate+08:00,21697.755308244945,21697,16,10,10:20:54.636,58.348509999999976,58
78,1932-12-27T11:22:43.894,1933-01-11T20:35:58.681,1932-12-27T19:22:19.575+08:00,1933-01-12T04:35:34.365+08:00,UT1_estimate+08:00,UT1_estimate+08:00,22153.246444327808,22153,17,4,04:35:34.365,76.59287916666665,76
79,1933-01-25T23:19:59.470,1933-02-10T13:00:49.665,1933-01-26T07:19:35.156+08:00,1933-02-10T21:00:25.355+08:00,UT1_estimate+08:00,UT1_estimate+08:00,22420.836595635374,22420,16,21,21:00:25.355,69.00704305555553,69
80,1933-02-24T12:44:13.842,1933-03-12T02:46:00.065,1933-02-24T20:43:49.534+08:00,1933-03-12T10:45:35.759+08:00,UT1_estimate+08:00,UT1_estimate+08:00,22441.770367943864,22441,17,10,10:45:35.759,82.75993305555556,82
81,1933-03-26T03:20:37.090,1933-04-10T13:37:57.160,1933-03-26T11:20:12.787+08:00,1933-04-10T21:37:32.860+08:00,UT1_estimate+08:00,UT1_estimate+08:00,22217.33449886441,22217,16,21,21:37:32.860,69.62579444444447,69
82,1933-04-24T18:38:34.801,1933-05-09T22:04:39.941,1933-04-25T02:38:10.505+08:00,1933-05-10T06:04:15.648+08:00,UT1_estimate+08:00,UT1_estimate+08:00,21806.0856653815,21806,16,6,06:04:15.648,54.071013333333326,54
83,1933-05-24T10:07:15.607,1933-06-08T05:04:59.520,1933-05-24T18:06:51.316+08:00,1933-06-08T13:04:35.233+08:00,UT1_estimate+08:00,UT1_estimate+08:00,21297.731891393887,21297,16,13,13:04:35.233,61.076453611111106,61
84,1933-06-23T01:22:36.214,1933-07-07T11:50:52.533,1933-06-23T09:22:11.929+08:00,1933-07-07T19:50:28.251+08:00,UT1_estimate+08:00,UT1_estimate+08:00,20788.271989148816,20788,15,19,19:50:28.251,43.84118083333334,43
85,1933-07-22T16:03:27.319,1933-08-05T19:31:51.786,1933-07-23T00:03:03.040+08:00,1933-08-06T03:31:27.510+08:00,UT1_estimate+08:00,UT1_estimate+08:00,20368.4077928264,20368,15,3,03:31:27.510,27.52430833333335,27
86,1933-08-21T05:48:11.640,1933-09-04T05:04:42.111,1933-08-21T13:47:47.367+08:00,1933-09-04T13:04:17.841+08:00,UT1_estimate+08:00,UT1_estimate+08:00,20116.507843147076,20116,15,13,13:04:17.841,37.07162249999999,37
87,1933-09-19T18:21:12.999,1933-10-03T17:07:56.721,1933-09-20T02:20:48.732+08:00,1933-10-04T01:07:32.457+08:00,UT1_estimate+08:00,UT1_estimate+08:00,20086.728703376248,20086,15,1,01:07:32.457,25.125682499999982,25
88,1933-10-19T05:45:01.336,1933-11-02T07:59:35.508,1933-10-19T13:44:37.075+08:00,1933-11-02T15:59:11.250+08:00,UT1_estimate+08:00,UT1_estimate+08:00,20294.569532802834,20294,15,15,15:59:11.250,39.98645833333336,39
89,1933-11-17T16:24:05.831,1933-12-02T01:31:16.879,1933-11-18T00:23:41.576+08:00,1933-12-02T09:30:52.627+08:00,UT1_estimate+08:00,UT1_estimate+08:00,20707.18412982649,20707,15,9,09:30:52.627,33.51461861111113,33
90,1933-12-17T02:53:04.761,1933-12-31T20:54:18.226,1933-12-17T10:52:40.513+08:00,1934-01-01T04:53:53.981+08:00,UT1_estimate+08:00,UT1_estimate+08:00,21241.224414588105,21241,16,4,04:53:53.981,52.89832805555551,52
91,1934-01-15T13:37:27.164,1934-01-30T16:31:46.466,1934-01-15T21:37:02.922+08:00,1934-01-31T00:31:22.227+08:00,UT1_estimate+08:00,UT1_estimate+08:00,21774.321691451732,21774,17,0,00:31:22.227,72.5228408333333,72
92,1934-02-14T00:43:45.002,1934-03-01T10:25:58.401,1934-02-14T08:43:20.767+08:00,1934-03-01T18:25:34.169+08:00,UT1_estimate+08:00,UT1_estimate+08:00,22182.223308396642,22182,16,18,18:25:34.169,66.42615805555556,66
93,1934-03-15T12:08:39.832,1934-03-31T01:14:52.247,1934-03-15T20:08:15.604+08:00,1934-03-31T09:14:28.021+08:00,UT1_estimate+08:00,UT1_estimate+08:00,22386.206902066006,22386,17,9,09:14:28.021,81.24111694444446,81
94,1934-04-13T23:57:19.535,1934-04-29T12:45:45.284,1934-04-14T07:56:55.313+08:00,1934-04-29T20:45:21.065+08:00,UT1_estimate+08:00,UT1_estimate+08:00,22368.42914110719,22368,16,20,20:45:21.065,68.75585138888886,68
95,1934-05-13T12:30:27.590,1934-05-28T21:41:42.421,1934-05-13T20:30:03.374+08:00,1934-05-29T05:41:18.208+08:00,UT1_estimate+08:00,UT1_estimate+08:00,22151.247171548875,22151,17,5,05:41:18.208,77.68839111111112,77
96,1934-06-12T02:11:52.134,1934-06-27T05:08:14.033,1934-06-12T10:11:27.925+08:00,1934-06-27T13:07:49.827+08:00,UT1_estimate+08:00,UT1_estimate+08:00,21776.36498015767,21776,16,13,13:07:49.827,61.13050750000002,61
97,1934-07-11T17:06:16.163,1934-07-26T12:08:54.078,1934-07-12T01:05:51.960+08:00,1934-07-26T20:08:29.879+08:00,UT1_estimate+08:00,UT1_estimate+08:00,21302.631915154907,21302,15,20,20:08:29.879,44.14163305555553,44
98,1934-08-10T08:45:56.657,1934-08-24T19:37:03.631,1934-08-10T16:45:32.461+08:00,1934-08-25T03:36:39.438+08:00,UT1_estimate+08:00,UT1_estimate+08:00,20811.11623410312,20811,16,3,03:36:39.438,51.61095500000005,51
99,1934-09-09T00:20:28.163,1934-09-23T04:19:13.574,1934-09-09T08:20:03.973+08:00,1934-09-23T12:18:49.389+08:00,UT1_estimate+08:00,UT1_estimate+08:00,20398.756865434847,20398,15,12,12:18:49.389,36.31371916666666,36
100,1934-10-08T15:05:13.337,1934-10-22T15:01:24.883,1934-10-08T23:04:49.155+08:00,1934-10-22T23:01:00.703+08:00,UT1_estimate+08:00,UT1_estimate+08:00,20156.192420452782,20156,15,23,23:01:00.703,47.01686194444443,47
101,1934-11-07T04:43:56.265,1934-11-21T04:26:36.827,1934-11-07T12:43:32.089+08:00,1934-11-21T12:26:12.654+08:00,UT1_estimate+08:00,UT1_estimate+08:00,20142.67603082267,20142,15,12,12:26:12.654,36.43684833333339,36
102,1934-12-06T17:25:17.086,1934-12-20T20:53:36.757,1934-12-07T01:24:52.917+08:00,1934-12-21T04:53:12.592+08:00,UT1_estimate+08:00,UT1_estimate+08:00,20368.327859902325,20368,15,4,04:53:12.592,28.88683111111112,28
103,1935-01-05T05:20:28.571,1935-01-19T15:44:34.688,1935-01-05T13:20:04.408+08:00,1935-01-19T23:44:10.529+08:00,UT1_estimate+08:00,UT1_estimate+08:00,20784.101957538227,20784,15,23,23:44:10.529,47.736258055555595,47
104,1935-02-03T16:27:42.073,1935-02-18T11:17:27.876,1935-02-04T00:27:17.917+08:00,1935-02-18T19:17:03.723+08:00,UT1_estimate+08:00,UT1_estimate+08:00,21289.763386622806,21289,15,19,19:17:03.723,43.28436749999997,43
105,1935-03-05T02:40:45.020,1935-03-20T05:31:42.942,1935-03-05T10:40:20.870+08:00,1935-03-20T13:31:18.796+08:00,UT1_estimate+08:00,UT1_estimate+08:00,21770.965372953506,21770,16,13,13:31:18.796,61.521887777777806,61
106,1935-04-03T12:10:52.897,1935-04-18T21:09:58.409,1935-04-03T20:10:28.754+08:00,1935-04-19T05:09:34.269+08:00,UT1_estimate+08:00,UT1_estimate+08:00,22139.091861098004,22139,17,5,05:09:34.269,77.15951916666671,77
107,1935-05-02T21:36:39.820,1935-05-18T09:57:24.385,1935-05-03T05:36:15.684+08:00,1935-05-18T17:57:00.253+08:00,UT1_estimate+08:00,UT1_estimate+08:00,22340.742760005105,22340,16,17,17:57:00.253,65.9500702777778,65
108,1935-06-01T07:52:23.693,1935-06-16T20:20:24.709,1935-06-01T15:51:59.563+08:00,1935-06-17T04:20:00.583+08:00,UT1_estimate+08:00,UT1_estimate+08:00,22348.016933528997,22348,17,4,04:20:00.583,76.33349527777779,76
109,1935-06-30T19:44:50.963,1935-07-16T05:00:46.719,1935-07-01T03:44:26.840+08:00,1935-07-16T13:00:22.599+08:00,UT1_estimate+08:00,UT1_estimate+08:00,22155.92926044943,22155,16,13,13:00:22.599,61.00627749999995,61
110,1935-07-30T09:32:46.089,1935-08-14T12:43:53.955,1935-07-30T17:32:21.972+08:00,1935-08-14T20:43:29.841+08:00,UT1_estimate+08:00,UT1_estimate+08:00,21791.131091338502,21791,16,20,20:43:29.841,68.72495583333335,68
111,1935-08-29T01:00:38.655,1935-09-12T20:18:37.669,1935-08-29T09:00:14.544+08:00,1935-09-13T04:18:13.562+08:00,UT1_estimate+08:00,UT1_estimate+08:00,21317.98357294645,21317,16,4,04:18:13.562,52.30376722222218,52
112,1935-09-27T17:29:48.459,1935-10-12T04:39:21.292,1935-09-28T01:29:24.355+08:00,1935-10-12T12:38:57.191+08:00,UT1_estimate+08:00,UT1_estimate+08:00,20829.547223435427,20829,15,12,12:38:57.191,36.649219722222256,36
113,1935-10-27T10:15:45.407,1935-11-10T14:42:08.259,1935-10-27T18:15:21.309+08:00,1935-11-10T22:41:44.164+08:00,UT1_estimate+08:00,UT1_estimate+08:00,20426.380855960655,20426,15,22,22:41:44.164,46.69560111111116,46
114,1935-11-26T02:36:16.426,1935-12-10T03:10:38.137,1935-11-26T10:35:52.334+08:00,1935-12-10T11:10:14.047+08:00,UT1_estimate+08:00,UT1_estimate+08:00,20194.361837552955,20194,15,11,11:10:14.047,35.170568611111094,35
115,1935-12-25T17:49:48.064,1936-01-08T18:14:59.220,1935-12-26T01:49:23.978+08:00,1936-01-09T02:14:35.136+08:00,UT1_estimate+08:00,UT1_estimate+08:00,20185.185930545114,20185,15,2,02:14:35.136,26.24309333333332,26
116,1936-01-24T07:18:25.777,1936-02-07T11:19:09.854,1936-01-24T15:18:01.696+08:00,1936-02-07T19:18:45.776+08:00,UT1_estimate+08:00,UT1_estimate+08:00,20400.734626429396,20400,15,19,19:18:45.776,43.3127155555556,43
117,1936-02-22T18:42:34.539,1936-03-08T05:13:55.050,1936-02-23T02:42:10.463+08:00,1936-03-08T13:13:30.977+08:00,UT1_estimate+08:00,UT1_estimate+08:00,20791.34185732685,20791,15,13,13:13:30.977,37.22527138888887,37
118,1936-03-23T04:13:53.974,1936-04-06T22:46:40.571,1936-03-23T12:13:29.903+08:00,1936-04-07T06:46:16.503+08:00,UT1_estimate+08:00,UT1_estimate+08:00,21272.77663189283,21272,16,6,06:46:16.503,54.77125083333334,54
119,1936-04-21T12:32:52.837,1936-05-06T15:01:32.501,1936-04-21T20:32:28.771+08:00,1936-05-06T23:01:08.438+08:00,UT1_estimate+08:00,UT1_estimate+08:00,21748.66107804882,21748,16,23,23:01:08.438,71.01901055555555,71
120,1936-05-20T20:34:47.075,1936-06-05T05:22:41.516,1936-05-21T04:34:23.013+08:00,1936-06-05T13:22:17.457+08:00,UT1_estimate+08:00,UT1_estimate+08:00,22127.907355270036,22127,16,13,13:22:17.457,61.37151583333332,61
121,1936-06-19T05:14:49.830,1936-07-04T17:34:50.729,1936-06-19T13:14:25.773+08:00,1936-07-05T01:34:26.674+08:00,UT1_estimate+08:00,UT1_estimate+08:00,22340.014976653165,22340,17,1,01:34:26.674,73.57407611111114,73
122,1936-07-18T15:18:58.532,1936-08-03T03:47:38.361,1936-07-18T23:18:34.479+08:00,1936-08-03T11:47:14.310+08:00,UT1_estimate+08:00,UT1_estimate+08:00,22348.663823609168,22348,17,11,11:47:14.310,83.78730833333333,83
123,1936-08-17T03:21:03.568,1936-09-01T12:37:39.370,1936-08-17T11:20:39.518+08:00,1936-09-01T20:37:15.322+08:00,UT1_estimate+08:00,UT1_estimate+08:00,22156.596712636783,22156,16,20,20:37:15.322,68.62092277777776,68
124,1936-09-15T17:41:39.743,1936-09-30T21:01:09.921,1936-09-16T01:41:15.697+08:00,1936-10-01T05:00:45.876+08:00,UT1_estimate+08:00,UT1_estimate+08:00,21799.502963402596,21799,16,5,05:00:45.876,53.01274333333333,53
125,1936-10-15T10:20:47.889,1936-10-30T05:57:56.337,1936-10-15T18:20:23.846+08:00,1936-10-30T13:57:32.295+08:00,UT1_estimate+08:00,UT1_estimate+08:00,21337.14079700808,21337,16,13,13:57:32.295,61.9589708333333,61
126,1936-11-14T04:42:18.656,1936-11-28T16:12:13.013,1936-11-14T12:41:54.615+08:00,1936-11-29T00:11:48.973+08:00,UT1_estimate+08:00,UT1_estimate+08:00,20849.905950327815,20849,16,0,00:11:48.973,48.19693694444442,48
127,1936-12-13T23:25:15.193,1936-12-28T04:00:30.655,1936-12-14T07:24:51.154+08:00,1936-12-28T12:00:06.617+08:00,UT1_estimate+08:00,UT1_estimate+08:00,20435.257700084672,20435,15,12,12:00:06.617,36.001838055555595,36
128,1937-01-12T16:47:20.208,1937-01-26T17:15:39.600,1937-01-13T00:46:56.171+08:00,1937-01-27T01:15:15.564+08:00,UT1_estimate+08:00,UT1_estimate+08:00,20188.323204447624,20188,15,1,01:15:15.564,25.254323333333332,25
129,1937-02-11T07:34:42.868,1937-02-25T07:43:33.977,1937-02-11T15:34:18.832+08:00,1937-02-25T15:43:09.941+08:00,UT1_estimate+08:00,UT1_estimate+08:00,20168.851817309653,20168,15,15,15:43:09.941,39.71942805555557,39
130,1937-03-12T19:32:02.009,1937-03-26T23:12:35.347,1937-03-13T03:31:37.973+08:00,1937-03-27T07:12:11.312+08:00,UT1_estimate+08:00,UT1_estimate+08:00,20380.555644578526,20380,15,7,07:12:11.312,31.203142222222198,31
131,1937-04-11T05:10:15.012,1937-04-25T15:23:54.989,1937-04-11T13:09:50.977+08:00,1937-04-25T23:23:30.954+08:00,UT1_estimate+08:00,UT1_estimate+08:00,20773.666288013283,20773,15,23,23:23:30.954,47.391931666666665,47
132,1937-05-10T13:17:53.900,1937-05-25T07:37:58.819,1937-05-10T21:17:29.865+08:00,1937-05-25T15:37:34.783+08:00,UT1_estimate+08:00,UT1_estimate+08:00,21260.08197961197,21260,16,15,15:37:34.783,63.62632861111115,63
133,1937-06-08T20:43:19.442,1937-06-23T22:59:54.276,1937-06-09T04:42:55.406+08:00,1937-06-24T06:59:30.240+08:00,UT1_estimate+08:00,UT1_estimate+08:00,21736.580578668472,21736,16,6,06:59:30.240,54.99173333333334,54
134,1937-07-08T04:12:54.637,1937-07-23T12:45:52.541,1937-07-08T12:12:30.600+08:00,1937-07-23T20:45:28.503+08:00,UT1_estimate+08:00,UT1_estimate+08:00,22112.965073674804,22112,16,20,20:45:28.503,68.75791750000002,68
135,1937-08-06T12:37:10.684,1937-08-22T00:47:22.346,1937-08-06T20:36:46.645+08:00,1937-08-22T08:46:58.306+08:00,UT1_estimate+08:00,UT1_estimate+08:00,22330.19436702394,22330,17,8,08:46:58.306,80.78286277777778,80
136,1937-09-04T22:53:50.377,1937-09-20T11:32:47.086,1937-09-05T06:53:26.336+08:00,1937-09-20T19:32:23.044+08:00,UT1_estimate+08:00,UT1_estimate+08:00,22358.945156015016,22358,16,19,19:32:23.044,67.53973444444443,67
137,1937-10-04T11:58:10.607,1937-10-19T21:47:51.166,1937-10-04T19:57:46.563+08:00,1937-10-20T05:47:27.120+08:00,UT1_estimate+08:00,UT1_estimate+08:00,22189.675978510568,22189,17,5,05:47:27.120,77.79086666666672,77
138,1937-11-03T04:16:09.006,1937-11-18T08:09:54.423,1937-11-03T12:15:44.958+08:00,1937-11-18T16:09:30.374+08:00,UT1_estimate+08:00,UT1_estimate+08:00,21833.756958357157,21833,16,16,16:09:30.374,64.15843722222223,64
139,1937-12-02T23:11:02.884,1937-12-17T18:52:48.164,1937-12-03T07:10:38.832+08:00,1937-12-18T02:52:24.110+08:00,UT1_estimate+08:00,UT1_estimate+08:00,21341.754669224203,21341,16,2,02:52:24.110,50.87336388888889,50
140,1938-01-01T18:58:35.738,1938-01-16T05:53:42.872,1938-01-02T02:58:11.682+08:00,1938-01-16T13:53:18.813+08:00,UT1_estimate+08:00,UT1_estimate+08:00,20815.118898484245,20815,15,13,13:53:18.813,37.88855916666671,37
141,1938-01-31T13:35:18.410,1938-02-14T17:14:46.720,1938-01-31T21:34:54.349+08:00,1938-02-15T01:14:22.655+08:00,UT1_estimate+08:00,UT1_estimate+08:00,20379.47181772456,20379,16,1,01:14:22.655,49.239626388888894,49
142,1938-03-02T05:40:16.218,1938-03-16T05:15:29.515,1938-03-02T13:39:52.150+08:00,1938-03-16T13:15:05.444+08:00,UT1_estimate+08:00,UT1_estimate+08:00,20135.22162141273,20135,15,13,13:15:05.444,37.251512222222175,37
143,1938-03-31T18:52:18.062,1938-04-14T18:21:12.477,1938-04-01T02:51:53.988+08:00,1938-04-15T02:20:48.399+08:00,UT1_estimate+08:00,UT1_estimate+08:00,20128.906909740646,20128,15,2,02:20:48.399,26.346777499999973,26
144,1938-04-30T05:28:01.466,1938-05-14T08:39:19.794,1938-04-30T13:27:37.383+08:00,1938-05-14T16:38:55.708+08:00,UT1_estimate+08:00,UT1_estimate+08:00,20351.305476279995,20351,15,16,16:38:55.708,40.64880777777779,40
145,1938-05-29T13:59:56.278,1938-06-12T23:47:22.445,1938-05-29T21:59:32.188+08:00,1938-06-13T07:46:58.350+08:00,UT1_estimate+08:00,UT1_estimate+08:00,20747.436113845633,20747,16,7,07:46:58.350,55.78287500000005,55
146,1938-06-27T21:10:21.625,1938-07-12T15:04:54.979,1938-06-28T05:09:57.526+08:00,1938-07-12T23:04:30.875+08:00,UT1_estimate+08:00,UT1_estimate+08:00,21234.55591089485,21234,15,23,23:04:30.875,47.075243055555575,47
147,1938-07-27T03:53:52.645,1938-08-11T05:57:12.510,1938-07-27T11:53:28.536+08:00,1938-08-11T13:56:48.396+08:00,UT1_estimate+08:00,UT1_estimate+08:00,21723.331080280877,21723,16,13,13:56:48.396,61.946776666666665,61
148,1938-08-25T11:17:39.860,1938-09-09T20:08:31.691,1938-08-25T19:17:15.741+08:00,1938-09-10T04:08:07.566+08:00,UT1_estimate+08:00,UT1_estimate+08:00,22130.86385048552,22130,17,4,04:08:07.566,76.13543500000003,76
149,1938-09-23T20:33:59.946,1938-10-09T09:37:25.131,1938-09-24T04:33:35.816+08:00,1938-10-09T17:37:00.994+08:00,UT1_estimate+08:00,UT1_estimate+08:00,22383.419738852353,22383,16,17,17:37:00.994,65.61694277777775,65
150,1938-10-23T08:42:33.991,1938-11-07T22:23:45.706,1938-10-23T16:42:09.849+08:00,1938-11-08T06:23:21.557+08:00,UT1_estimate+08:00,UT1_estimate+08:00,22421.195242746733,22421,17,6,06:23:21.557,78.3893213888889,78
151,1938-11-22T00:05:04.603,1938-12-07T10:22:31.795,1938-11-22T08:04:40.448+08:00,1938-12-07T18:22:07.632+08:00,UT1_estimate+08:00,UT1_estimate+08:00,22217.453197816198,22217,16,18,18:22:07.632,66.36878666666667,66
152,1938-12-21T18:07:04.188,1939-01-05T21:30:07.740,1938-12-22T02:06:40.019+08:00,1939-01-06T05:29:43.564+08:00,UT1_estimate+08:00,UT1_estimate+08:00,21803.059204910474,21803,16,5,05:29:43.564,53.49543444444447,53
153,1939-01-20T13:26:55.971,1939-02-04T07:55:02.940,1939-01-20T21:26:31.788+08:00,1939-02-04T15:54:38.748+08:00,UT1_estimate+08:00,UT1_estimate+08:00,21268.116140140657,21268,16,15,15:54:38.748,63.91076333333331,63
154,1939-02-19T08:28:30.892,1939-03-05T18:00:47.010,1939-02-19T16:28:06.693+08:00,1939-03-06T02:00:22.803+08:00,UT1_estimate+08:00,UT1_estimate+08:00,20732.268630760536,20732,16,2,02:00:22.803,50.006334166666704,50
155,1939-03-21T01:49:40.966,1939-04-04T04:18:25.993,1939-03-21T09:49:16.750+08:00,1939-04-04T12:18:01.769+08:00,UT1_estimate+08:00,UT1_estimate+08:00,20308.7504402248,20308,15,12,12:18:01.769,36.30049138888893,36
156,1939-04-19T16:35:25.151,1939-05-03T15:15:44.930,1939-04-20T00:35:00.917+08:00,1939-05-03T23:15:20.688+08:00,UT1_estimate+08:00,UT1_estimate+08:00,20080.329651852087,20080,14,23,23:15:20.688,23.25574666666671,23
157,1939-05-19T04:25:13.996,1939-06-02T03:11:20.299,1939-05-19T12:24:49.745+08:00,1939-06-02T11:10:56.039+08:00,UT1_estimate+08:00,UT1_estimate+08:00,20086.105053705767,20086,15,11,11:10:56.039,35.18223305555557,35
158,1939-06-17T13:37:15.825,1939-07-01T16:16:22.676,1939-06-17T21:36:51.554+08:00,1939-07-02T00:15:58.396+08:00,UT1_estimate+08:00,UT1_estimate+08:00,20319.114179721855,20319,16,0,00:15:58.396,48.26622111111112,48
159,1939-07-16T21:03:04.303,1939-07-31T06:36:57.452,1939-07-17T05:02:40.012+08:00,1939-07-31T14:36:33.152+08:00,UT1_estimate+08:00,UT1_estimate+08:00,20733.885823948804,20733,15,14,14:36:33.152,38.60920888888887,38
160,1939-08-15T03:53:37.030,1939-08-29T22:09:01.856,1939-08-15T11:53:12.718+08:00,1939-08-30T06:08:37.533+08:00,UT1_estimate+08:00,UT1_estimate+08:00,21255.41376239773,21255,16,6,06:08:37.533,54.143759166666655,54
161,1939-09-13T11:22:28.575,1939-09-28T14:27:24.095,1939-09-13T19:22:04.241+08:00,1939-09-28T22:26:59.750+08:00,UT1_estimate+08:00,UT1_estimate+08:00,21784.925336425917,21784,16,22,22:26:59.750,70.44993055555557,70
162,1939-10-12T20:30:28.893,1939-10-28T06:41:59.651,1939-10-13T04:30:04.536+08:00,1939-10-28T14:41:35.283+08:00,UT1_estimate+08:00,UT1_estimate+08:00,22211.512648202894,22211,16,14,14:41:35.283,62.69313416666671,62
163,1939-11-11T07:54:41.332,1939-11-26T21:54:44.911,1939-11-11T15:54:16.951+08:00,1939-11-27T05:54:20.517+08:00,UT1_estimate+08:00,UT1_estimate+08:00,22440.05964757898,22440,17,5,05:54:20.517,77.90569916666664,77
164,1939-12-10T21:45:45.912,1939-12-26T11:28:49.480,1939-12-11T05:45:21.506+08:00,1939-12-26T19:28:25.060+08:00,UT1_estimate+08:00,UT1_estimate+08:00,22423.059458654545,22423,16,19,19:28:25.060,67.47362777777778,67
165,1940-01-09T13:52:56.995,1940-01-24T23:22:17.733,1940-01-09T21:52:32.562+08:00,1940-01-25T07:21:53.286+08:00,UT1_estimate+08:00,UT1_estimate+08:00,22169.34563522222,22169,17,7,07:21:53.286,79.36480166666666,79
166,1940-02-08T07:45:14.525,1940-02-23T09:55:50.703,1940-02-08T15:44:50.064+08:00,1940-02-23T17:55:26.228+08:00,UT1_estimate+08:00,UT1_estimate+08:00,21730.602959641445,21730,16,17,17:55:26.228,65.92395222222217,65
167,1940-03-09T02:23:00.207,1940-03-23T19:33:39.293,1940-03-09T10:22:35.717+08:00,1940-03-24T03:33:14.789+08:00,UT1_estimate+08:00,UT1_estimate+08:00,21190.65143720656,21190,16,3,03:33:14.789,51.55410805555556,51
168,1940-04-07T20:18:44.037,1940-04-22T04:37:17.817,1940-04-08T04:18:19.518+08:00,1940-04-22T12:36:53.283+08:00,UT1_estimate+08:00,UT1_estimate+08:00,20658.562994727417,20658,15,12,12:36:53.283,36.614800833333334,36
169,1940-05-07T12:07:03.008,1940-05-21T13:33:17.868,1940-05-07T20:06:38.458+08:00,1940-05-21T21:32:53.303+08:00,UT1_estimate+08:00,UT1_estimate+08:00,20246.24767399835,20246,15,21,21:32:53.303,45.54813972222223,45
170,1940-06-06T01:05:18.916,1940-06-19T23:01:57.574,1940-06-06T09:04:54.335+08:00,1940-06-20T07:01:32.977+08:00,UT1_estimate+08:00,UT1_estimate+08:00,20036.644297453076,20036,15,7,07:01:32.977,31.025826944444418,31
171,1940-07-05T11:28:01.774,1940-07-19T09:55:41.429,1940-07-05T19:27:37.160+08:00,1940-07-19T17:55:16.799+08:00,UT1_estimate+08:00,UT1_estimate+08:00,20067.66090761279,20067,15,17,17:55:16.799,41.92133305555558,41
172,1940-08-03T20:09:27.710,1940-08-17T23:02:50.627,1940-08-04T04:09:03.063+08:00,1940-08-18T07:02:25.963+08:00,UT1_estimate+08:00,UT1_estimate+08:00,20333.381945240562,20333,15,7,07:02:25.963,31.040545277777767,31
173,1940-09-02T04:15:28.056,1940-09-16T14:41:07.670,1940-09-02T12:15:03.375+08:00,1940-09-16T22:40:42.971+08:00,UT1_estimate+08:00,UT1_estimate+08:00,20785.660218796613,20785,15,22,22:40:42.971,46.67860305555553,46
174,1940-10-01T12:41:28.860,1940-10-16T08:15:21.462,1940-10-01T20:41:04.144+08:00,1940-10-16T16:14:56.728+08:00,UT1_estimate+08:00,UT1_estimate+08:00,21333.87670388203,21333,16,16,16:14:56.728,64.24909111111106,64
175,1940-10-30T22:03:21.855,1940-11-15T02:23:37.096,1940-10-31T06:02:57.103+08:00,1940-11-15T10:23:12.325+08:00,UT1_estimate+08:00,UT1_estimate+08:00,21860.25401309647,21860,16,10,10:23:12.325,58.386756944444414,58
176,1940-11-29T08:42:15.428,1940-12-14T19:37:59.882,1940-11-29T16:41:50.640+08:00,1940-12-15T03:37:35.074+08:00,UT1_estimate+08:00,UT1_estimate+08:00,22255.74089771755,22255,17,3,03:37:35.074,75.62640944444445,75
177,1940-12-28T20:56:18.536,1941-01-13T11:04:28.173,1940-12-29T04:55:53.710+08:00,1941-01-13T19:04:03.327+08:00,UT1_estimate+08:00,UT1_estimate+08:00,22448.160605612025,22448,16,19,19:04:03.327,67.06759083333333,67
178,1941-01-27T11:03:04.222,1941-02-12T00:26:48.498,1941-01-27T19:02:39.358+08:00,1941-02-12T08:26:23.614+08:00,UT1_estimate+08:00,UT1_estimate+08:00,22403.737939080056,22403,17,8,08:26:23.614,80.4398927777778,80
179,1941-02-26T03:02:18.290,1941-03-13T11:47:07.785,1941-02-26T11:01:53.386+08:00,1941-03-13T19:46:42.861+08:00,UT1_estimate+08:00,UT1_estimate+08:00,22124.82492788043,22124,16,19,19:46:42.861,67.7785725,67
180,1941-03-27T20:14:06.913,1941-04-11T21:15:24.331,1941-03-28T04:13:41.969+08:00,1941-04-12T05:14:59.367+08:00,UT1_estimate+08:00,UT1_estimate+08:00,21661.290305227623,21661,16,5,05:14:59.367,53.24982416666671,53
181,1941-04-26T13:23:47.930,1941-05-11T05:15:43.876,1941-04-26T21:23:22.946+08:00,1941-05-11T13:15:18.872+08:00,UT1_estimate+08:00,UT1_estimate+08:00,21111.932435065508,21111,16,13,13:15:18.872,61.25524222222219,61
182,1941-05-26T05:18:46.565,1941-06-09T12:34:24.943,1941-05-26T13:18:21.540+08:00,1941-06-09T20:33:59.898+08:00,UT1_estimate+08:00,UT1_estimate+08:00,20595.63963897519,20595,15,20,20:33:59.898,44.566638333333344,44
183,1941-06-24T19:22:39.522,1941-07-08T20:17:45.067,1941-06-25T03:22:14.456+08:00,1941-07-09T04:17:19.980+08:00,UT1_estimate+08:00,UT1_estimate+08:00,20215.09241099964,20215,15,4,04:17:19.980,28.28888333333333,28
184,1941-07-24T07:39:06.919,1941-08-07T05:38:45.067,1941-07-24T15:38:41.810+08:00,1941-08-07T13:38:19.939+08:00,UT1_estimate+08:00,UT1_estimate+08:00,20039.63580127489,20039,15,13,13:38:19.939,37.638871944444475,37
185,1941-08-22T18:34:19.703,1941-09-05T17:36:19.684,1941-08-23T02:33:54.552+08:00,1941-09-06T01:35:54.512+08:00,UT1_estimate+08:00,UT1_estimate+08:00,20101.999679911023,20101,15,1,01:35:54.512,25.59847555555558,25
186,1941-09-21T04:38:53.693,1941-10-05T08:32:33.979,1941-09-21T12:38:28.499+08:00,1941-10-05T16:32:08.764+08:00,UT1_estimate+08:00,UT1_estimate+08:00,20393.671430581828,20393,15,16,16:32:08.764,40.53576777777778,40
187,1941-10-20T14:20:08.435,1941-11-04T02:00:06.984,1941-10-20T22:19:43.197+08:00,1941-11-04T09:59:41.725+08:00,UT1_estimate+08:00,UT1_estimate+08:00,20859.975823487846,20859,16,9,09:59:41.725,57.99492361111112,57
188,1941-11-19T00:03:59.329,1941-12-03T20:51:16.007,1941-11-19T08:03:34.047+08:00,1941-12-04T04:50:50.702+08:00,UT1_estimate+08:00,UT1_estimate+08:00,21407.277963108358,21407,16,4,04:50:50.702,52.84741722222225,52
189,1941-12-18T10:18:33.990,1942-01-02T15:42:05.734,1941-12-18T18:18:08.664+08:00,1942-01-02T23:41:40.385+08:00,UT1_estimate+08:00,UT1_estimate+08:00,21923.529069446293,21923,16,23,23:41:40.385,71.6945513888889,71
190,1942-01-16T21:31:59.652,1942-02-01T09:12:43.048,1942-01-17T05:31:34.280+08:00,1942-02-01T17:12:17.653+08:00,UT1_estimate+08:00,UT1_estimate+08:00,22300.723276116896,22300,16,17,17:12:17.653,65.20490361111109,65
191,1942-02-15T10:02:54.509,1942-03-03T00:20:11.186,1942-02-15T18:02:29.092+08:00,1942-03-03T08:19:45.745+08:00,UT1_estimate+08:00,UT1_estimate+08:00,22457.277952763015,22457,17,8,08:19:45.745,80.32937361111112,80
192,1942-03-16T23:50:18.086,1942-04-01T12:32:38.385,1942-03-17T07:49:52.623+08:00,1942-04-01T20:32:12.899+08:00,UT1_estimate+08:00,UT1_estimate+08:00,22362.338329120703,22362,16,20,20:32:12.899,68.53691638888887,68
193,1942-04-15T14:33:42.326,1942-04-30T21:59:53.893,1942-04-15T22:33:16.817+08:00,1942-05-01T05:59:28.360+08:00,UT1_estimate+08:00,UT1_estimate+08:00,22046.192783836115,22046,17,5,05:59:28.360,77.99121111111111,77
194,1942-05-15T05:45:30.147,1942-05-30T05:29:19.640,1942-05-15T13:45:04.592+08:00,1942-05-30T13:28:54.061+08:00,UT1_estimate+08:00,UT1_estimate+08:00,21583.824876697625,21583,16,13,13:28:54.061,61.48168361111112,61
195,1942-06-13T21:02:04.273,1942-06-28T12:09:43.743,1942-06-14T05:01:38.671+08:00,1942-06-28T20:09:18.118+08:00,UT1_estimate+08:00,UT1_estimate+08:00,21067.657843448487,21067,15,20,20:09:18.118,44.15503277777776,44
196,1942-07-13T12:03:32.492,1942-07-27T19:14:03.584,1942-07-13T20:03:06.843+08:00,1942-07-28T03:13:37.912+08:00,UT1_estimate+08:00,UT1_estimate+08:00,20590.51820176157,20590,16,3,03:13:37.912,51.2271977777778,51
197,1942-08-12T02:28:04.722,1942-08-26T03:46:29.477,1942-08-12T10:27:39.026+08:00,1942-08-26T11:46:03.759+08:00,UT1_estimate+08:00,UT1_estimate+08:00,20238.41258283728,20238,15,11,11:46:03.759,35.76771083333335,35
198,1942-09-10T15:53:06.063,1942-09-24T14:34:31.732,1942-09-10T23:52:40.320+08:00,1942-09-24T22:34:05.966+08:00,UT1_estimate+08:00,UT1_estimate+08:00,20081.42781989556,20081,15,22,22:34:05.966,46.56832388888887,46
199,1942-10-10T04:06:50.455,1942-10-24T04:05:39.742,1942-10-10T12:06:24.664+08:00,1942-10-24T12:05:13.929+08:00,UT1_estimate+08:00,UT1_estimate+08:00,20158.82144644373,20158,15,12,12:05:13.929,36.08720249999999,36
200,1942-11-08T15:19:25.168,1942-11-22T20:24:36.415,1942-11-08T23:18:59.329+08:00,1942-11-23T04:24:10.554+08:00,UT1_estimate+08:00,UT1_estimate+08:00,20465.18746363099,20465,16,4,04:24:10.554,52.40293166666669,52
201,1942-12-08T01:59:42.494,1942-12-22T15:03:34.559,1942-12-08T09:59:16.608+08:00,1942-12-22T23:03:08.649+08:00,UT1_estimate+08:00,UT1_estimate+08:00,20943.867748139644,20943,15,23,23:03:08.649,47.05240249999997,47
202,1943-01-06T12:37:57.438,1943-01-21T10:48:15.535,1943-01-06T20:37:31.505+08:00,1943-01-21T18:47:49.578+08:00,UT1_estimate+08:00,UT1_estimate+08:00,21490.30161623903,21490,16,18,18:47:49.578,66.79710499999999,66
203,1943-02-04T23:29:20.336,1943-02-20T05:45:09.414,1943-02-05T07:28:54.355+08:00,1943-02-20T13:44:43.408+08:00,UT1_estimate+08:00,UT1_estimate+08:00,21975.81796373971,21975,16,13,13:44:43.408,61.74539111111113,61
204,1943-03-06T10:34:00.281,1943-03-21T22:08:23.016,1943-03-06T18:33:34.252+08:00,1943-03-22T06:07:56.962+08:00,UT1_estimate+08:00,UT1_estimate+08:00,22294.378911047963,22294,17,6,06:07:56.962,78.13248944444445,78
205,1943-04-04T21:53:11.950,1943-04-20T11:10:57.677,1943-04-05T05:52:45.874+08:00,1943-04-20T19:10:31.575+08:00,UT1_estimate+08:00,UT1_estimate+08:00,22397.762112701632,22397,16,19,19:10:31.575,67.17543749999999,67
206,1943-05-04T09:43:34.693,1943-05-19T21:13:13.157,1943-05-04T17:43:08.568+08:00,1943-05-20T05:12:47.008+08:00,UT1_estimate+08:00,UT1_estimate+08:00,22289.6410686394,22289,17,5,05:12:47.008,77.21305777777775,77
207,1943-06-02T22:33:40.659,1943-06-18T05:14:27.882,1943-06-03T06:33:14.487+08:00,1943-06-18T13:14:01.685+08:00,UT1_estimate+08:00,UT1_estimate+08:00,22000.787052244614,22000,16,13,13:14:01.685,61.23380138888888,61
208,1943-07-02T12:44:07.849,1943-07-17T12:21:56.543,1943-07-02T20:43:41.629+08:00,1943-07-17T20:21:30.299+08:00,UT1_estimate+08:00,UT1_estimate+08:00,21577.81157542553,21577,16,20,20:21:30.299,68.35841638888894,68
209,1943-08-01T04:06:41.151,1943-08-15T19:34:22.305,1943-08-01T12:06:14.883+08:00,1943-08-16T03:33:56.014+08:00,UT1_estimate+08:00,UT1_estimate+08:00,21087.685901353707,21087,16,3,03:33:56.014,51.56555944444443,51
210,1943-08-30T19:59:54.288,1943-09-14T03:40:02.463,1943-08-31T03:59:27.973+08:00,1943-09-14T11:39:36.125+08:00,UT1_estimate+08:00,UT1_estimate+08:00,20620.136248573417,20620,15,11,11:39:36.125,35.660034722222235,35
211,1943-09-29T11:29:40.876,1943-10-13T13:22:59.833,1943-09-29T19:29:14.514+08:00,1943-10-13T21:22:33.448+08:00,UT1_estimate+08:00,UT1_estimate+08:00,20273.315954104448,20273,15,21,21:22:33.448,45.375957777777785,45
212,1943-10-29T01:59:34.866,1943-11-12T01:26:58.961,1943-10-29T09:59:08.457+08:00,1943-11-12T09:26:32.529+08:00,UT1_estimate+08:00,UT1_estimate+08:00,20127.40157569576,20127,15,9,09:26:32.529,33.44236916666671,33
213,1943-11-27T15:23:19.976,1943-12-11T16:24:51.633,1943-11-27T23:22:53.520+08:00,1943-12-12T00:24:25.155+08:00,UT1_estimate+08:00,UT1_estimate+08:00,20221.527624942686,20221,16,0,00:24:25.155,48.406987500000014,48
214,1943-12-27T03:50:31.103,1944-01-10T10:09:43.787,1943-12-27T11:50:04.600+08:00,1944-01-10T18:09:17.262+08:00,UT1_estimate+08:00,UT1_estimate+08:00,20539.211401509576,20539,15,18,18:09:17.262,42.154795000000036,42
215,1944-01-25T15:24:37.187,1944-02-09T05:29:55.284,1944-01-25T23:24:10.638+08:00,1944-02-09T13:29:28.713+08:00,UT1_estimate+08:00,UT1_estimate+08:00,21005.301626251166,21005,16,13,13:29:28.713,61.49130916666667,61
216,1944-02-24T01:59:18.902,1944-03-10T00:28:03.062,1944-02-24T09:58:52.308+08:00,1944-03-10T08:27:36.445+08:00,UT1_estimate+08:00,UT1_estimate+08:00,21508.736009469776,21508,16,8,08:27:36.445,56.46012361111116,56
217,1944-03-24T11:36:29.846,1944-04-08T17:22:02.069,1944-03-24T19:36:03.206+08:00,1944-04-09T01:21:35.407+08:00,UT1_estimate+08:00,UT1_estimate+08:00,21945.537065133576,21945,17,1,01:21:35.407,73.35983527777773,73
218,1944-04-22T20:43:49.725,1944-05-08T07:28:34.632,1944-04-23T04:43:23.040+08:00,1944-05-08T15:28:07.924+08:00,UT1_estimate+08:00,UT1_estimate+08:00,22244.748450720235,22244,16,15,15:28:07.924,63.4688677777778,63
219,1944-05-22T06:12:52.337,1944-06-06T18:58:00.681,1944-05-22T14:12:25.609+08:00,1944-06-07T02:57:33.929+08:00,UT1_estimate+08:00,UT1_estimate+08:00,22365.139054575266,22365,17,2,02:57:33.929,74.9594247222222,74
220,1944-06-20T16:59:59.680,1944-07-06T04:27:06.254,1944-06-21T00:59:32.908+08:00,1944-07-06T12:26:39.458+08:00,UT1_estimate+08:00,UT1_estimate+08:00,22287.10956060253,22287,16,12,12:26:39.458,60.44429388888892,60
221,1944-07-20T05:42:50.945,1944-08-04T12:39:39.064,1944-07-20T13:42:24.129+08:00,1944-08-04T20:39:12.225+08:00,UT1_estimate+08:00,UT1_estimate+08:00,22016.801977980722,22016,16,20,20:39:12.225,68.65339583333338,68
222,1944-08-18T20:25:04.098,1944-09-02T20:21:22.981,1944-08-19T04:24:37.238+08:00,1944-09-03T04:20:56.099+08:00,UT1_estimate+08:00,UT1_estimate+08:00,21596.31471886716,21596,16,4,04:20:56.099,52.34891638888888,52
223,1944-09-17T12:37:45.660,1944-10-02T04:22:06.809,1944-09-17T20:37:18.757+08:00,1944-10-02T12:21:39.885+08:00,UT1_estimate+08:00,UT1_estimate+08:00,21104.352486895576,21104,16,12,12:21:39.885,60.361079166666684,60
224,1944-10-17T05:35:11.213,1944-10-31T13:35:48.916,1944-10-17T13:34:44.267+08:00,1944-10-31T21:35:21.950+08:00,UT1_estimate+08:00,UT1_estimate+08:00,20640.628377009303,20640,15,21,21:35:21.950,45.589430555555566,45
225,1944-11-15T22:29:39.059,1944-11-30T00:52:10.246,1944-11-16T06:29:12.071+08:00,1944-11-30T08:51:43.238+08:00,UT1_estimate+08:00,UT1_estimate+08:00,20302.51978030053,20302,15,8,08:51:43.238,32.862010555555514,32
226,1944-12-15T14:35:02.090,1944-12-29T14:38:31.572,1944-12-15T22:34:35.061+08:00,1944-12-29T22:38:04.524+08:00,UT1_estimate+08:00,UT1_estimate+08:00,20163.49137094259,20163,15,22,22:38:04.524,46.63459,46
227,1945-01-14T05:07:00.725,1945-01-28T06:41:31.759,1945-01-14T13:06:33.657+08:00,1945-01-28T14:41:04.671+08:00,UT1_estimate+08:00,UT1_estimate+08:00,20254.51722637106,20254,15,14,14:41:04.671,38.68463083333336,38
228,1945-02-12T17:33:35.849,1945-02-27T00:07:11.158,1945-02-13T01:33:08.740+08:00,1945-02-27T08:06:44.031+08:00,UT1_estimate+08:00,UT1_estimate+08:00,20553.58849725649,20553,15,8,08:06:44.031,32.11223083333334,32
229,1945-03-14T03:51:19.924,1945-03-28T17:44:50.414,1945-03-14T11:50:52.777+08:00,1945-03-29T01:44:23.248+08:00,UT1_estimate+08:00,UT1_estimate+08:00,20993.50817474041,20993,16,1,01:44:23.248,49.73979111111106,49
230,1945-04-12T12:29:58.821,1945-04-27T10:33:08.795,1945-04-12T20:29:31.635+08:00,1945-04-27T18:32:41.590+08:00,UT1_estimate+08:00,UT1_estimate+08:00,21483.16623427054,21483,16,18,18:32:41.590,66.54488611111111,66
231,1945-05-11T20:21:54.139,1945-05-27T01:49:16.523,1945-05-12T04:21:26.915+08:00,1945-05-27T09:48:49.281+08:00,UT1_estimate+08:00,UT1_estimate+08:00,21927.373073749004,21927,16,9,09:48:49.281,57.81368916666668,57
232,1945-06-10T04:26:04.661,1945-06-25T15:08:18.672,1945-06-10T12:25:37.400+08:00,1945-06-25T23:07:51.392+08:00,UT1_estimate+08:00,UT1_estimate+08:00,22242.233514013133,22242,16,23,23:07:51.392,71.13094222222225,71
233,1945-07-09T13:35:40.892,1945-07-25T02:25:54.196,1945-07-09T21:35:13.595+08:00,1945-07-25T10:25:26.880+08:00,UT1_estimate+08:00,UT1_estimate+08:00,22370.221725761585,22370,17,10,10:25:26.880,82.42413333333332,82
234,1945-08-08T00:32:11.048,1945-08-23T12:03:17.951,1945-08-08T08:31:43.715+08:00,1945-08-23T20:02:50.599+08:00,UT1_estimate+08:00,UT1_estimate+08:00,22291.115042002893,22291,16,20,20:02:50.599,68.0473886111111,68
235,1945-09-06T13:43:57.871,1945-09-21T20:46:02.615,1945-09-06T21:43:30.502+08:00,1945-09-22T04:45:35.227+08:00,UT1_estimate+08:00,UT1_estimate+08:00,22022.07905690925,22022,17,4,04:45:35.227,76.75978527777778,76
236,1945-10-06T05:22:42.989,1945-10-21T05:32:08.780,1945-10-06T13:22:15.584+08:00,1945-10-21T13:31:41.358+08:00,UT1_estimate+08:00,UT1_estimate+08:00,21609.429864638692,21609,16,13,13:31:41.358,61.52815500000003,61
237,1945-11-04T23:11:03.123,1945-11-19T15:13:16.760,1945-11-05T07:10:35.683+08:00,1945-11-19T23:12:49.303+08:00,UT1_estimate+08:00,UT1_estimate+08:00,21122.227285634595,21122,15,23,23:12:49.303,47.21369527777779,47
238,1945-12-04T18:07:02.418,1945-12-19T02:17:49.087,1945-12-05T02:06:34.944+08:00,1945-12-19T10:17:21.596+08:00,UT1_estimate+08:00,UT1_estimate+08:00,20650.777809625004,20650,15,10,10:17:21.596,34.289332222222185,34
239,1946-01-03T12:30:05.300,1946-01-17T14:46:59.670,1946-01-03T20:29:37.791+08:00,1946-01-17T22:46:32.146+08:00,UT1_estimate+08:00,UT1_estimate+08:00,20296.90617566037,20296,15,22,22:46:32.146,46.7755961111111,46
240,1946-02-02T04:43:32.964,1946-02-16T04:28:16.076,1946-02-02T12:43:05.422+08:00,1946-02-16T12:27:48.519+08:00,UT1_estimate+08:00,UT1_estimate+08:00,20144.718540580234,20144,15,12,12:27:48.519,36.46347750000001,36
241,1946-03-03T18:01:47.807,1946-03-17T19:11:24.836,1946-03-04T02:01:20.232+08:00,1946-03-18T03:10:57.246+08:00,UT1_estimate+08:00,UT1_estimate+08:00,20229.617154840314,20229,15,3,03:10:57.246,27.182568333333336,27
242,1946-04-02T04:37:40.592,1946-04-16T10:47:28.247,1946-04-02T12:37:12.985+08:00,1946-04-16T18:47:00.624+08:00,UT1_estimate+08:00,UT1_estimate+08:00,20529.79424453779,20529,15,18,18:47:00.624,42.78350666666671,42
243,1946-05-01T13:16:26.443,1946-05-16T02:52:54.995,1946-05-01T21:15:58.804+08:00,1946-05-16T10:52:27.340+08:00,UT1_estimate+08:00,UT1_estimate+08:00,20976.475856856785,20976,16,10,10:52:27.340,58.87426111111114,58
244,1946-05-30T20:49:47.033,1946-06-14T18:42:03.199,1946-05-31T04:49:19.363+08:00,1946-06-15T02:41:35.512+08:00,UT1_estimate+08:00,UT1_estimate+08:00,21472.26942721425,21472,16,2,02:41:35.512,50.69319777777781,50
245,1946-06-29T04:06:09.283,1946-07-14T09:23:01.579,1946-06-29T12:05:41.582+08:00,1946-07-14T17:22:33.862+08:00,UT1_estimate+08:00,UT1_estimate+08:00,21916.871599079022,21916,16,17,17:22:33.862,65.37607277777778,65
246,1946-07-28T11:53:59.627,1946-08-12T22:26:15.022,1946-07-28T19:53:31.894+08:00,1946-08-13T06:25:47.274+08:00,UT1_estimate+08:00,UT1_estimate+08:00,22232.256591821006,22232,17,6,06:25:47.274,78.42979833333334,78
247,1946-08-26T21:07:42.521,1946-09-11T09:59:53.366,1946-08-27T05:07:14.758+08:00,1946-09-11T17:59:25.586+08:00,UT1_estimate+08:00,UT1_estimate+08:00,22372.180738638945,22372,16,17,17:59:25.586,65.99044055555555,65
248,1946-09-25T08:45:42.521,1946-10-10T20:40:54.714,1946-09-25T16:45:14.728+08:00,1946-10-11T04:40:26.905+08:00,UT1_estimate+08:00,UT1_estimate+08:00,22315.20322508172,22315,17,4,04:40:26.905,76.67414027777778,76
249,1946-10-24T23:32:16.164,1946-11-09T07:10:40.158,1946-10-25T07:31:48.341+08:00,1946-11-09T15:10:12.319+08:00,UT1_estimate+08:00,UT1_estimate+08:00,22058.39989969986,22058,16,15,15:10:12.319,63.17008861111111,63
250,1946-11-23T17:24:13.870,1946-12-08T17:52:25.270,1946-11-24T01:23:46.016+08:00,1946-12-09T01:51:57.401+08:00,UT1_estimate+08:00,UT1_estimate+08:00,21628.18999707287,21628,16,1,01:51:57.401,49.86594472222225,49
251,1946-12-23T13:06:28.789,1947-01-07T04:47:06.905,1946-12-23T21:06:00.906+08:00,1947-01-07T12:46:39.007+08:00,UT1_estimate+08:00,UT1_estimate+08:00,21100.63525913414,21100,16,12,12:46:39.007,60.77750194444445,60
252,1947-01-22T08:34:44.250,1947-02-05T15:50:53.454,1947-01-22T16:34:16.337+08:00,1947-02-05T23:50:25.528+08:00,UT1_estimate+08:00,UT1_estimate+08:00,20596.153403549943,20596,15,23,23:50:25.528,47.84042444444441,47
253,1947-02-21T02:00:27.475,1947-03-07T03:15:32.805,1947-02-21T09:59:59.533+08:00,1947-03-07T11:15:04.850+08:00,UT1_estimate+08:00,UT1_estimate+08:00,20235.08884146021,20235,15,11,11:15:04.850,35.25134722222225,35
254,1947-03-22T16:34:31.556,1947-04-05T15:28:49.400,1947-03-23T00:34:03.585+08:00,1947-04-05T23:28:21.416+08:00,UT1_estimate+08:00,UT1_estimate+08:00,20094.297394139438,20094,14,23,23:28:21.416,23.472615555555535,23
255,1947-04-21T04:19:43.047,1947-05-05T04:53:41.051,1947-04-21T12:19:15.048+08:00,1947-05-05T12:53:13.038+08:00,UT1_estimate+08:00,UT1_estimate+08:00,20193.966718577394,20193,15,12,12:53:13.038,36.886955,36
256,1947-05-20T13:44:07.537,1947-06-03T19:27:10.540,1947-05-20T21:43:39.510+08:00,1947-06-04T03:26:42.499+08:00,UT1_estimate+08:00,UT1_estimate+08:00,20503.05004970295,20503,16,3,03:26:42.499,51.44513861111113,51
257,1947-06-18T21:26:32.477,1947-07-03T10:38:59.677,1947-06-19T05:26:04.422+08:00,1947-07-03T18:38:31.608+08:00,UT1_estimate+08:00,UT1_estimate+08:00,20952.45332953573,20952,15,18,18:38:31.608,42.64211333333333,42
258,1947-07-18T04:15:44.123,1947-08-02T01:50:22.926,1947-07-18T12:15:16.040+08:00,1947-08-02T09:49:54.829+08:00,UT1_estimate+08:00,UT1_estimate+08:00,21454.646709025,21454,16,9,09:49:54.829,57.831896944444395,57
259,1947-08-16T11:12:51.648,1947-08-31T16:34:30.404,1947-08-16T19:12:23.538+08:00,1947-09-01T00:34:02.279+08:00,UT1_estimate+08:00,UT1_estimate+08:00,21921.645924022196,21921,17,0,00:34:02.279,72.56729972222223,72
260,1947-09-14T19:28:32.612,1947-09-30T06:41:14.048,1947-09-15T03:28:04.474+08:00,1947-09-30T14:40:45.896+08:00,UT1_estimate+08:00,UT1_estimate+08:00,22272.690604374715,22272,16,14,14:40:45.896,62.67941555555552,62
261,1947-10-14T06:10:34.326,1947-10-29T20:07:15.614,1947-10-14T14:10:06.161+08:00,1947-10-30T04:06:47.435+08:00,UT1_estimate+08:00,UT1_estimate+08:00,22436.688144919637,22436,17,4,04:06:47.435,76.11317638888892,76
262,1947-11-12T20:01:23.126,1947-11-28T08:45:41.456,1947-11-13T04:00:54.933+08:00,1947-11-28T16:45:13.249+08:00,UT1_estimate+08:00,UT1_estimate+08:00,22364.305504951764,22364,16,16,16:45:13.249,64.75368027777779,64
263,1947-12-12T12:53:42.417,1947-12-27T20:27:19.830,1947-12-12T20:53:14.197+08:00,1947-12-28T04:26:51.595+08:00,UT1_estimate+08:00,UT1_estimate+08:00,22053.623536685776,22053,17,4,04:26:51.595,76.44766527777779,76
264,1948-01-11T07:45:03.079,1948-01-26T07:11:54.002,1948-01-11T15:44:34.832+08:00,1948-01-26T15:11:25.741+08:00,UT1_estimate+08:00,UT1_estimate+08:00,21566.848717801895,21566,16,15,15:11:25.741,63.19048361111106,63
265,1948-02-10T03:02:14.772,1948-02-24T17:16:07.944,1948-02-10T11:01:46.497+08:00,1948-02-25T01:15:39.656+08:00,UT1_estimate+08:00,UT1_estimate+08:00,21013.886204617622,21013,16,1,01:15:39.656,49.26101555555556,49
266,1948-03-10T21:15:20.075,1948-03-25T03:10:35.286,1948-03-11T05:14:51.772+08:00,1948-03-25T11:10:06.971+08:00,UT1_estimate+08:00,UT1_estimate+08:00,20515.253526916822,20515,15,11,11:10:06.971,35.168603055555536,35
267,1948-04-09T13:16:59.831,1948-04-23T13:28:45.512,1948-04-09T21:16:31.502+08:00,1948-04-23T21:28:17.170+08:00,UT1_estimate+08:00,UT1_estimate+08:00,20171.761350136603,20171,15,21,21:28:17.170,45.471436111111075,45
268,1948-05-09T02:30:35.705,1948-05-23T00:37:26.713,1948-05-09T10:30:07.349+08:00,1948-05-23T08:36:58.343+08:00,UT1_estimate+08:00,UT1_estimate+08:00,20046.850123808217,20046,15,8,08:36:58.343,32.61620638888894,32
269,1948-06-07T12:55:54.823,1948-06-21T12:54:31.198,1948-06-07T20:55:26.440+08:00,1948-06-21T20:54:02.801+08:00,UT1_estimate+08:00,UT1_estimate+08:00,20158.6062432383,20158,15,20,20:54:02.801,44.90077805555558,44
270,1948-07-06T21:09:10.077,1948-07-21T02:31:30.235,1948-07-07T05:08:41.667+08:00,1948-07-21T10:31:01.811+08:00,UT1_estimate+08:00,UT1_estimate+08:00,20482.335962221878,20482,15,10,10:31:01.811,34.51716972222221,34
271,1948-08-05T04:13:12.587,1948-08-19T17:32:14.610,1948-08-05T12:12:44.149+08:00,1948-08-20T01:31:46.159+08:00,UT1_estimate+08:00,UT1_estimate+08:00,20959.033726680427,20959,16,1,01:31:46.159,49.529488611111105,49
272,1948-09-03T11:21:39.157,1948-09-18T09:43:17.899,1948-09-03T19:21:10.692+08:00,1948-09-18T17:42:49.421+08:00,UT1_estimate+08:00,UT1_estimate+08:00,21501.64570120638,21501,16,17,17:42:49.421,65.71372805555558,65
273,1948-10-02T19:42:16.070,1948-10-18T02:23:52.630,1948-10-03T03:41:47.579+08:00,1948-10-18T10:23:24.124+08:00,UT1_estimate+08:00,UT1_estimate+08:00,22001.609323120116,22001,16,10,10:23:24.124,58.39003444444444,58
274,1948-11-01T06:03:01.138,1948-11-16T18:31:50.536,1948-11-01T14:02:32.620+08:00,1948-11-17T02:31:22.003+08:00,UT1_estimate+08:00,UT1_estimate+08:00,22348.8232946477,22348,17,2,02:31:22.003,74.52277861111111,74
275,1948-11-30T18:44:55.903,1948-12-16T09:11:23.374,1948-12-01T02:44:27.357+08:00,1948-12-16T17:10:54.813+08:00,UT1_estimate+08:00,UT1_estimate+08:00,22466.457839877738,22466,16,17,17:10:54.813,65.1818925,65
276,1948-12-30T09:45:04.393,1949-01-14T21:59:57.166,1948-12-30T17:44:35.819+08:00,1949-01-15T05:59:28.578+08:00,UT1_estimate+08:00,UT1_estimate+08:00,22334.879550377547,22334,17,5,05:59:28.578,77.99127166666665,77
277,1949-01-29T02:42:37.179,1949-02-13T09:08:43.543,1949-01-29T10:42:08.578+08:00,1949-02-13T17:08:14.927+08:00,UT1_estimate+08:00,UT1_estimate+08:00,21986.106059864615,21986,16,17,17:08:14.927,65.13747972222222,65
278,1949-02-27T20:55:10.962,1949-03-14T19:03:17.485,1949-02-28T04:54:42.332+08:00,1949-03-15T03:02:48.842+08:00,UT1_estimate+08:00,UT1_estimate+08:00,21488.10872673258,21488,16,3,03:02:48.842,51.04690055555557,51
279,1949-03-29T15:11:06.033,1949-04-13T04:08:53.080,1949-03-29T23:10:37.375+08:00,1949-04-13T12:08:24.409+08:00,UT1_estimate+08:00,UT1_estimate+08:00,20937.784128089013,20937,16,12,12:08:24.409,60.14011361111113,60
280,1949-04-28T08:02:41.730,1949-05-12T12:51:14.275,1949-04-28T16:02:13.044+08:00,1949-05-12T20:50:45.575+08:00,UT1_estimate+08:00,UT1_estimate+08:00,20448.542421884795,20448,15,20,20:50:45.575,44.84599305555554,44
281,1949-05-27T22:24:18.455,1949-06-10T21:45:42.468,1949-05-28T06:23:49.740+08:00,1949-06-11T05:45:13.740+08:00,UT1_estimate+08:00,UT1_estimate+08:00,20121.400214744135,20121,15,5,05:45:13.740,29.753816666666637,29
282,1949-06-26T10:02:26.512,1949-07-10T07:41:37.873,1949-06-26T18:01:57.769+08:00,1949-07-10T15:41:09.116+08:00,UT1_estimate+08:00,UT1_estimate+08:00,20019.1893519732,20019,15,15,15:41:09.116,39.68586555555555,39
283,1949-07-25T19:33:32.281,1949-08-08T19:33:43.812,1949-07-26T03:33:03.509+08:00,1949-08-09T03:33:15.026+08:00,UT1_estimate+08:00,UT1_estimate+08:00,20160.192182450464,20160,15,3,03:33:15.026,27.554173888888897,27
284,1949-08-24T03:59:29.727,1949-09-07T09:59:50.697,1949-08-24T11:59:00.927+08:00,1949-09-07T17:59:21.883+08:00,UT1_estimate+08:00,UT1_estimate+08:00,20520.34949358076,20520,15,17,17:59:21.883,41.98941194444444,41
285,1949-09-22T12:21:26.561,1949-10-07T02:53:02.627,1949-09-22T20:20:57.732+08:00,1949-10-07T10:52:33.783+08:00,UT1_estimate+08:00,UT1_estimate+08:00,21031.601105496997,21031,16,10,10:52:33.783,58.87605083333335,58
286,1949-10-21T21:23:16.275,1949-11-05T21:09:29.390,1949-10-22T05:22:47.416+08:00,1949-11-06T05:09:00.517+08:00,UT1_estimate+08:00,UT1_estimate+08:00,21586.218596208575,21586,16,5,05:09:00.517,53.150143611111105,53
287,1949-11-20T07:29:33.573,1949-12-05T15:13:57.614,1949-11-20T15:29:04.685+08:00,1949-12-05T23:13:28.710+08:00,UT1_estimate+08:00,UT1_estimate+08:00,22064.400673772336,22064,16,23,23:13:28.710,71.22464166666668,71
288,1949-12-19T18:56:04.477,1950-01-04T07:48:15.025,1949-12-20T02:55:35.558+08:00,1950-01-04T15:47:46.090+08:00,UT1_estimate+08:00,UT1_estimate+08:00,22372.175808854867,22372,16,15,15:47:46.090,63.79613611111114,63
289,1950-01-18T07:59:59.651,1950-02-02T22:16:35.583,1950-01-18T15:59:30.701+08:00,1950-02-03T06:16:06.617+08:00,UT1_estimate+08:00,UT1_estimate+08:00,22456.59886970059,22456,17,6,06:16:06.617,78.26850472222225,78
290,1950-02-16T22:53:21.277,1950-03-04T10:34:17.275,1950-02-17T06:52:52.296+08:00,1950-03-04T18:33:48.278+08:00,UT1_estimate+08:00,UT1_estimate+08:00,22300.933304116425,22300,16,18,18:33:48.278,66.56341055555555,66
291,1950-03-18T15:20:30.108,1950-04-02T20:49:16.506,1950-03-18T23:20:01.096+08:00,1950-04-03T04:48:47.479+08:00,UT1_estimate+08:00,UT1_estimate+08:00,21928.77330309467,21928,17,4,04:48:47.479,76.81318861111112,76
292,1950-04-17T08:25:46.638,1950-05-02T05:19:58.617,1950-04-17T16:25:17.595+08:00,1950-05-02T13:19:29.558+08:00,UT1_estimate+08:00,UT1_estimate+08:00,21414.199646415655,21414,16,13,13:19:29.558,61.3248772222222,61
293,1950-05-17T00:54:51.197,1950-05-31T12:43:28.836,1950-05-17T08:54:22.122+08:00,1950-05-31T20:42:59.745+08:00,UT1_estimate+08:00,UT1_estimate+08:00,20868.62730606358,20868,15,20,20:42:59.745,44.71659583333337,44
294,1950-06-15T15:53:15.637,1950-06-29T19:58:36.725,1950-06-15T23:52:46.530+08:00,1950-06-30T03:58:07.603+08:00,UT1_estimate+08:00,UT1_estimate+08:00,20405.351465052554,20405,16,3,03:58:07.603,51.96877861111108,51
295,1950-07-15T05:05:56.351,1950-07-29T04:18:04.927,1950-07-15T13:05:27.212+08:00,1950-07-29T12:17:35.774+08:00,UT1_estimate+08:00,UT1_estimate+08:00,20112.14294496167,20112,15,12,12:17:35.774,36.29327055555552,36
296,1950-08-13T16:48:45.677,1950-08-27T14:51:23.043,1950-08-14T00:48:16.507+08:00,1950-08-27T22:50:53.858+08:00,UT1_estimate+08:00,UT1_estimate+08:00,20042.62277012218,20042,14,22,22:50:53.858,22.848293888888918,22
297,1950-09-12T03:29:22.038,1950-09-26T04:21:55.266,1950-09-12T11:28:52.836+08:00,1950-09-26T12:21:26.049+08:00,UT1_estimate+08:00,UT1_estimate+08:00,20212.55379778667,20212,15,12,12:21:26.049,36.35723583333339,36
298,1950-10-11T13:34:03.846,1950-10-25T20:46:54.220,1950-10-11T21:33:34.612+08:00,1950-10-26T04:46:24.971+08:00,UT1_estimate+08:00,UT1_estimate+08:00,20592.839575093614,20592,16,4,04:46:24.971,52.773603055555554,52
299,1950-11-09T23:25:54.250,1950-11-24T15:14:33.250,1950-11-10T07:25:24.985+08:00,1950-11-24T23:14:03.969+08:00,UT1_estimate+08:00,UT1_estimate+08:00,21108.649999302117,21108,15,23,23:14:03.969,47.23443583333335,47
300,1950-12-09T09:29:01.211,1950-12-24T10:23:24.407,1950-12-09T17:28:31.914+08:00,1950-12-24T18:22:55.093+08:00,UT1_estimate+08:00,UT1_estimate+08:00,21654.38660175963,21654,16,18,18:22:55.093,66.38197027777778,66
301,1951-01-07T20:10:24.774,1951-01-23T04:47:27.524,1951-01-08T04:09:55.445+08:00,1951-01-23T12:46:58.179+08:00,UT1_estimate+08:00,UT1_estimate+08:00,22117.045835649304,22117,16,12,12:46:58.179,60.782827499999996,60
302,1951-02-06T07:54:12.064,1951-02-21T21:12:40.007,1951-02-06T15:53:42.704+08:00,1951-02-22T05:12:10.630+08:00,UT1_estimate+08:00,UT1_estimate+08:00,22398.46571663719,22398,17,5,05:12:10.630,77.20295277777774,77
303,1951-03-07T20:51:00.395,1951-03-23T10:50:16.430,1951-03-08T04:50:31.003+08:00,1951-03-23T18:49:47.021+08:00,UT1_estimate+08:00,UT1_estimate+08:00,22439.267254181388,22439,16,18,18:49:47.021,66.82972805555556,66
304,1951-04-06T10:52:07.018,1951-04-21T21:30:25.500,1951-04-06T18:51:37.594+08:00,1951-04-22T05:29:56.059+08:00,UT1_estimate+08:00,UT1_estimate+08:00,22238.308029559666,22238,17,5,05:29:56.059,77.49890527777774,77
305,1951-05-06T01:36:02.646,1951-05-21T05:45:09.849,1951-05-06T09:35:33.191+08:00,1951-05-21T13:44:40.378+08:00,UT1_estimate+08:00,UT1_estimate+08:00,21849.12005355889,21849,16,13,13:44:40.378,61.74454944444443,61
306,1951-06-04T16:40:49.526,1951-06-19T12:36:23.145,1951-06-05T00:40:20.039+08:00,1951-06-19T20:35:53.644+08:00,UT1_estimate+08:00,UT1_estimate+08:00,21355.560326193518,21355,15,20,20:35:53.644,44.59823444444447,44
307,1951-07-04T07:48:28.068,1951-07-18T19:17:52.165,1951-07-04T15:47:58.551+08:00,1951-07-19T03:17:22.633+08:00,UT1_estimate+08:00,UT1_estimate+08:00,20849.401618499815,20849,16,3,03:17:22.633,51.28962027777777,51
308,1951-08-02T22:39:42.138,1951-08-17T02:59:55.284,1951-08-03T06:39:12.590+08:00,1951-08-17T10:59:25.721+08:00,UT1_estimate+08:00,UT1_estimate+08:00,20420.219095634693,20420,15,10,10:59:25.721,34.99047805555551,34
309,1951-09-01T12:50:04.321,1951-09-15T12:38:51.011,1951-09-01T20:49:34.743+08:00,1951-09-15T20:38:21.418+08:00,UT1_estimate+08:00,UT1_estimate+08:00,20148.778164239284,20148,15,20,20:38:21.418,44.639282777777794,44
310,1951-10-01T01:57:08.923,1951-10-15T00:51:22.623,1951-10-01T09:56:39.314+08:00,1951-10-15T08:50:53.001+08:00,UT1_estimate+08:00,UT1_estimate+08:00,20094.228345153708,20094,15,8,08:50:53.001,32.84805583333332,32
311,1951-10-30T13:55:01.233,1951-11-13T15:52:33.943,1951-10-30T21:54:31.595+08:00,1951-11-13T23:52:04.291+08:00,UT1_estimate+08:00,UT1_estimate+08:00,20277.54516446231,20277,15,23,23:52:04.291,47.8678586111111,47
312,1951-11-29T01:00:46.798,1951-12-13T09:30:56.397,1951-11-29T09:00:17.131+08:00,1951-12-13T17:30:26.716+08:00,UT1_estimate+08:00,UT1_estimate+08:00,20670.159980479686,20670,15,17,17:30:26.716,41.507421111111114,41
313,1951-12-28T11:43:49.857,1952-01-12T04:55:28.363,1951-12-28T19:43:20.161+08:00,1952-01-12T12:54:58.653+08:00,UT1_estimate+08:00,UT1_estimate+08:00,21191.641768895697,21191,16,12,12:54:58.653,60.9162925,60
314,1952-01-26T22:26:48.560,1952-02-11T00:28:40.272,1952-01-27T06:26:18.837+08:00,1952-02-11T08:28:10.535+08:00,UT1_estimate+08:00,UT1_estimate+08:00,21721.861865972758,21721,16,8,08:28:10.535,56.46959305555555,56
315,1952-02-25T09:16:27.015,1952-03-11T18:14:25.785,1952-02-25T17:15:57.264+08:00,1952-03-12T02:13:56.020+08:00,UT1_estimate+08:00,UT1_estimate+08:00,22137.97950125242,22137,17,2,02:13:56.020,74.23222777777778,74
316,1952-03-25T20:13:04.339,1952-04-10T08:53:38.201,1952-03-26T04:12:34.561+08:00,1952-04-10T16:53:08.409+08:00,UT1_estimate+08:00,UT1_estimate+08:00,22360.564375207996,22360,16,16,16:53:08.409,64.88566916666667,64
317,1952-04-24T07:27:48.077,1952-05-09T20:16:16.112,1952-04-24T15:27:18.273+08:00,1952-05-10T04:15:46.294+08:00,UT1_estimate+08:00,UT1_estimate+08:00,22368.46725623256,22368,17,4,04:15:46.294,76.26285944444442,76
318,1952-05-23T19:28:16.857,1952-06-08T05:07:21.922,1952-05-24T03:27:47.027+08:00,1952-06-08T13:06:52.079+08:00,UT1_estimate+08:00,UT1_estimate+08:00,22179.08442324424,22179,16,13,13:06:52.079,61.11446638888884,61
319,1952-06-22T08:45:32.747,1952-07-07T12:33:57.501,1952-06-22T16:45:02.892+08:00,1952-07-07T20:33:27.633+08:00,UT1_estimate+08:00,UT1_estimate+08:00,21828.41256046393,21828,16,20,20:33:27.633,68.55767583333329,68
320,1952-07-21T23:31:03.566,1952-08-05T19:40:29.493,1952-07-22T07:30:33.686+08:00,1952-08-06T03:39:59.601+08:00,UT1_estimate+08:00,UT1_estimate+08:00,21369.432119094545,21369,16,3,03:39:59.601,51.66655583333335,51
321,1952-08-20T15:20:50.069,1952-09-04T03:19:44.879,1952-08-20T23:20:20.165+08:00,1952-09-04T11:19:14.963+08:00,UT1_estimate+08:00,UT1_estimate+08:00,20878.913492164265,20878,16,11,11:19:14.963,59.320823055555536,59
322,1952-09-19T07:22:14.654,1952-10-03T12:15:41.429,1952-09-19T15:21:44.727+08:00,1952-10-03T20:15:11.491+08:00,UT1_estimate+08:00,UT1_estimate+08:00,20453.44625502442,20453,15,20,20:15:11.491,44.25319194444444,44
323,1952-10-18T22:42:45.740,1952-11-01T23:10:13.178,1952-10-19T06:42:15.790+08:00,1952-11-02T07:09:43.218+08:00,UT1_estimate+08:00,UT1_estimate+08:00,20187.45731245435,20187,15,7,07:09:43.218,31.162005000000022,31
324,1952-11-17T12:56:13.553,1952-12-01T12:41:51.801,1952-11-17T20:55:43.582+08:00,1952-12-01T20:41:21.820+08:00,UT1_estimate+08:00,UT1_estimate+08:00,20145.637475767533,20145,15,20,20:41:21.820,44.689394444444474,44
325,1952-12-17T02:02:55.266,1952-12-31T05:06:06.318,1952-12-17T10:02:25.274+08:00,1952-12-31T13:05:36.316+08:00,UT1_estimate+08:00,UT1_estimate+08:00,20343.184190891476,20343,15,13,13:05:36.316,37.09342111111113,37
326,1953-01-15T14:08:47.084,1953-01-29T23:44:40.722,1953-01-15T22:08:17.072+08:00,1953-01-30T07:44:10.700+08:00,UT1_estimate+08:00,UT1_estimate+08:00,20735.89396393614,20735,16,7,07:44:10.700,55.73630555555553,55
327,1953-02-14T01:10:45.390,1953-02-28T18:59:12.376,1953-02-14T09:10:15.359+08:00,1953-03-01T02:58:42.336+08:00,UT1_estimate+08:00,UT1_estimate+08:00,21228.449776030495,21228,16,2,02:58:42.336,50.97842666666662,50
328,1953-03-15T11:05:28.800,1953-03-30T12:55:21.570,1953-03-15T19:04:58.751+08:00,1953-03-30T20:54:51.512+08:00,UT1_estimate+08:00,UT1_estimate+08:00,21709.87950343683,21709,16,20,20:54:51.512,68.91430888888891,68
329,1953-04-13T20:09:20.721,1953-04-29T04:20:55.034,1953-04-14T04:08:50.655+08:00,1953-04-29T12:20:24.959+08:00,UT1_estimate+08:00,UT1_estimate+08:00,22091.57188179023,22091,16,12,12:20:24.959,60.34026638888889,60
330,1953-05-13T05:06:10.195,1953-05-28T17:03:26.580,1953-05-13T13:05:40.111+08:00,1953-05-29T01:02:56.488+08:00,UT1_estimate+08:00,UT1_estimate+08:00,22317.27309407267,22317,17,1,01:02:56.488,73.0490244444444,73
331,1953-06-11T14:55:13.029,1953-06-27T03:29:46.203,1953-06-11T22:54:42.930+08:00,1953-06-27T11:29:16.095+08:00,UT1_estimate+08:00,UT1_estimate+08:00,22354.552887925365,22354,17,11,11:29:16.095,83.48780416666665,83
332,1953-07-11T02:28:37.486,1953-07-26T12:21:05.602,1953-07-11T10:28:07.371+08:00,1953-07-26T20:20:35.478+08:00,UT1_estimate+08:00,UT1_estimate+08:00,22192.46859436389,22192,16,20,20:20:35.478,68.34318833333327,68
333,1953-08-09T16:10:26.228,1953-08-24T20:21:12.276,1953-08-10T00:09:56.097+08:00,1953-08-25T04:20:42.137+08:00,UT1_estimate+08:00,UT1_estimate+08:00,21850.76747635254,21850,16,4,04:20:42.137,52.34503805555556,52
334,1953-09-08T07:48:03.679,1953-09-23T04:16:07.338,1953-09-08T15:47:33.533+08:00,1953-09-23T12:15:37.185+08:00,UT1_estimate+08:00,UT1_estimate+08:00,21388.06098409067,21388,16,12,12:15:37.185,60.26032916666668,60
335,1953-10-08T00:41:00.375,1953-10-22T12:56:12.807,1953-10-08T08:40:30.214+08:00,1953-10-22T20:55:42.639+08:00,UT1_estimate+08:00,UT1_estimate+08:00,20895.207196110725,20895,15,20,20:55:42.639,44.92851083333335,44
336,1953-11-06T17:58:12.373,1953-11-20T23:12:37.009,1953-11-07T01:57:42.197+08:00,1953-11-21T07:12:06.826+08:00,UT1_estimate+08:00,UT1_estimate+08:00,20474.410598395076,20474,15,7,07:12:06.826,31.20189611111107,31
337,1953-12-06T10:48:27.210,1953-12-20T11:43:58.810,1953-12-06T18:47:57.019+08:00,1953-12-20T19:43:28.613+08:00,UT1_estimate+08:00,UT1_estimate+08:00,20215.526669471357,20215,15,19,19:43:28.613,43.72461472222221,43
338,1954-01-05T02:21:50.249,1954-01-19T02:37:16.345,1954-01-05T10:21:20.044+08:00,1954-01-19T10:36:46.133+08:00,UT1_estimate+08:00,UT1_estimate+08:00,20175.43493543908,20175,15,10,10:36:46.133,34.6128147222222,34
339,1954-02-03T15:55:53.696,1954-02-17T19:17:48.616,1954-02-03T23:55:23.477+08:00,1954-02-18T03:17:18.389+08:00,UT1_estimate+08:00,UT1_estimate+08:00,20361.91533150145,20361,16,3,03:17:18.389,51.288441388888884,51
340,1954-03-05T03:11:45.653,1954-03-19T12:42:55.248,1954-03-05T11:11:15.419+08:00,1954-03-19T20:42:25.007+08:00,UT1_estimate+08:00,UT1_estimate+08:00,20731.15992023557,20731,15,20,20:42:25.007,44.706946388888866,44
341,1954-04-03T12:25:28.869,1954-04-18T05:48:57.683,1954-04-03T20:24:58.620+08:00,1954-04-18T13:48:27.426+08:00,UT1_estimate+08:00,UT1_estimate+08:00,21203.48022869317,21203,16,13,13:48:27.426,61.80761833333332,61
342,1954-05-02T20:22:45.331,1954-05-17T21:47:25.812,1954-05-03T04:22:15.066+08:00,1954-05-18T05:46:55.540+08:00,UT1_estimate+08:00,UT1_estimate+08:00,21684.67469230154,21684,16,5,05:46:55.540,53.78209444444445,53
343,1954-06-01T04:03:21.445,1954-06-16T12:06:11.393,1954-06-01T12:02:51.165+08:00,1954-06-16T20:05:41.105+08:00,UT1_estimate+08:00,UT1_estimate+08:00,22082.832463394443,22082,16,20,20:05:41.105,68.09475138888888,68
344,1954-06-30T12:26:11.442,1954-07-16T00:29:31.904,1954-06-30T20:25:41.147+08:00,1954-07-16T08:29:01.599+08:00,UT1_estimate+08:00,UT1_estimate+08:00,22323.341017776984,22323,17,8,08:29:01.599,80.48377749999997,80
345,1954-07-29T22:20:13.153,1954-08-14T11:03:32.183,1954-07-30T06:19:42.841+08:00,1954-08-14T19:03:01.863+08:00,UT1_estimate+08:00,UT1_estimate+08:00,22363.317179321766,22363,16,19,19:03:01.863,67.05051749999996,67
346,1954-08-28T10:21:21.685,1954-09-12T20:19:56.767,1954-08-28T18:20:51.356+08:00,1954-09-13T04:19:26.429+08:00,UT1_estimate+08:00,UT1_estimate+08:00,22198.584695501268,22198,17,4,04:19:26.429,76.32400805555557,76
347,1954-09-27T00:50:52.431,1954-10-12T05:10:16.211,1954-09-27T08:50:22.084+08:00,1954-10-12T13:09:45.855+08:00,UT1_estimate+08:00,UT1_estimate+08:00,21859.39632673901,21859,16,13,13:09:45.855,61.16273749999999,61
348,1954-10-26T17:47:27.142,1954-11-10T14:29:35.709,1954-10-27T01:46:56.777+08:00,1954-11-10T22:29:05.334+08:00,UT1_estimate+08:00,UT1_estimate+08:00,21402.14277158398,21402,15,22,22:29:05.334,46.484815000000026,46
349,1954-11-25T12:30:52.839,1954-12-10T00:57:04.814,1954-11-25T20:30:22.455+08:00,1954-12-10T08:56:34.420+08:00,UT1_estimate+08:00,UT1_estimate+08:00,20906.199589755346,20906,16,8,08:56:34.420,56.94289444444445,56
350,1954-12-25T07:33:39.520,1955-01-08T12:44:36.277,1954-12-25T15:33:09.116+08:00,1955-01-08T20:44:05.863+08:00,UT1_estimate+08:00,UT1_estimate+08:00,20470.945952698225,20470,15,20,20:44:05.863,44.73496194444442,44
351,1955-01-24T01:07:07.558,1955-02-07T01:43:14.948,1955-01-24T09:06:37.133+08:00,1955-02-07T09:42:44.513+08:00,UT1_estimate+08:00,UT1_estimate+08:00,20196.12316823137,20196,15,9,09:42:44.513,33.71236472222222,33
352,1955-02-22T15:54:47.411,1955-03-08T15:41:44.320,1955-02-22T23:54:16.963+08:00,1955-03-08T23:41:13.862+08:00,UT1_estimate+08:00,UT1_estimate+08:00,20146.94848882975,20146,15,23,23:41:13.862,47.68718388888885,47
353,1955-03-24T03:42:58.090,1955-04-07T06:35:20.578,1955-03-24T11:42:27.620+08:00,1955-04-07T14:34:50.096+08:00,UT1_estimate+08:00,UT1_estimate+08:00,20332.374796799286,20332,15,14,14:34:50.096,38.580582222222176,38
354,1955-04-22T13:06:40.733,1955-05-06T22:14:32.404,1955-04-22T21:06:10.239+08:00,1955-05-07T06:14:01.897+08:00,UT1_estimate+08:00,UT1_estimate+08:00,20707.861174818154,20707,16,6,06:14:01.897,54.23386027777781,54
355,1955-05-21T20:59:02.188,1955-06-05T14:08:54.326,1955-05-22T04:58:31.669+08:00,1955-06-05T22:08:23.794+08:00,UT1_estimate+08:00,UT1_estimate+08:00,21189.86896739989,21189,15,22,22:08:23.794,46.139942777777776,46
356,1955-06-20T04:12:15.435,1955-07-05T05:29:04.234,1955-06-20T12:11:44.889+08:00,1955-07-05T13:28:33.674+08:00,UT1_estimate+08:00,UT1_estimate+08:00,21676.813319630364,21676,16,13,13:28:33.674,61.47602055555558,61
357,1955-07-19T11:35:02.910,1955-08-03T19:30:39.941,1955-07-19T19:34:32.336+08:00,1955-08-04T03:30:09.353+08:00,UT1_estimate+08:00,UT1_estimate+08:00,22075.617191183956,22075,17,3,03:30:09.353,75.50259805555555,75
358,1955-08-17T19:58:30.811,1955-09-02T07:59:46.978,1955-08-18T03:58:00.209+08:00,1955-09-02T15:59:16.359+08:00,UT1_estimate+08:00,UT1_estimate+08:00,22321.26944150139,22321,16,15,15:59:16.359,63.98787749999997,63
359,1955-09-16T06:19:44.283,1955-10-01T19:17:54.973,1955-09-16T14:19:13.649+08:00,1955-10-02T03:17:24.322+08:00,UT1_estimate+08:00,UT1_estimate+08:00,22378.178174231354,22378,17,3,03:17:24.322,75.29008944444445,75
360,1955-10-15T19:32:50.327,1955-10-31T06:04:19.891,1955-10-16T03:32:19.660+08:00,1955-10-31T14:03:49.207+08:00,UT1_estimate+08:00,UT1_estimate+08:00,22231.492742085324,22231,16,14,14:03:49.207,62.0636686111111,62
361,1955-11-14T12:02:00.894,1955-11-29T16:50:19.988,1955-11-14T20:01:30.194+08:00,1955-11-30T00:49:49.269+08:00,UT1_estimate+08:00,UT1_estimate+08:00,21888.31822691895,21888,17,0,00:49:49.269,72.8303525,72
362,1955-12-14T07:07:34.076,1955-12-29T03:44:26.541,1955-12-14T15:07:03.340+08:00,1955-12-29T11:43:55.785+08:00,UT1_estimate+08:00,UT1_estimate+08:00,21396.87441187217,21396,16,11,11:43:55.785,59.73216249999996,59
363,1956-01-13T03:01:32.917,1956-01-27T14:40:48.225,1956-01-13T11:01:02.142+08:00,1956-01-27T22:40:17.431+08:00,UT1_estimate+08:00,UT1_estimate+08:00,20859.255136037315,20859,15,22,22:40:17.431,46.671508611111165,46
364,1956-02-11T21:38:14.343,1956-02-26T01:42:06.820,1956-02-12T05:37:43.528+08:00,1956-02-26T09:41:35.985+08:00,UT1_estimate+08:00,UT1_estimate+08:00,20403.874610646162,20403,15,9,09:41:35.985,33.69332916666667,33
365,1956-03-12T13:37:06.374,1956-03-26T13:11:38.413,1956-03-12T21:36:35.517+08:00,1956-03-26T21:11:07.536+08:00,UT1_estimate+08:00,UT1_estimate+08:00,20134.533980586984,20134,15,21,21:11:07.536,45.18542666666667,45
366,1956-04-11T02:39:19.474,1956-04-25T01:41:04.023,1956-04-11T10:38:48.574+08:00,1956-04-25T09:40:33.103+08:00,UT1_estimate+08:00,UT1_estimate+08:00,20101.74248817843,20101,15,9,09:40:33.103,33.67586194444442,33
367,1956-05-10T13:04:53.344,1956-05-24T15:26:21.698,1956-05-10T21:04:22.400+08:00,1956-05-24T23:25:50.733+08:00,UT1_estimate+08:00,UT1_estimate+08:00,20301.472574698073,20301,15,23,23:25:50.733,47.43075916666669,47
368,1956-06-08T21:29:38.901,1956-06-23T06:14:01.788,1956-06-09T05:29:07.912+08:00,1956-06-23T14:13:30.775+08:00,UT1_estimate+08:00,UT1_estimate+08:00,20684.381435907308,20684,15,14,14:13:30.775,38.22521527777775,38
369,1956-07-08T04:38:08.395,1956-07-22T21:29:30.323,1956-07-08T12:37:37.358+08:00,1956-07-23T05:28:59.262+08:00,UT1_estimate+08:00,UT1_estimate+08:00,21171.365461160512,21171,16,5,05:28:59.262,53.483128333333354,53
370,1956-08-06T11:25:26.497,1956-08-21T12:38:17.451,1956-08-06T19:24:55.412+08:00,1956-08-21T20:37:46.341+08:00,UT1_estimate+08:00,UT1_estimate+08:00,21672.84922920695,21672,16,20,20:37:46.341,68.62953916666669,68
371,1956-09-04T18:57:41.885,1956-09-20T03:19:53.384,1956-09-05T02:57:10.750+08:00,1956-09-20T11:19:22.224+08:00,UT1_estimate+08:00,UT1_estimate+08:00,22102.191661998106,22102,16,11,11:19:22.224,59.322839999999985,59
372,1956-10-04T04:25:03.159,1956-10-19T17:25:08.477,1956-10-04T12:24:31.974+08:00,1956-10-20T01:24:37.265+08:00,UT1_estimate+08:00,UT1_estimate+08:00,22380.08863481146,22380,17,1,01:24:37.265,73.41035138888884,73
373,1956-11-02T16:44:09.470,1956-11-18T06:45:07.084,1956-11-03T00:43:38.234+08:00,1956-11-18T14:44:35.820+08:00,UT1_estimate+08:00,UT1_estimate+08:00,22440.960229458367,22440,16,14,14:44:35.820,62.74328333333335,62
374,1956-12-02T08:13:02.314,1956-12-17T19:06:50.775,1956-12-02T16:12:31.025+08:00,1956-12-18T03:06:19.458+08:00,UT1_estimate+08:00,UT1_estimate+08:00,22253.807686176646,22253,17,3,03:06:19.458,75.10540500000002,75
375,1957-01-01T02:14:05.293,1957-01-16T06:21:56.264,1957-01-01T10:13:33.950+08:00,1957-01-16T14:21:24.893+08:00,UT1_estimate+08:00,UT1_estimate+08:00,21847.849513808673,21847,16,14,14:21:24.893,62.3569147222222,62
376,1957-01-30T21:25:09.374,1957-02-14T16:38:19.340,1957-01-31T05:24:37.977+08:00,1957-02-15T00:37:47.915+08:00,UT1_estimate+08:00,UT1_estimate+08:00,21313.166094992957,21313,16,0,00:37:47.915,48.629976388888906,48
377,1957-03-01T16:12:49.770,1957-03-16T02:22:19.343,1957-03-02T00:12:18.317+08:00,1957-03-16T10:21:47.863+08:00,UT1_estimate+08:00,UT1_estimate+08:00,20769.492884516178,20769,15,10,10:21:47.863,34.36329527777775,34
378,1957-03-31T09:19:27.739,1957-04-14T12:09:51.788,1957-03-31T17:18:56.231+08:00,1957-04-14T20:09:20.253+08:00,UT1_estimate+08:00,UT1_estimate+08:00,20330.400813171655,20330,15,20,20:09:20.253,44.15562583333332,44
379,1957-04-29T23:54:18.103,1957-05-13T22:34:46.781,1957-04-30T07:53:46.538+08:00,1957-05-14T06:34:15.190+08:00,UT1_estimate+08:00,UT1_estimate+08:00,20080.477972189117,20080,15,6,06:34:15.190,30.570886111111122,30
380,1957-05-29T11:39:31.732,1957-06-12T10:02:25.164,1957-05-29T19:39:00.111+08:00,1957-06-12T18:01:53.517+08:00,UT1_estimate+08:00,UT1_estimate+08:00,20062.890541435525,20062,15,18,18:01:53.517,42.031532500000026,42
381,1957-06-27T20:53:59.209,1957-07-11T22:50:13.347,1957-06-28T04:53:27.533+08:00,1957-07-12T06:49:41.643+08:00,UT1_estimate+08:00,UT1_estimate+08:00,20276.235623932607,20276,15,6,06:49:41.643,30.82823416666662,30
382,1957-07-27T04:28:36.016,1957-08-10T13:08:46.791,1957-07-27T12:28:04.284+08:00,1957-08-10T21:08:15.031+08:00,UT1_estimate+08:00,UT1_estimate+08:00,20680.179574112717,20680,15,21,21:08:15.031,45.137508611111116,45
383,1957-08-25T11:33:04.137,1957-09-09T04:55:36.319,1957-08-25T19:32:32.348+08:00,1957-09-09T12:55:04.503+08:00,UT1_estimate+08:00,UT1_estimate+08:00,21202.536377823417,21202,16,12,12:55:04.503,60.91791749999999,60
384,1957-09-23T19:19:00.217,1957-10-08T21:42:45.943,1957-09-24T03:18:28.372+08:00,1957-10-09T05:42:14.069+08:00,UT1_estimate+08:00,UT1_estimate+08:00,21743.76209999939,21743,16,5,05:42:14.069,53.70390805555553,53
385,1957-10-23T04:43:52.435,1957-11-07T14:32:30.577,1957-10-23T12:43:20.534+08:00,1957-11-07T22:31:58.647+08:00,UT1_estimate+08:00,UT1_estimate+08:00,22188.635698080612,22188,16,22,22:31:58.647,70.53295750000001,70
386,1957-11-21T16:19:47.439,1957-12-07T06:16:26.071,1957-11-22T00:19:15.483+08:00,1957-12-07T14:15:54.085+08:00,UT1_estimate+08:00,UT1_estimate+08:00,22436.64385155854,22436,16,14,14:15:54.085,62.265023611111076,62
387,1957-12-21T06:12:21.333,1958-01-05T20:09:21.593,1957-12-21T14:11:49.321+08:00,1958-01-06T04:08:49.551+08:00,UT1_estimate+08:00,UT1_estimate+08:00,22437.00433400071,22437,17,4,04:08:49.551,76.14709749999997,76
388,1958-01-19T22:08:19.298,1958-02-04T08:06:00.870,1958-01-20T06:07:47.230+08:00,1958-02-04T16:05:28.774+08:00,UT1_estimate+08:00,UT1_estimate+08:00,22197.69287412522,22197,16,16,16:05:28.774,64.09132611111113,64
389,1958-02-18T15:38:42.347,1958-03-05T18:28:27.193,1958-02-18T23:38:10.224+08:00,1958-03-06T02:27:55.042+08:00,UT1_estimate+08:00,UT1_estimate+08:00,21769.74743890538,21769,17,2,02:27:55.042,74.46528944444441,74
390,1958-03-20T09:50:17.211,1958-04-04T03:45:18.055,1958-03-20T17:49:45.034+08:00,1958-04-04T11:44:45.851+08:00,UT1_estimate+08:00,UT1_estimate+08:00,21235.01406067833,21235,16,11,11:44:45.851,59.74606972222222,59
391,1958-04-19T03:23:59.672,1958-05-03T12:23:47.549,1958-04-19T11:23:27.441+08:00,1958-05-03T20:23:15.292+08:00,UT1_estimate+08:00,UT1_estimate+08:00,20699.79794777162,20699,15,20,20:23:15.292,44.3875811111111,44
392,1958-05-18T19:00:52.874,1958-06-01T20:55:38.175,1958-05-19T03:00:20.590+08:00,1958-06-02T04:55:05.866+08:00,UT1_estimate+08:00,UT1_estimate+08:00,20274.755013500864,20274,15,4,04:55:05.866,28.91829611111109,28
393,1958-06-17T08:00:00.765,1958-07-01T06:05:01.616,1958-06-17T15:59:28.430+08:00,1958-07-01T14:04:29.257+08:00,UT1_estimate+08:00,UT1_estimate+08:00,20045.01418479922,20045,15,14,14:04:29.257,38.07479361111109,38
394,1958-07-16T18:33:54.026,1958-07-30T16:47:24.128,1958-07-17T02:33:21.640+08:00,1958-07-31T00:46:51.718+08:00,UT1_estimate+08:00,UT1_estimate+08:00,20053.50170404443,20053,15,0,00:46:51.718,24.781032777777796,24
395,1958-08-15T03:33:47.099,1958-08-29T05:53:57.016,1958-08-15T11:33:14.664+08:00,1958-08-29T13:53:24.557+08:00,UT1_estimate+08:00,UT1_estimate+08:00,20300.165274979427,20300,15,13,13:53:24.557,37.890154722222235,37
396,1958-09-13T12:02:38.053,1958-09-27T21:44:15.640,1958-09-13T20:02:05.569+08:00,1958-09-28T05:43:43.133+08:00,UT1_estimate+08:00,UT1_estimate+08:00,20741.6264503228,20741,16,5,05:43:43.133,53.72864805555554,53
397,1958-10-12T20:52:27.485,1958-10-27T15:41:31.429,1958-10-13T04:51:54.954+08:00,1958-10-27T23:40:58.876+08:00,UT1_estimate+08:00,UT1_estimate+08:00,21289.06574751245,21289,15,23,23:40:58.876,47.68302111111109,47
398,1958-11-11T06:34:17.505,1958-11-26T10:17:13.916,1958-11-11T14:33:44.929+08:00,1958-11-26T18:16:41.317+08:00,UT1_estimate+08:00,UT1_estimate+08:00,21822.94018025977,21822,16,18,18:16:41.317,66.27814361111115,66
399,1958-12-10T17:23:39.495,1958-12-26T03:54:36.573,1958-12-11T01:23:06.875+08:00,1958-12-26T11:54:03.930+08:00,UT1_estimate+08:00,UT1_estimate+08:00,22230.95129816154,22230,16,11,11:54:03.930,59.90109166666667,59
400,1959-01-09T05:34:18.800,1959-01-24T19:33:03.809,1959-01-09T13:33:46.136+08:00,1959-01-25T03:32:31.123+08:00,UT1_estimate+08:00,UT1_estimate+08:00,22438.75014973158,22438,17,3,03:32:31.123,75.54197861111106,75
401,1959-02-07T19:22:36.592,1959-02-23T08:54:21.746,1959-02-08T03:22:03.887+08:00,1959-02-23T16:53:49.020+08:00,UT1_estimate+08:00,UT1_estimate+08:00,22411.75256187212,22411,16,16,16:53:49.020,64.89695,64
402,1959-03-09T10:51:37.070,1959-03-24T20:02:57.735,1959-03-09T18:51:04.326+08:00,1959-03-25T04:02:24.970+08:00,UT1_estimate+08:00,UT1_estimate+08:00,22151.34441206932,22151,17,4,04:02:24.970,76.04026944444445,76
403,1959-04-08T03:29:32.277,1959-04-23T05:13:52.014,1959-04-08T11:28:59.494+08:00,1959-04-23T13:13:19.212+08:00,UT1_estimate+08:00,UT1_estimate+08:00,21704.328950945826,21704,16,13,13:13:19.212,61.22200333333336,61
404,1959-05-07T20:11:59.057,1959-05-22T12:56:21.760,1959-05-08T04:11:26.237+08:00,1959-05-22T20:55:48.922+08:00,UT1_estimate+08:00,UT1_estimate+08:00,21164.378388858247,21164,15,20,20:55:48.922,44.930256111111134,44
405,1959-06-06T11:53:55.083,1959-06-20T20:00:17.342,1959-06-06T19:53:22.227+08:00,1959-06-21T03:59:44.470+08:00,UT1_estimate+08:00,UT1_estimate+08:00,20646.37098833082,20646,16,3,03:59:44.470,51.99568611111113,51
406,1959-07-06T02:00:56.406,1959-07-20T03:33:47.994,1959-07-06T10:00:23.516+08:00,1959-07-20T11:33:15.089+08:00,UT1_estimate+08:00,UT1_estimate+08:00,20252.859815963075,20252,15,11,11:33:15.089,35.55419138888885,35
407,1959-08-04T14:34:24.296,1959-08-18T12:51:05.981,1959-08-04T22:33:51.373+08:00,1959-08-18T20:50:33.043+08:00,UT1_estimate+08:00,UT1_estimate+08:00,20056.69474212542,20056,15,20,20:50:33.043,44.84251194444448,44
408,1959-09-03T01:56:08.239,1959-09-17T00:52:08.365,1959-09-03T09:55:35.285+08:00,1959-09-17T08:51:35.396+08:00,UT1_estimate+08:00,UT1_estimate+08:00,20096.0020963267,20096,15,8,08:51:35.396,32.859832222222224,32
409,1959-10-02T12:31:24.500,1959-10-16T15:59:05.440,1959-10-02T20:30:51.515+08:00,1959-10-16T23:58:32.441+08:00,UT1_estimate+08:00,UT1_estimate+08:00,20367.682346320504,20367,15,23,23:58:32.441,47.97567805555559,47
410,1959-10-31T22:41:33.864,1959-11-15T09:42:18.142,1959-11-01T06:41:00.850+08:00,1959-11-15T17:41:45.114+08:00,UT1_estimate+08:00,UT1_estimate+08:00,20820.737966434746,20820,15,17,17:41:45.114,41.695865000000026,41
411,1959-11-30T08:46:31.970,1959-12-15T04:49:21.500,1959-11-30T16:45:58.927+08:00,1959-12-15T12:48:48.443+08:00,UT1_estimate+08:00,UT1_estimate+08:00,21362.82549379223,21362,16,12,12:48:48.443,60.81345638888888,60
412,1959-12-29T19:09:29.316,1960-01-13T23:51:09.339,1959-12-30T03:08:56.246+08:00,1960-01-14T07:50:36.255+08:00,UT1_estimate+08:00,UT1_estimate+08:00,21881.667041492357,21881,16,7,07:50:36.255,55.84340416666663,55
413,1960-01-28T06:15:41.010,1960-02-12T17:24:29.413,1960-01-28T14:15:07.913+08:00,1960-02-13T01:23:56.303+08:00,UT1_estimate+08:00,UT1_estimate+08:00,22268.806724309536,22268,17,1,01:23:56.303,73.39897305555559,73
414,1960-02-26T18:24:01.375,1960-03-13T08:26:21.257,1960-02-27T02:23:28.252+08:00,1960-03-13T16:25:48.122+08:00,UT1_estimate+08:00,UT1_estimate+08:00,22442.331381615797,22442,16,16,16:25:48.122,64.43003388888889,64
415,1960-03-27T07:37:51.277,1960-04-11T20:27:50.184,1960-03-27T15:37:18.130+08:00,1960-04-12T04:27:17.024+08:00,UT1_estimate+08:00,UT1_estimate+08:00,22369.98177760189,22369,17,4,04:27:17.024,76.4547288888889,76
416,1960-04-25T21:44:48.519,1960-05-11T05:42:52.697,1960-04-26T05:44:15.347+08:00,1960-05-11T13:42:19.513+08:00,UT1_estimate+08:00,UT1_estimate+08:00,22078.06963060949,22078,16,13,13:42:19.513,61.70542027777776,61
417,1960-05-25T12:26:39.126,1960-06-09T13:02:18.480,1960-05-25T20:26:05.930+08:00,1960-06-09T21:01:45.272+08:00,UT1_estimate+08:00,UT1_estimate+08:00,21635.655898641253,21635,16,21,21:01:45.272,69.02924222222225,69
418,1960-06-24T03:27:25.531,1960-07-08T19:37:09.230,1960-06-24T11:26:52.312+08:00,1960-07-09T03:36:36.000+08:00,UT1_estimate+08:00,UT1_estimate+08:00,21129.728314580734,21129,16,3,03:36:36.000,51.610000000000014,51
419,1960-07-23T18:31:17.160,1960-08-07T02:41:27.211,1960-07-24T02:30:43.918+08:00,1960-08-07T10:40:53.959+08:00,UT1_estimate+08:00,UT1_estimate+08:00,20650.16751945548,20650,15,10,10:40:53.959,34.68165527777779,34
420,1960-08-22T09:15:48.110,1960-09-05T11:19:17.292,1960-08-22T17:15:14.846+08:00,1960-09-05T19:18:44.018+08:00,UT1_estimate+08:00,UT1_estimate+08:00,20283.48636497787,20283,15,19,19:18:44.018,43.31222722222219,43
421,1960-09-20T23:13:02.800,1960-10-04T22:16:38.558,1960-09-21T07:12:29.514+08:00,1960-10-05T06:16:05.262+08:00,UT1_estimate+08:00,UT1_estimate+08:00,20103.595970931012,20103,15,6,06:16:05.262,30.26812833333338,30
422,1960-10-20T12:02:49.571,1960-11-03T11:58:06.544,1960-10-20T20:02:16.264+08:00,1960-11-03T19:57:33.227+08:00,UT1_estimate+08:00,UT1_estimate+08:00,20155.282886000496,20155,15,19,19:57:33.227,43.95922972222223,43
423,1960-11-18T23:46:44.995,1960-12-03T04:24:56.000,1960-11-19T07:46:11.667+08:00,1960-12-03T12:24:22.663+08:00,UT1_estimate+08:00,UT1_estimate+08:00,20438.183430772846,20438,15,12,12:24:22.663,36.40629527777776,36
424,1960-12-18T10:47:11.847,1961-01-01T23:06:28.170,1960-12-18T18:46:38.499+08:00,1961-01-02T07:05:54.811+08:00,UT1_estimate+08:00,UT1_estimate+08:00,20899.27203765773,20899,16,7,07:05:54.811,55.098558611111116,55
425,1961-01-16T21:30:29.631,1961-01-31T18:47:15.950,1961-01-17T05:29:56.261+08:00,1961-02-01T02:46:42.571+08:00,UT1_estimate+08:00,UT1_estimate+08:00,21436.771995650168,21436,16,2,02:46:42.571,50.778491944444454,50
426,1961-02-15T08:10:53.465,1961-03-02T13:35:12.247,1961-02-15T16:10:20.075+08:00,1961-03-02T21:34:38.847+08:00,UT1_estimate+08:00,UT1_estimate+08:00,21924.313033127008,21924,16,21,21:34:38.847,69.57745750000004,69
427,1961-03-16T18:51:09.450,1961-04-01T05:47:41.717,1961-03-17T02:50:36.039+08:00,1961-04-01T13:47:08.296+08:00,UT1_estimate+08:00,UT1_estimate+08:00,22256.537783407322,22256,16,13,13:47:08.296,61.78563777777782,61
428,1961-04-15T05:37:59.350,1961-04-30T18:41:00.096,1961-04-15T13:37:25.920+08:00,1961-05-01T02:40:26.654+08:00,UT1_estimate+08:00,UT1_estimate+08:00,22383.012423463522,22383,17,2,02:40:26.654,74.6740705555556,74
429,1961-05-14T16:54:41.842,1961-05-30T04:37:34.279,1961-05-15T00:54:08.391+08:00,1961-05-30T12:37:00.817+08:00,UT1_estimate+08:00,UT1_estimate+08:00,22302.873942344697,22302,16,12,12:37:00.817,60.616893611111095,60
430,1961-06-13T05:16:43.493,1961-06-28T12:38:04.052,1961-06-13T13:16:10.022+08:00,1961-06-28T20:37:30.570+08:00,UT1_estimate+08:00,UT1_estimate+08:00,22041.342644792476,22041,16,20,20:37:30.570,68.62515833333333,68
431,1961-07-12T19:11:34.525,1961-07-27T19:50:37.867,1961-07-13T03:11:01.032+08:00,1961-07-28T03:50:04.364+08:00,UT1_estimate+08:00,UT1_estimate+08:00,21639.05569954026,21639,16,3,03:50:04.364,51.834545555555565,51
432,1961-08-11T10:36:18.138,1961-08-26T03:13:49.360,1961-08-11T18:35:44.625+08:00,1961-08-26T11:13:15.835+08:00,UT1_estimate+08:00,UT1_estimate+08:00,21157.5203552494,21157,16,11,11:13:15.835,59.22106527777777,59
433,1961-09-10T02:50:04.915,1961-09-24T11:33:54.650,1961-09-10T10:49:31.380+08:00,1961-09-24T19:33:21.104+08:00,UT1_estimate+08:00,UT1_estimate+08:00,20683.828906700794,20683,15,19,19:33:21.104,43.55586222222223,43
434,1961-10-09T18:53:01.757,1961-10-23T21:31:02.791,1961-10-10T02:52:28.200+08:00,1961-10-24T05:30:29.224+08:00,UT1_estimate+08:00,UT1_estimate+08:00,20318.017238788892,20318,15,5,05:30:29.224,29.508117777777784,29
435,1961-11-08T09:58:58.323,1961-11-22T09:44:15.126,1961-11-08T17:58:24.743+08:00,1961-11-22T17:43:41.536+08:00,UT1_estimate+08:00,UT1_estimate+08:00,20145.280055766918,20145,15,17,17:43:41.536,41.728204444444486,41
436,1961-12-07T23:52:14.431,1961-12-22T00:42:22.388,1961-12-08T07:51:40.829+08:00,1961-12-22T08:41:48.774+08:00,UT1_estimate+08:00,UT1_estimate+08:00,20210.132610941415,20210,15,8,08:41:48.774,32.696881666666684,32
437,1962-01-06T12:35:49.442,1962-01-20T18:16:51.760,1962-01-06T20:35:15.817+08:00,1962-01-21T02:16:18.123+08:00,UT1_estimate+08:00,UT1_estimate+08:00,20501.03862319311,20501,16,2,02:16:18.123,50.271700833333284,50
438,1962-02-05T00:10:27.531,1962-02-19T13:18:27.196,1962-02-05T08:09:53.881+08:00,1962-02-19T21:17:53.535+08:00,UT1_estimate+08:00,UT1_estimate+08:00,20947.99442539551,20947,15,21,21:17:53.535,45.298204166666665,45
439,1962-03-06T10:31:24.648,1962-03-21T07:55:58.497,1962-03-06T18:30:50.974+08:00,1962-03-21T15:55:24.811+08:00,UT1_estimate+08:00,UT1_estimate+08:00,21444.564148607406,21444,16,15,15:55:24.811,63.923558611111105,63
440,1962-04-04T19:45:18.068,1962-04-20T00:33:51.156,1962-04-05T03:44:44.369+08:00,1962-04-20T08:33:17.445+08:00,UT1_estimate+08:00,UT1_estimate+08:00,21888.5514739871,21888,16,8,08:33:17.445,56.55484583333333,56
441,1962-05-04T04:25:09.560,1962-05-19T14:32:23.900,1962-05-04T12:24:35.836+08:00,1962-05-19T22:31:50.162+08:00,UT1_estimate+08:00,UT1_estimate+08:00,22207.23899509655,22207,16,22,22:31:50.162,70.53060055555557,70
442,1962-06-02T13:27:17.338,1962-06-18T02:02:45.376,1962-06-02T21:26:43.588+08:00,1962-06-18T10:02:11.612+08:00,UT1_estimate+08:00,UT1_estimate+08:00,22355.467309479773,22355,17,10,10:02:11.612,82.03655888888886,82
443,1962-07-01T23:52:44.382,1962-07-17T11:41:06.150,1962-07-02T07:52:10.605+08:00,1962-07-17T19:40:32.359+08:00,UT1_estimate+08:00,UT1_estimate+08:00,22308.362797843838,22308,16,19,19:40:32.359,67.67565527777776,67
444,1962-07-31T12:24:14.275,1962-08-15T20:09:45.088,1962-07-31T20:23:40.470+08:00,1962-08-16T04:09:11.268+08:00,UT1_estimate+08:00,UT1_estimate+08:00,22065.513545803096,22065,17,4,04:09:11.268,76.15312999999998,76
445,1962-08-30T03:09:27.490,1962-09-14T04:11:51.947,1962-08-30T11:08:53.656+08:00,1962-09-14T12:11:18.098+08:00,UT1_estimate+08:00,UT1_estimate+08:00,21662.40761619809,21662,16,12,12:11:18.098,60.18836055555556,60
446,1962-09-28T19:39:54.231,1962-10-13T12:33:30.648,1962-09-29T03:39:20.368+08:00,1962-10-13T20:32:56.769+08:00,UT1_estimate+08:00,UT1_estimate+08:00,21173.606944250572,21173,15,20,20:32:56.769,44.549102500000004,44
447,1962-10-28T13:05:20.217,1962-11-11T22:03:58.967,1962-10-28T21:04:46.323+08:00,1962-11-12T06:03:25.058+08:00,UT1_estimate+08:00,UT1_estimate+08:00,20698.64584020993,20698,16,6,06:03:25.058,54.05696055555552,54
448,1962-11-27T06:30:03.126,1962-12-11T09:27:56.343,1962-11-27T14:29:29.201+08:00,1962-12-11T17:27:22.403+08:00,UT1_estimate+08:00,UT1_estimate+08:00,20337.88694606082,20337,15,17,17:27:22.403,41.45622305555554,41
449,1962-12-26T22:59:16.722,1963-01-09T23:08:40.892,1962-12-27T06:58:42.765+08:00,1963-01-10T07:08:06.920+08:00,UT1_estimate+08:00,UT1_estimate+08:00,20169.40283269698,20169,15,7,07:08:06.920,31.135255555555545,31
450,1963-01-25T13:42:27.834,1963-02-08T14:52:13.063,1963-01-25T21:41:53.844+08:00,1963-02-08T22:51:39.057+08:00,UT1_estimate+08:00,UT1_estimate+08:00,20229.753822960996,20229,15,22,22:51:39.057,46.860849166666696,46
451,1963-02-24T02:06:13.236,1963-03-10T07:49:08.594,1963-02-24T10:05:39.212+08:00,1963-03-10T15:48:34.554+08:00,UT1_estimate+08:00,UT1_estimate+08:00,20502.92264360062,20502,15,15,15:48:34.554,39.80959833333333,39
452,1963-03-25T12:10:12.753,1963-04-09T00:57:15.917,1963-03-25T20:09:38.695+08:00,1963-04-09T08:56:41.842+08:00,UT1_estimate+08:00,UT1_estimate+08:00,20927.05274622592,20927,16,8,08:56:41.842,56.94495611111108,56
453,1963-04-23T20:29:14.303,1963-05-08T17:23:44.248,1963-04-24T04:28:40.210+08:00,1963-05-09T01:23:10.136+08:00,UT1_estimate+08:00,UT1_estimate+08:00,21414.499072097613,21414,16,1,01:23:10.136,49.3861488888889,49
454,1963-05-23T04:00:21.288,1963-06-07T08:31:09.937,1963-05-23T11:59:47.158+08:00,1963-06-07T16:30:35.789+08:00,UT1_estimate+08:00,UT1_estimate+08:00,21870.81082512396,21870,16,16,16:30:35.789,64.50994138888893,64
455,1963-06-21T11:46:18.006,1963-07-06T21:55:58.722,1963-06-21T19:45:43.839+08:00,1963-07-07T05:55:24.535+08:00,UT1_estimate+08:00,UT1_estimate+08:00,22209.678597877373,22209,17,5,05:55:24.535,77.9234819444444,77
456,1963-07-20T20:43:16.721,1963-08-05T09:31:24.771,1963-07-21T04:42:42.516+08:00,1963-08-05T17:30:50.545+08:00,UT1_estimate+08:00,UT1_estimate+08:00,22368.134165035553,22368,16,17,17:30:50.545,65.51404027777778,65
457,1963-08-19T07:35:04.439,1963-09-03T19:34:04.942,1963-08-19T15:34:30.194+08:00,1963-09-04T03:33:30.676+08:00,UT1_estimate+08:00,UT1_estimate+08:00,22319.008388663224,22319,17,3,03:33:30.676,75.55852111111108,75
458,1963-09-17T20:51:17.441,1963-10-03T04:44:27.930,1963-09-18T04:50:43.156+08:00,1963-10-03T12:43:53.623+08:00,UT1_estimate+08:00,UT1_estimate+08:00,22073.17481546149,22073,16,12,12:43:53.623,60.73156194444442,60
459,1963-10-17T12:43:14.467,1963-11-01T13:55:44.674,1963-10-17T20:42:40.140+08:00,1963-11-01T21:55:10.326+08:00,UT1_estimate+08:00,UT1_estimate+08:00,21672.503450752327,21672,16,21,21:55:10.326,69.919535,69
460,1963-11-16T06:50:51.454,1963-11-30T23:54:35.934,1963-11-16T14:50:17.084+08:00,1963-12-01T07:54:01.542+08:00,UT1_estimate+08:00,UT1_estimate+08:00,21183.741331421847,21183,16,7,07:54:01.542,55.90042833333331,55
461,1963-12-16T02:06:50.039,1963-12-30T11:04:24.723,1963-12-16T10:06:15.625+08:00,1963-12-30T19:03:50.288+08:00,UT1_estimate+08:00,UT1_estimate+08:00,20697.578072500233,20697,15,19,19:03:50.288,43.063968888888894,43
462,1964-01-14T20:44:03.542,1964-01-28T23:23:19.232,1964-01-15T04:43:29.082+08:00,1964-01-29T07:22:44.751+08:00,UT1_estimate+08:00,UT1_estimate+08:00,20319.261507699543,20319,15,7,07:22:44.751,31.3790975,31
463,1964-02-13T13:01:44.095,1964-02-27T12:39:46.978,1964-02-13T21:01:09.589+08:00,1964-02-27T20:39:12.450+08:00,UT1_estimate+08:00,UT1_estimate+08:00,20138.048052168786,20138,15,20,20:39:12.450,44.65345833333333,44
464,1964-03-14T02:14:21.497,1964-03-28T02:48:55.335,1964-03-14T10:13:46.943+08:00,1964-03-28T10:48:20.758+08:00,UT1_estimate+08:00,UT1_estimate+08:00,20194.563969361814,20194,15,10,10:48:20.758,34.8057661111111,34
465,1964-04-12T12:37:58.728,1964-04-26T17:50:07.343,1964-04-12T20:37:24.126+08:00,1964-04-27T01:49:32.717+08:00,UT1_estimate+08:00,UT1_estimate+08:00,20472.143580731725,20472,16,1,01:49:32.717,49.8257547222222,49
466,1964-05-11T21:02:12.048,1964-05-26T09:29:21.048,1964-05-12T05:01:37.396+08:00,1964-05-26T17:28:46.371+08:00,UT1_estimate+08:00,UT1_estimate+08:00,20907.15000299985,20907,15,17,17:28:46.371,41.479547500000024,41
467,1964-06-10T04:22:52.011,1964-06-25T01:08:34.340,1964-06-10T12:22:17.309+08:00,1964-06-25T09:07:59.611+08:00,UT1_estimate+08:00,UT1_estimate+08:00,21405.705468761407,21405,16,9,09:07:59.611,57.1332252777778,57
468,1964-07-09T11:31:22.111,1964-07-24T15:58:21.809,1964-07-09T19:30:47.356+08:00,1964-07-24T23:57:47.027+08:00,UT1_estimate+08:00,UT1_estimate+08:00,21866.99498034426,21866,16,23,23:57:47.027,71.96306305555555,71
469,1964-08-07T19:17:16.987,1964-08-23T05:25:31.618,1964-08-08T03:16:42.179+08:00,1964-08-23T13:24:56.781+08:00,UT1_estimate+08:00,UT1_estimate+08:00,22208.243849374012,22208,16,13,13:24:56.781,61.4157725,61
470,1964-09-06T04:34:32.885,1964-09-21T17:31:19.845,1964-09-06T12:33:58.022+08:00,1964-09-22T01:30:44.952+08:00,UT1_estimate+08:00,UT1_estimate+08:00,22376.78265986371,22376,17,1,01:30:44.952,73.51248666666669,73
471,1964-10-05T16:20:14.442,1964-10-21T04:45:37.771,1964-10-06T00:19:39.523+08:00,1964-10-21T12:45:02.822+08:00,UT1_estimate+08:00,UT1_estimate+08:00,22345.38882520358,22345,16,12,12:45:02.822,60.75078388888886,60
472,1964-11-04T07:16:53.133,1964-11-19T15:43:19.006,1964-11-04T15:16:18.156+08:00,1964-11-19T23:42:43.998+08:00,UT1_estimate+08:00,UT1_estimate+08:00,22106.431210701856,22106,16,23,23:42:43.998,71.71222166666666,71
473,1964-12-04T01:18:47.150,1964-12-19T02:41:47.178,1964-12-04T09:18:12.112+08:00,1964-12-19T10:41:12.110+08:00,UT1_estimate+08:00,UT1_estimate+08:00,21683.000475812423,21683,16,10,10:41:12.110,58.68669722222228,58
474,1965-01-02T21:07:26.616,1965-01-17T13:37:53.863,1965-01-03T05:06:51.519+08:00,1965-01-17T21:37:18.735+08:00,UT1_estimate+08:00,UT1_estimate+08:00,21150.45411830147,21150,15,21,21:37:18.735,45.62187083333339,45
475,1965-02-01T16:36:07.354,1965-02-16T00:27:11.156,1965-02-02T00:35:32.194+08:00,1965-02-16T08:26:35.966+08:00,UT1_estimate+08:00,UT1_estimate+08:00,20631.063369203584,20631,15,8,08:26:35.966,32.44332388888887,32
476,1965-03-03T09:56:20.956,1965-03-17T11:24:23.600,1965-03-03T17:55:45.731+08:00,1965-03-17T19:23:48.345+08:00,UT1_estimate+08:00,UT1_estimate+08:00,20248.044078701598,20248,15,19,19:23:48.345,43.396762499999966,43
477,1965-04-02T00:21:07.254,1965-04-15T23:02:41.183,1965-04-02T08:20:31.965+08:00,1965-04-16T07:02:05.863+08:00,UT1_estimate+08:00,UT1_estimate+08:00,20081.565491045676,20081,15,7,07:02:05.863,31.034961944444433,31
478,1965-05-01T11:56:16.285,1965-05-15T11:52:32.468,1965-05-01T19:55:40.929+08:00,1965-05-15T19:51:57.081+08:00,UT1_estimate+08:00,UT1_estimate+08:00,20156.26972842694,20156,15,19,19:51:57.081,43.86585583333334,43
479,1965-05-30T21:13:07.313,1965-06-14T01:59:54.171,1965-05-31T05:12:31.891+08:00,1965-06-14T09:59:18.716+08:00,UT1_estimate+08:00,UT1_estimate+08:00,20446.780963160163,20446,15,9,09:59:18.716,33.988532222222204,33
480,1965-06-29T04:52:56.901,1965-07-13T17:01:58.527,1965-06-29T12:52:21.411+08:00,1965-07-14T01:01:23.002+08:00,UT1_estimate+08:00,UT1_estimate+08:00,20889.02709314718,20889,16,1,01:01:23.002,49.023056111111146,49
481,1965-07-28T11:45:27.176,1965-08-12T08:22:44.888,1965-07-28T19:44:51.616+08:00,1965-08-12T16:22:09.293+08:00,UT1_estimate+08:00,UT1_estimate+08:00,21397.295204137827,21397,16,16,16:22:09.293,64.36924805555554,64
482,1965-08-26T18:51:01.605,1965-09-10T23:32:29.357,1965-08-27T02:50:25.975+08:00,1965-09-11T07:31:53.690+08:00,UT1_estimate+08:00,UT1_estimate+08:00,21881.462530155768,21881,16,7,07:31:53.690,55.531580555555536,55
483,1965-09-25T03:18:13.381,1965-10-10T14:14:10.698,1965-09-25T11:17:37.680+08:00,1965-10-10T22:13:34.958+08:00,UT1_estimate+08:00,UT1_estimate+08:00,22255.955280688024,22255,16,22,22:13:34.958,70.22637722222225,70
484,1965-10-24T14:11:47.828,1965-11-09T04:15:45.827,1965-10-24T22:11:12.053+08:00,1965-11-09T12:15:10.014+08:00,UT1_estimate+08:00,UT1_estimate+08:00,22443.9666613486,22443,17,12,12:15:10.014,84.25278166666664,84
485,1965-11-23T04:10:27.352,1965-12-08T17:21:43.381,1965-11-23T12:09:51.504+08:00,1965-12-09T01:21:07.493+08:00,UT1_estimate+08:00,UT1_estimate+08:00,22391.267143802714,22391,17,1,01:21:07.493,73.3520813888889,73
486,1965-12-22T21:03:23.607,1966-01-07T05:16:41.947,1965-12-23T05:02:47.683+08:00,1966-01-07T13:16:05.984+08:00,UT1_estimate+08:00,UT1_estimate+08:00,22093.30568250672,22093,16,13,13:16:05.984,61.268328888888846,61
487,1966-01-21T15:46:45.603,1966-02-05T15:58:29.365,1966-01-21T23:46:09.603+08:00,1966-02-05T23:57:53.326+08:00,UT1_estimate+08:00,UT1_estimate+08:00,21611.7293633888,21611,16,23,23:57:53.326,71.96481277777775,71
488,1966-02-20T10:49:35.949,1966-03-07T01:45:51.485,1966-02-20T18:48:59.871+08:00,1966-03-07T09:45:15.369+08:00,UT1_estimate+08:00,UT1_estimate+08:00,21056.258934704638,21056,16,9,09:45:15.369,57.75426916666663,57
489,1966-03-22T04:46:41.232,1966-04-05T11:13:43.749,1966-03-22T12:46:05.076+08:00,1966-04-05T19:13:07.556+08:00,UT1_estimate+08:00,UT1_estimate+08:00,20547.04194702587,20547,15,19,19:13:07.556,43.21876555555559,43
490,1966-04-20T20:35:33.431,1966-05-04T21:01:04.477,1966-04-21T04:34:57.197+08:00,1966-05-05T05:00:28.206+08:00,UT1_estimate+08:00,UT1_estimate+08:00,20185.517431833585,20185,15,5,05:00:28.206,29.007835,29
491,1966-05-20T09:42:51.023,1966-06-03T07:40:49.112,1966-05-20T17:42:14.710+08:00,1966-06-03T15:40:12.762+08:00,UT1_estimate+08:00,UT1_estimate+08:00,20037.968147160464,20037,15,15,15:40:12.762,39.67021166666672,39
492,1966-06-18T20:09:24.406,1966-07-02T19:36:55.462,1966-06-19T04:08:48.014+08:00,1966-07-03T03:36:19.032+08:00,UT1_estimate+08:00,UT1_estimate+08:00,20127.517596344915,20127,15,3,03:36:19.032,27.605286666666643,27
493,1966-07-18T04:30:46.117,1966-08-01T09:05:52.184,1966-07-18T12:30:09.645+08:00,1966-08-01T17:05:15.673+08:00,UT1_estimate+08:00,UT1_estimate+08:00,20435.101110088508,20435,15,17,17:05:15.673,41.08768694444444,41
494,1966-08-16T11:48:20.553,1966-08-31T00:14:14.239,1966-08-16T19:47:44.001+08:00,1966-08-31T08:13:37.648+08:00,UT1_estimate+08:00,UT1_estimate+08:00,20905.894775456927,20905,16,8,08:13:37.648,56.227124444444485,56
495,1966-09-14T19:13:51.330,1966-09-29T16:47:53.416,1966-09-15T03:13:14.698+08:00,1966-09-30T00:47:16.743+08:00,UT1_estimate+08:00,UT1_estimate+08:00,21454.03476631931,21454,16,0,00:47:16.743,48.78798416666666,48
496,1966-10-14T03:52:12.549,1966-10-29T10:00:38.710,1966-10-14T11:51:35.836+08:00,1966-10-29T18:00:01.955+08:00,UT1_estimate+08:00,UT1_estimate+08:00,21968.436017884374,21968,16,18,18:00:01.955,66.00054305555557,66
497,1966-11-12T14:26:56.560,1966-11-28T02:40:59.492,1966-11-12T22:26:19.766+08:00,1966-11-28T10:40:22.655+08:00,UT1_estimate+08:00,UT1_estimate+08:00,22334.048871126022,22334,17,10,10:40:22.655,82.67295972222223,82
498,1966-12-12T03:13:52.651,1966-12-27T17:43:43.770,1966-12-12T11:13:15.775+08:00,1966-12-28T01:43:06.851+08:00,UT1_estimate+08:00,UT1_estimate+08:00,22469.851985397192,22469,17,1,01:43:06.851,73.71856972222224,73
499,1967-01-10T18:06:30.595,1967-01-26T06:41:02.122,1967-01-11T02:05:53.636+08:00,1967-01-26T14:40:25.120+08:00,UT1_estimate+08:00,UT1_estimate+08:00,22354.52545399848,22354,16,14,14:40:25.120,62.67364444444445,62
500,1967-02-09T10:44:26.614,1967-02-24T17:43:54.332,1967-02-09T18:43:49.572+08:00,1967-02-25T01:43:17.247+08:00,UT1_estimate+08:00,UT1_estimate+08:00,22019.461969843425,22019,17,1,01:43:17.247,73.72145749999999,73
501,1967-03-11T04:30:19.499,1967-03-26T03:21:23.491,1967-03-11T12:29:42.374+08:00,1967-03-26T11:20:46.324+08:00,UT1_estimate+08:00,UT1_estimate+08:00,21531.066532531797,21531,16,11,11:20:46.324,59.3462011111111,59
502,1967-04-09T22:20:43.828,1967-04-24T12:04:01.787,1967-04-10T06:20:06.619+08:00,1967-04-24T20:03:24.538+08:00,UT1_estimate+08:00,UT1_estimate+08:00,20983.299317955243,20983,15,20,20:03:24.538,44.05681611111112,44
503,1967-05-09T14:55:56.107,1967-05-23T20:22:52.606,1967-05-09T22:55:18.815+08:00,1967-05-24T04:22:15.274+08:00,UT1_estimate+08:00,UT1_estimate+08:00,20486.941650143046,20486,16,4,04:22:15.274,52.370909444444464,52
504,1967-06-08T05:14:04.957,1967-06-22T04:57:23.286,1967-06-08T13:13:27.582+08:00,1967-06-22T12:56:45.871+08:00,UT1_estimate+08:00,UT1_estimate+08:00,20143.305485260007,20143,15,12,12:56:45.871,36.946075277777766,36
505,1967-07-07T17:00:41.565,1967-07-21T14:39:47.097,1967-07-08T01:00:04.107+08:00,1967-07-21T22:39:09.599+08:00,UT1_estimate+08:00,UT1_estimate+08:00,20019.09218614648,20019,14,22,22:39:09.599,22.65266638888886,22
506,1967-08-06T02:48:58.705,1967-08-20T02:27:18.258,1967-08-06T10:48:21.164+08:00,1967-08-20T10:26:40.678+08:00,UT1_estimate+08:00,UT1_estimate+08:00,20138.325891372842,20138,15,10,10:26:40.678,34.44463277777777,34
507,1967-09-04T11:37:34.715,1967-09-18T17:00:04.216,1967-09-04T19:36:57.091+08:00,1967-09-19T00:59:26.553+08:00,UT1_estimate+08:00,UT1_estimate+08:00,20482.491687905367,20482,16,0,00:59:26.553,48.990709166666704,48
508,1967-10-03T20:24:22.646,1967-10-18T10:11:24.225,1967-10-04T04:23:44.940+08:00,1967-10-18T18:10:46.478+08:00,UT1_estimate+08:00,UT1_estimate+08:00,20987.026309249617,20987,15,18,18:10:46.478,42.17957722222218,42
509,1967-11-02T05:48:56.759,1967-11-17T04:53:09.542,1967-11-02T13:48:18.971+08:00,1967-11-17T12:52:31.712+08:00,UT1_estimate+08:00,UT1_estimate+08:00,21544.213049655194,21544,16,12,12:52:31.712,60.87547555555557,60
510,1967-12-01T16:10:17.806,1967-12-16T23:21:57.026,1967-12-02T00:09:39.936+08:00,1967-12-17T07:21:19.113+08:00,UT1_estimate+08:00,UT1_estimate+08:00,22031.653666794402,22031,16,7,07:21:19.113,55.35530916666664,55
511,1967-12-31T03:39:02.354,1968-01-15T16:11:53.499,1967-12-31T11:38:24.402+08:00,1968-01-16T00:11:15.504+08:00,UT1_estimate+08:00,UT1_estimate+08:00,22352.85242193799,22352,17,0,00:11:15.504,72.18763999999999,72
512,1968-01-29T16:29:48.561,1968-02-14T06:43:30.852,1968-01-30T00:29:10.527+08:00,1968-02-14T14:42:52.775+08:00,UT1_estimate+08:00,UT1_estimate+08:00,22453.7048518212,22453,16,14,14:42:52.775,62.71465972222222,62
513,1968-02-28T06:56:08.621,1968-03-14T18:52:56.066,1968-02-28T14:55:30.506+08:00,1968-03-15T02:52:17.908+08:00,UT1_estimate+08:00,UT1_estimate+08:00,22316.79074353211,22316,17,2,02:52:17.908,74.8716411111111,74
514,1968-03-28T22:48:37.062,1968-04-13T04:52:17.683,1968-03-29T06:47:58.866+08:00,1968-04-13T12:51:39.444+08:00,UT1_estimate+08:00,UT1_estimate+08:00,21963.677005148602,21963,16,12,12:51:39.444,60.86095666666665,60
515,1968-04-27T15:21:35.454,1968-05-12T13:05:25.308,1968-04-27T23:20:57.176+08:00,1968-05-12T21:04:46.990+08:00,UT1_estimate+08:00,UT1_estimate+08:00,21463.83090703317,21463,16,21,21:04:46.990,69.07971944444444,69
516,1968-05-27T07:30:19.561,1968-06-10T20:13:41.323,1968-05-27T15:29:41.202+08:00,1968-06-11T04:13:02.925+08:00,UT1_estimate+08:00,UT1_estimate+08:00,20923.362706969376,20923,16,4,04:13:02.925,52.21747916666669,52
517,1968-06-25T22:25:04.417,1968-07-10T03:18:15.415,1968-06-26T06:24:25.978+08:00,1968-07-10T11:17:36.937+08:00,UT1_estimate+08:00,UT1_estimate+08:00,20453.183301206864,20453,15,11,11:17:36.937,35.29359361111108,35
518,1968-07-25T11:50:03.080,1968-08-08T11:32:54.809,1968-07-25T19:49:24.561+08:00,1968-08-08T19:32:16.252+08:00,UT1_estimate+08:00,UT1_estimate+08:00,20142.862146169282,20142,15,19,19:32:16.252,43.53784777777781,43
519,1968-08-23T23:57:11.076,1968-09-06T22:07:51.765,1968-08-24T07:56:32.477+08:00,1968-09-07T06:07:13.128+08:00,UT1_estimate+08:00,UT1_estimate+08:00,20050.67814366039,20050,15,6,06:07:13.128,30.120313333333343,30
520,1968-09-22T11:08:44.484,1968-10-06T11:46:44.014,1968-09-22T19:08:05.805+08:00,1968-10-06T19:46:05.298+08:00,UT1_estimate+08:00,UT1_estimate+08:00,20197.99217660172,20197,15,19,19:46:05.298,43.7681383333333,43
521,1968-10-21T21:44:51.670,1968-11-05T04:25:17.130,1968-10-22T05:44:12.912+08:00,1968-11-05T12:24:38.334+08:00,UT1_estimate+08:00,UT1_estimate+08:00,20560.4243361674,20560,15,12,12:24:38.334,36.41064833333337,36
522,1968-11-20T08:02:11.022,1968-12-04T23:07:55.054,1968-11-20T16:01:32.185+08:00,1968-12-05T07:07:16.178+08:00,UT1_estimate+08:00,UT1_estimate+08:00,21065.733872584744,21065,16,7,07:07:16.178,55.12116055555555,55
523,1968-12-19T18:19:13.502,1969-01-03T18:28:13.257,1968-12-20T02:18:34.586+08:00,1969-01-04T02:27:34.301+08:00,UT1_estimate+08:00,UT1_estimate+08:00,21608.995915612373,21608,16,2,02:27:34.301,50.45952805555555,50
524,1969-01-18T04:59:17.477,1969-02-02T12:56:26.753,1969-01-18T12:58:38.482+08:00,1969-02-02T20:55:47.717+08:00,UT1_estimate+08:00,UT1_estimate+08:00,22077.154600835394,22077,16,20,20:55:47.717,68.92992138888889,68
525,1969-02-16T16:25:41.525,1969-03-04T05:17:42.348,1969-02-17T00:25:02.450+08:00,1969-03-04T13:17:03.232+08:00,UT1_estimate+08:00,UT1_estimate+08:00,22372.013723536977,22372,16,13,13:17:03.232,61.284231111111126,61
526,1969-03-18T04:51:59.871,1969-04-02T18:45:31.721,1969-03-18T12:51:20.718+08:00,1969-04-03T02:44:52.526+08:00,UT1_estimate+08:00,UT1_estimate+08:00,22433.53083176563,22433,17,2,02:44:52.526,74.74792388888892,74
527,1969-04-16T18:16:22.653,1969-05-02T05:14:00.270,1969-04-17T02:15:43.420+08:00,1969-05-02T13:13:20.996+08:00,UT1_estimate+08:00,UT1_estimate+08:00,22257.62694552527,22257,16,13,13:13:20.996,61.22249888888888,61
528,1969-05-16T08:26:33.757,1969-05-31T13:18:50.325,1969-05-16T16:25:54.445+08:00,1969-05-31T21:18:10.973+08:00,UT1_estimate+08:00,UT1_estimate+08:00,21892.27613910649,21892,16,21,21:18:10.973,69.30304805555556,69
529,1969-06-14T23:09:12.462,1969-06-29T20:04:22.730,1969-06-15T07:08:33.071+08:00,1969-06-30T04:03:43.298+08:00,UT1_estimate+08:00,UT1_estimate+08:00,21415.171123281925,21415,16,4,04:03:43.298,52.062027222222184,52
530,1969-07-14T14:12:00.030,1969-07-29T02:45:39.376,1969-07-14T22:11:20.559+08:00,1969-07-29T10:44:59.866+08:00,UT1_estimate+08:00,UT1_estimate+08:00,20913.655759802423,20913,16,10,10:44:59.866,58.74996277777774,58
531,1969-08-13T05:17:05.268,1969-08-27T10:33:03.077,1969-08-13T13:16:25.717+08:00,1969-08-27T18:32:23.487+08:00,UT1_estimate+08:00,UT1_estimate+08:00,20475.96348031193,20475,15,18,18:32:23.487,42.53985749999998,42
532,1969-09-11T19:56:26.941,1969-09-25T20:21:30.010,1969-09-12T03:55:47.311+08:00,1969-09-26T04:20:50.341+08:00,UT1_estimate+08:00,UT1_estimate+08:00,20185.051140437517,20185,15,4,04:20:50.341,28.347316944444458,28
533,1969-10-11T09:39:49.564,1969-10-25T08:44:49.519,1969-10-11T17:39:09.854+08:00,1969-10-25T16:44:09.771+08:00,UT1_estimate+08:00,UT1_estimate+08:00,20104.99925065196,20104,15,16,16:44:09.771,40.736047499999984,40
534,1969-11-09T22:12:03.264,1969-11-23T23:54:24.020,1969-11-10T06:11:23.474+08:00,1969-11-24T07:53:44.191+08:00,UT1_estimate+08:00,UT1_estimate+08:00,20262.345925886173,20262,15,7,07:53:44.191,31.89560861111113,31
535,1969-12-09T09:42:37.173,1969-12-23T17:35:35.821,1969-12-09T17:41:57.303+08:00,1969-12-24T01:34:55.912+08:00,UT1_estimate+08:00,UT1_estimate+08:00,20632.97746982921,20632,16,1,01:34:55.912,49.582197777777765,49
536,1970-01-07T20:36:08.605,1970-01-22T12:56:00.206,1970-01-08T04:35:28.655+08:00,1970-01-22T20:55:20.215+08:00,UT1_estimate+08:00,UT1_estimate+08:00,21139.860002108533,21139,15,20,20:55:20.215,44.92228194444448,44
537,1970-02-06T07:13:30.754,1970-02-21T08:19:21.261,1970-02-06T15:12:50.724+08:00,1970-02-21T16:18:41.190+08:00,UT1_estimate+08:00,UT1_estimate+08:00,21665.841786867422,21665,16,16,16:18:41.190,64.31144166666667,64
538,1970-03-07T17:43:07.157,1970-03-23T01:53:06.146,1970-03-08T01:42:27.046+08:00,1970-03-23T09:52:25.993+08:00,UT1_estimate+08:00,UT1_estimate+08:00,22089.983146899533,22089,16,9,09:52:25.993,57.87388694444445,57
539,1970-04-06T04:10:01.162,1970-04-21T16:21:57.970,1970-04-06T12:09:20.970+08:00,1970-04-22T00:21:17.735+08:00,UT1_estimate+08:00,UT1_estimate+08:00,22331.946787811605,22331,17,0,00:21:17.735,72.35492638888894,72
540,1970-05-05T14:51:34.829,1970-05-21T03:38:14.997,1970-05-05T22:50:54.556+08:00,1970-05-21T11:37:34.680+08:00,UT1_estimate+08:00,UT1_estimate+08:00,22366.669453689967,22366,17,11,11:37:34.680,83.62629999999996,83
541,1970-06-04T02:21:53.425,1970-06-19T12:28:04.554,1970-06-04T10:21:13.070+08:00,1970-06-19T20:27:24.156+08:00,UT1_estimate+08:00,UT1_estimate+08:00,22206.185483212168,22206,16,20,20:27:24.156,68.45670999999999,68
542,1970-07-03T15:18:28.535,1970-07-18T19:59:08.908,1970-07-03T23:17:48.098+08:00,1970-07-19T03:58:28.429+08:00,UT1_estimate+08:00,UT1_estimate+08:00,21880.672889754533,21880,17,3,03:58:28.429,75.97456361111114,75
543,1970-08-02T05:58:48.052,1970-08-17T03:16:01.215,1970-08-02T13:58:07.533+08:00,1970-08-17T11:15:20.653+08:00,UT1_estimate+08:00,UT1_estimate+08:00,21437.219368200695,21437,16,11,11:15:20.653,59.255736944444436,59
544,1970-08-31T22:01:53.495,1970-09-15T11:10:05.517,1970-09-01T06:01:12.892+08:00,1970-09-15T19:09:24.873+08:00,UT1_estimate+08:00,UT1_estimate+08:00,20948.200377253343,20948,15,19,19:09:24.873,43.15690916666665,43
545,1970-09-30T14:32:10.566,1970-10-14T20:21:54.579,1970-09-30T22:31:29.880+08:00,1970-10-15T04:21:13.852+08:00,UT1_estimate+08:00,UT1_estimate+08:00,20509.73354548793,20509,16,4,04:21:13.852,52.35384777777779,52
546,1970-10-30T06:28:34.590,1970-11-13T07:28:34.702,1970-10-30T14:27:53.820+08:00,1970-11-13T15:27:53.891+08:00,UT1_estimate+08:00,UT1_estimate+08:00,20220.00185683696,20220,15,15,15:27:53.891,39.464969722222236,39
547,1970-11-28T21:14:50.272,1970-12-12T21:04:00.937,1970-11-29T05:14:09.416+08:00,1970-12-13T05:03:20.041+08:00,UT1_estimate+08:00,UT1_estimate+08:00,20149.177754165758,20149,15,5,05:03:20.041,29.055566944444422,29
548,1970-12-28T10:43:20.798,1971-01-11T13:20:58.315,1970-12-28T18:42:39.858+08:00,1971-01-11T21:20:17.331+08:00,UT1_estimate+08:00,UT1_estimate+08:00,20317.625288960156,20317,15,21,21:20:17.331,45.33814749999999,45
549,1971-01-26T22:55:48.531,1971-02-10T07:42:03.870,1971-01-27T06:55:07.497+08:00,1971-02-10T15:41:22.790+08:00,UT1_estimate+08:00,UT1_estimate+08:00,20686.255650099887,20686,15,15,15:41:22.790,39.6896638888889,39
550,1971-02-25T09:49:14.439,1971-03-12T02:34:15.805,1971-02-25T17:48:33.312+08:00,1971-03-12T10:33:34.630+08:00,UT1_estimate+08:00,UT1_estimate+08:00,21165.022760693508,21165,16,10,10:33:34.630,58.55961944444442,58
551,1971-03-26T19:24:09.794,1971-04-10T20:10:38.216,1971-03-27T03:23:28.572+08:00,1971-04-11T04:09:56.945+08:00,UT1_estimate+08:00,UT1_estimate+08:00,21646.47370110937,21646,16,4,04:09:56.945,52.165818055555576,52
552,1971-04-25T04:02:21.425,1971-05-10T11:24:13.411,1971-04-25T12:01:40.108+08:00,1971-05-10T19:23:32.044+08:00,UT1_estimate+08:00,UT1_estimate+08:00,22041.86642899278,22041,16,19,19:23:32.044,67.39223444444445,67
553,1971-05-24T12:32:28.290,1971-06-09T00:04:17.737,1971-05-24T20:31:46.877+08:00,1971-06-09T08:03:36.273+08:00,UT1_estimate+08:00,UT1_estimate+08:00,22291.8241092487,22291,17,8,08:03:36.273,80.06007583333337,80
554,1971-06-22T21:58:00.452,1971-07-08T10:37:17.141,1971-06-23T05:57:18.943+08:00,1971-07-08T18:36:35.581+08:00,UT1_estimate+08:00,UT1_estimate+08:00,22359.27814978173,22359,16,18,18:36:35.581,66.60988361111112,66
555,1971-07-22T09:15:39.564,1971-08-06T19:43:02.176,1971-07-22T17:14:57.959+08:00,1971-08-07T03:42:20.519+08:00,UT1_estimate+08:00,UT1_estimate+08:00,22227.376852733214,22227,17,3,03:42:20.519,75.70569972222222,75
556,1971-08-20T22:54:02.299,1971-09-05T04:03:06.147,1971-08-21T06:53:20.596+08:00,1971-09-05T12:02:24.394+08:00,UT1_estimate+08:00,UT1_estimate+08:00,21909.064133914144,21909,16,12,12:02:24.394,60.040109444444454,60
557,1971-09-19T14:42:54.398,1971-10-04T12:20:08.456,1971-09-19T22:42:12.597+08:00,1971-10-04T20:19:26.606+08:00,UT1_estimate+08:00,UT1_estimate+08:00,21457.23430275182,21457,16,20,20:19:26.606,68.32405722222222,68
558,1971-10-19T07:59:37.452,1971-11-02T21:20:03.506,1971-10-19T15:58:55.553+08:00,1971-11-03T05:19:21.558+08:00,UT1_estimate+08:00,UT1_estimate+08:00,20960.43422278938,20960,16,5,05:19:21.558,53.322655,53
559,1971-11-18T01:46:28.661,1971-12-02T07:48:49.199,1971-11-18T09:45:46.663+08:00,1971-12-02T15:48:07.153+08:00,UT1_estimate+08:00,UT1_estimate+08:00,20522.342300019704,20522,15,15,15:48:07.153,39.80198694444442,39
560,1971-12-17T19:03:28.269,1971-12-31T20:20:13.908,1971-12-18T03:02:46.171+08:00,1972-01-01T04:19:31.764+08:00,UT1_estimate+08:00,UT1_estimate+08:00,20236.76065708049,20236,15,4,04:19:31.764,28.325490000000002,28
561,1972-01-16T10:53:05.375,1972-01-30T10:58:53.575,1972-01-16T18:52:23.191+08:00,1972-01-30T18:58:11.391+08:00,UTC+08:00,UTC+08:00,20165.803343539767,20165,15,18,18:58:11.391,42.96983083333333,42
562,1972-02-15T00:29:28.090,1972-02-29T03:12:37.342,1972-02-15T08:28:45.906+08:00,1972-02-29T11:11:55.158+08:00,UTC+08:00,UTC+08:00,20323.154201620862,20323,15,11,11:11:55.158,35.19865500000003,35
563,1972-03-15T11:35:23.432,1972-03-29T20:06:11.424,1972-03-15T19:34:41.248+08:00,1972-03-30T04:05:29.240+08:00,UTC+08:00,UTC+08:00,20670.79986002287,20670,16,4,04:05:29.240,52.09145555555557,52
564,1972-04-13T20:31:34.146,1972-04-28T12:45:09.689,1972-04-14T04:30:51.962+08:00,1972-04-28T20:44:27.505+08:00,UTC+08:00,UTC+08:00,21133.592379475722,21133,15,20,20:44:27.505,44.74097361111109,44
565,1972-05-13T04:08:42.150,1972-05-28T04:28:18.736,1972-05-13T12:07:59.966+08:00,1972-05-28T12:27:36.552+08:00,UTC+08:00,UTC+08:00,21619.609772281656,21619,16,12,12:27:36.552,60.460153333333324,60
566,1972-06-11T11:30:38.872,1972-06-26T18:46:52.329,1972-06-11T19:29:56.688+08:00,1972-06-27T02:46:10.145+08:00,UTC+08:00,UTC+08:00,22036.224280690694,22036,17,2,02:46:10.145,74.76948472222222,74
567,1972-07-10T19:39:28.325,1972-07-26T07:24:15.078,1972-07-11T03:38:45.141+08:00,1972-07-26T15:23:31.894+08:00,UTC+08:00,UTC+08:00,22304.77921844342,22304,16,15,15:23:31.894,63.39219277777778,63
568,1972-08-09T05:26:31.471,1972-08-24T18:22:21.525,1972-08-09T13:25:48.287+08:00,1972-08-25T02:21:38.341+08:00,UTC+08:00,UTC+08:00,22375.83423133754,22375,17,2,02:21:38.341,74.36065027777778,74
569,1972-09-07T17:29:08.464,1972-09-23T04:07:27.374,1972-09-08T01:28:25.280+08:00,1972-09-23T12:06:44.190+08:00,UTC+08:00,UTC+08:00,22238.31517881328,22238,16,12,12:06:44.190,60.11227500000001,60
570,1972-10-07T08:08:39.291,1972-10-22T13:25:45.245,1972-10-07T16:07:56.107+08:00,1972-10-22T21:25:02.061+08:00,UTC+08:00,UTC+08:00,21917.099222778772,21917,16,21,21:25:02.061,69.41723916666666,69
571,1972-11-06T01:22:00.392,1972-11-20T23:07:13.877,1972-11-06T09:21:17.208+08:00,1972-11-21T07:06:30.693+08:00,UTC+08:00,UTC+08:00,21465.224755403025,21465,16,7,07:06:30.693,55.10852583333332,55
572,1972-12-05T20:24:45.718,1972-12-20T09:45:47.513,1972-12-06T04:24:02.534+08:00,1972-12-20T17:45:04.329+08:00,UTC+08:00,UTC+08:00,20961.02991567674,20961,15,17,17:45:04.329,41.75120249999998,41
573,1973-01-04T15:43:12.438,1973-01-18T21:29:07.980,1973-01-04T23:42:28.254+08:00,1973-01-19T05:28:23.796+08:00,UTC+08:00,UTC+08:00,20505.92570360401,20505,16,5,05:28:23.796,53.47327666666666,53
574,1973-02-03T09:23:32.765,1973-02-17T10:07:40.820,1973-02-03T17:22:48.581+08:00,1973-02-17T18:06:56.636+08:00,UTC+08:00,UTC+08:00,20204.134248408292,20204,15,18,18:06:56.636,42.11573222222222,42
575,1973-03-05T00:08:08.014,1973-03-18T23:34:07.795,1973-03-05T08:07:23.830+08:00,1973-03-19T07:33:23.611+08:00,UTC+08:00,UTC+08:00,20125.99634187258,20125,15,7,07:33:23.611,31.556558611111143,31
576,1973-04-03T11:45:46.749,1973-04-17T13:51:13.794,1973-04-03T19:45:02.565+08:00,1973-04-17T21:50:29.610+08:00,UTC+08:00,UTC+08:00,20285.450745130474,20285,15,21,21:50:29.610,45.84155833333335,45
577,1973-05-02T20:55:36.558,1973-05-17T04:58:46.312,1973-05-03T04:54:52.374+08:00,1973-05-17T12:58:02.128+08:00,UTC+08:00,UTC+08:00,20643.16256334887,20643,15,12,12:58:02.128,36.967257777777775,36
578,1973-06-01T04:34:58.599,1973-06-15T20:35:17.888,1973-06-01T12:34:14.415+08:00,1973-06-16T04:34:33.704+08:00,UTC+08:00,UTC+08:00,21120.321486679815,21120,16,4,04:34:33.704,52.57602888888886,52
579,1973-06-30T11:39:28.546,1973-07-15T11:56:37.111,1973-06-30T19:38:44.362+08:00,1973-07-15T19:55:52.927+08:00,UTC+08:00,UTC+08:00,21617.14275691502,21617,16,19,19:55:52.927,67.93136861111111,67
580,1973-07-29T18:59:31.359,1973-08-14T02:17:13.436,1973-07-30T02:58:47.175+08:00,1973-08-14T10:16:29.252+08:00,UTC+08:00,UTC+08:00,22037.701284484046,22037,16,10,10:16:29.252,58.27479222222223,58
581,1973-08-28T03:26:01.732,1973-09-12T15:16:59.767,1973-08-28T11:25:17.548+08:00,1973-09-12T23:16:15.583+08:00,UTC+08:00,UTC+08:00,22310.96724960924,22310,16,23,23:16:15.583,71.27099527777779,71
582,1973-09-26T13:54:34.306,1973-10-12T03:09:41.030,1973-09-26T21:53:50.122+08:00,1973-10-12T11:08:56.846+08:00,UTC+08:00,UTC+08:00,22395.11205649582,22395,17,11,11:08:56.846,83.14912388888888,83
583,1973-10-26T03:17:14.228,1973-11-10T14:27:26.548,1973-10-26T11:16:30.044+08:00,1973-11-10T22:26:42.364+08:00,UTC+08:00,UTC+08:00,22270.20533173488,22270,16,22,22:26:42.364,70.44510111111111,70
584,1973-11-24T19:55:49.969,1973-12-10T01:35:20.348,1973-11-25T03:55:05.785+08:00,1973-12-10T09:34:36.164+08:00,UTC+08:00,UTC+08:00,21939.506306877964,21939,16,9,09:34:36.164,57.57671222222223,57
585,1973-12-24T15:07:45.515,1974-01-08T12:37:03.545,1973-12-24T23:07:01.331+08:00,1974-01-08T20:36:18.361+08:00,UTC+08:00,UTC+08:00,21449.300497142063,21449,16,20,20:36:18.361,68.60510027777781,68
586,1974-01-23T11:02:37.731,1974-02-06T23:24:57.152,1974-01-23T19:01:52.547+08:00,1974-02-07T07:24:11.968+08:00,UTC+08:00,UTC+08:00,20902.323691244994,20902,16,7,07:24:11.968,55.40332444444448,55
587,1974-02-22T05:34:28.912,1974-03-08T10:03:39.182,1974-02-22T13:33:43.728+08:00,1974-03-08T18:02:53.998+08:00,UTC+08:00,UTC+08:00,20429.171166979984,20429,15,18,18:02:53.998,42.04833277777777,42
588,1974-03-23T21:24:41.762,1974-04-06T21:01:03.427,1974-03-24T05:23:56.578+08:00,1974-04-07T05:00:18.243+08:00,UTC+08:00,UTC+08:00,20136.361084398995,20136,15,5,05:00:18.243,29.005067499999996,29
589,1974-04-22T10:17:13.655,1974-05-06T08:55:17.116,1974-04-22T18:16:28.471+08:00,1974-05-06T16:54:31.932+08:00,UTC+08:00,UTC+08:00,20078.057683063907,20078,15,16,16:54:31.932,40.908870000000036,40
590,1974-05-21T20:35:00.671,1974-06-04T22:10:22.725,1974-05-22T04:34:15.487+08:00,1974-06-05T06:09:37.541+08:00,UTC+08:00,UTC+08:00,20255.367571405302,20255,15,6,06:09:37.541,30.160428055555542,30
591,1974-06-20T04:56:24.226,1974-07-04T12:41:02.894,1974-06-20T12:55:39.042+08:00,1974-07-04T20:40:17.710+08:00,UTC+08:00,UTC+08:00,20624.64447049775,20624,15,20,20:40:17.710,44.67158611111108,44
592,1974-07-19T12:07:14.791,1974-08-03T03:57:45.463,1974-07-19T20:06:29.607+08:00,1974-08-03T11:57:00.279+08:00,UTC+08:00,UTC+08:00,21110.511195450636,21110,16,11,11:57:00.279,59.95007750000002,59
593,1974-08-17T19:02:18.971,1974-09-01T19:25:35.150,1974-08-18T03:01:33.787+08:00,1974-09-02T03:24:49.966+08:00,UTC+08:00,UTC+08:00,21623.26964595599,21623,16,3,03:24:49.966,51.41387944444443,51
594,1974-09-16T02:45:59.418,1974-10-01T10:38:42.181,1974-09-16T10:45:14.234+08:00,1974-10-01T18:37:56.997+08:00,UTC+08:00,UTC+08:00,22072.71270551648,22072,16,18,18:37:56.997,66.63249916666666,66
595,1974-10-15T12:25:32.660,1974-10-31T01:19:44.249,1974-10-15T20:24:47.476+08:00,1974-10-31T09:18:59.065+08:00,UTC+08:00,UTC+08:00,22374.193157507772,22374,17,9,09:18:59.065,81.31640694444445,81
596,1974-11-14T00:53:57.837,1974-11-29T15:10:48.691,1974-11-14T08:53:12.653+08:00,1974-11-29T23:10:03.507+08:00,UTC+08:00,UTC+08:00,22456.847557022495,22456,16,23,23:10:03.507,71.16764083333334,71
597,1974-12-13T16:25:29.883,1974-12-29T03:51:36.171,1974-12-14T00:24:44.699+08:00,1974-12-29T11:50:50.987+08:00,UTC+08:00,UTC+08:00,22286.10480235966,22286,16,11,11:50:50.987,59.847496388888885,59
598,1975-01-12T10:20:21.535,1975-01-27T15:10:11.492,1975-01-12T18:19:35.351+08:00,1975-01-27T23:09:25.308+08:00,UTC+08:00,UTC+08:00,21889.832609571462,21889,16,23,23:09:25.308,71.15702999999996,71
599,1975-02-11T05:17:36.663,1975-02-26T01:15:16.234,1975-02-11T13:16:50.479+08:00,1975-02-26T09:14:30.050+08:00,UTC+08:00,UTC+08:00,21357.659507124437,21357,16,9,09:14:30.050,57.24168055555555,57
600,1975-03-12T23:48:11.508,1975-03-27T10:36:48.176,1975-03-13T07:47:25.324+08:00,1975-03-27T18:36:01.992+08:00,UTC+08:00,UTC+08:00,20808.611146293006,20808,15,18,18:36:01.992,42.60055333333338,42
601,1975-04-11T16:39:44.951,1975-04-25T19:55:40.917,1975-04-12T00:38:58.767+08:00,1975-04-26T03:54:54.733+08:00,UTC+08:00,UTC+08:00,20355.93276134962,20355,15,3,03:54:54.733,27.91520361111111,27
602,1975-05-11T07:05:38.527,1975-05-25T05:51:20.813,1975-05-11T15:04:52.343+08:00,1975-05-25T13:50:34.629+08:00,UTC+08:00,UTC+08:00,20085.704759524517,20085,15,13,13:50:34.629,37.84295249999997,37
603,1975-06-09T18:49:51.826,1975-06-23T16:54:57.700,1975-06-10T02:49:05.642+08:00,1975-06-24T00:54:11.516+08:00,UTC+08:00,UTC+08:00,20045.097895090228,20045,15,0,00:54:11.516,24.90319888888888,24
604,1975-07-09T04:10:53.313,1975-07-23T05:29:12.692,1975-07-09T12:10:07.129+08:00,1975-07-23T13:28:26.508+08:00,UTC+08:00,UTC+08:00,20238.322982414702,20238,15,13,13:28:26.508,37.47402999999997,37
605,1975-08-07T11:58:08.065,1975-08-21T19:48:23.825,1975-08-07T19:57:21.881+08:00,1975-08-22T03:47:37.641+08:00,UTC+08:00,UTC+08:00,20630.2626634648,20630,16,3,03:47:37.641,51.79378916666667,51
606,1975-09-05T19:19:27.623,1975-09-20T11:51:08.437,1975-09-06T03:18:41.439+08:00,1975-09-20T19:50:22.253+08:00,UTC+08:00,UTC+08:00,21151.680236644388,21151,15,19,19:50:22.253,43.83951472222225,43
607,1975-10-05T03:24:02.949,1975-10-20T05:06:31.575,1975-10-05T11:23:16.765+08:00,1975-10-20T13:05:45.391+08:00,UTC+08:00,UTC+08:00,21702.477102179644,21702,16,13,13:05:45.391,61.09594194444446,61
608,1975-11-03T13:05:32.157,1975-11-18T22:29:00.869,1975-11-03T21:04:45.973+08:00,1975-11-19T06:28:14.685+08:00,UTC+08:00,UTC+08:00,22163.478530852037,22163,17,6,06:28:14.685,78.47074583333335,78
609,1975-12-03T00:50:48.652,1975-12-18T14:40:14.620,1975-12-03T08:50:02.468+08:00,1975-12-18T22:39:28.436+08:00,UTC+08:00,UTC+08:00,22429.43279420659,22429,16,22,22:39:28.436,70.6578988888889,70
610,1976-01-01T14:40:48.685,1976-01-17T04:47:43.088,1976-01-01T22:40:01.501+08:00,1976-01-17T12:46:55.904+08:00,UTC+08:00,UTC+08:00,22446.90671188516,22446,17,12,12:46:55.904,84.78219555555557,84
611,1976-01-31T06:20:56.637,1976-02-15T16:44:02.345,1976-01-31T14:20:09.453+08:00,1976-02-16T00:43:15.161+08:00,UTC+08:00,UTC+08:00,22223.095122037248,22223,17,0,00:43:15.161,72.7208780555556,72
612,1976-02-29T23:25:32.379,1976-03-16T02:53:30.668,1976-03-01T07:24:45.195+08:00,1976-03-16T10:52:43.484+08:00,UTC+08:00,UTC+08:00,21807.971478437485,21807,16,10,10:52:43.484,58.878745555555554,58
613,1976-03-30T17:08:42.404,1976-04-14T11:49:31.671,1976-03-31T01:07:55.220+08:00,1976-04-14T19:48:44.487+08:00,UTC+08:00,UTC+08:00,21280.82113216308,21280,15,19,19:48:44.487,43.81235749999996,43
614,1976-04-29T10:20:15.640,1976-05-13T20:04:49.255,1976-04-29T18:19:28.456+08:00,1976-05-14T04:04:02.071+08:00,UTC+08:00,UTC+08:00,20744.560257204692,20744,16,4,04:04:02.071,52.06724194444445,52
615,1976-05-29T01:47:33.005,1976-06-12T04:15:44.636,1976-05-29T09:46:45.821+08:00,1976-06-12T12:14:57.452+08:00,UTC+08:00,UTC+08:00,20308.193844151363,20308,15,12,12:14:57.452,36.24929222222221,36
616,1976-06-27T14:50:43.682,1976-07-11T13:09:39.431,1976-06-27T22:49:56.498+08:00,1976-07-11T21:08:52.247+08:00,UTC+08:00,UTC+08:00,20058.929150655895,20058,15,21,21:08:52.247,45.147846388888865,45
617,1976-07-27T01:39:30.510,1976-08-09T23:44:15.919,1976-07-27T09:38:43.326+08:00,1976-08-10T07:43:28.735+08:00,UTC+08:00,UTC+08:00,20044.75682233815,20044,15,7,07:43:28.735,31.72464861111115,31
618,1976-08-25T11:01:20.727,1976-09-08T12:52:51.003,1976-08-25T19:00:33.543+08:00,1976-09-08T20:52:03.819+08:00,UTC+08:00,UTC+08:00,20271.504599991586,20271,15,20,20:52:03.819,44.8677275,44
619,1976-09-23T19:55:39.185,1976-10-08T04:56:11.170,1976-09-24T03:54:52.001+08:00,1976-10-08T12:55:23.986+08:00,UTC+08:00,UTC+08:00,20700.53308451237,20700,15,12,12:55:23.986,36.92332944444445,36
620,1976-10-23T05:10:25.106,1976-11-06T23:15:21.770,1976-10-23T13:09:37.922+08:00,1976-11-07T07:14:34.586+08:00,UTC+08:00,UTC+08:00,21244.9444060163,21244,16,7,07:14:34.586,55.24294055555555,55
621,1976-11-21T15:11:24.848,1976-12-06T18:15:18.750,1976-11-21T23:10:37.664+08:00,1976-12-07T02:14:31.566+08:00,UTC+08:00,UTC+08:00,21783.89837281473,21783,17,2,02:14:31.566,74.24210166666671,74
622,1976-12-21T02:08:33.441,1977-01-05T12:11:09.516,1976-12-21T10:07:46.257+08:00,1977-01-05T20:10:21.332+08:00,UTC+08:00,UTC+08:00,22202.601252909673,22202,16,20,20:10:21.332,68.17259222222219,68
623,1977-01-19T14:11:52.668,1977-02-04T03:57:02.305,1977-01-19T22:11:04.484+08:00,1977-02-04T11:56:14.121+08:00,UTC+08:00,UTC+08:00,22425.16061363312,22425,17,11,11:56:14.121,83.93725583333332,83
624,1977-02-18T03:37:39.859,1977-03-05T17:14:00.365,1977-02-18T11:36:51.675+08:00,1977-03-06T01:13:12.181+08:00,UTC+08:00,UTC+08:00,22416.341763827957,22416,17,1,01:13:12.181,73.22005027777783,73
625,1977-03-19T18:33:25.990,1977-04-04T04:09:40.357,1977-03-20T02:32:37.806+08:00,1977-04-04T12:08:52.173+08:00,UTC+08:00,UTC+08:00,22176.239447110856,22176,16,12,12:08:52.173,60.14782583333334,60
626,1977-04-18T10:36:13.488,1977-05-03T13:04:12.235,1977-04-18T18:35:25.304+08:00,1977-05-03T21:03:24.051+08:00,UTC+08:00,UTC+08:00,21747.97911394394,21747,16,21,21:03:24.051,69.0566808333333,69
627,1977-05-18T02:52:10.422,1977-06-01T20:31:40.139,1977-05-18T10:51:22.238+08:00,1977-06-02T04:30:51.955+08:00,UTC+08:00,UTC+08:00,21219.49528247537,21219,16,4,04:30:51.955,52.51443194444448,52
628,1977-06-16T18:23:30.435,1977-07-01T03:24:49.775,1977-06-17T02:22:42.251+08:00,1977-07-01T11:24:01.591+08:00,UTC+08:00,UTC+08:00,20701.32232870882,20701,15,11,11:24:01.591,35.400441944444424,35
629,1977-07-16T08:37:17.128,1977-07-30T10:53:01.937,1977-07-16T16:36:28.944+08:00,1977-07-30T18:52:13.753+08:00,UTC+08:00,UTC+08:00,20295.74681213957,20295,15,18,18:52:13.753,42.87048694444445,42
630,1977-08-14T21:31:48.359,1977-08-28T20:10:51.209,1977-08-15T05:31:00.175+08:00,1977-08-29T04:10:03.025+08:00,UTC+08:00,UTC+08:00,20079.04750256752,20079,15,4,04:10:03.025,28.167506944444426,28
631,1977-09-13T09:23:34.608,1977-09-27T08:18:11.844,1977-09-13T17:22:46.424+08:00,1977-09-27T16:17:23.660+08:00,UTC+08:00,UTC+08:00,20094.62060442771,20094,15,16,16:17:23.660,40.28990555555555,40
632,1977-10-12T20:31:29.538,1977-10-26T23:36:09.263,1977-10-13T04:30:41.354+08:00,1977-10-27T07:35:21.079+08:00,UTC+08:00,UTC+08:00,20344.662080338785,20344,15,7,07:35:21.079,31.58918861111107,31
633,1977-11-11T07:10:10.590,1977-11-25T17:32:12.976,1977-11-11T15:09:22.406+08:00,1977-11-26T01:31:24.792+08:00,UTC+08:00,UTC+08:00,20782.039771327283,20782,16,1,01:31:24.792,49.523553333333325,49
634,1977-12-10T17:33:31.953,1977-12-25T12:49:50.206,1977-12-11T01:32:43.769+08:00,1977-12-25T20:49:02.022+08:00,UTC+08:00,UTC+08:00,21316.304211867297,21316,15,20,20:49:02.022,44.81722833333339,44
635,1978-01-09T04:00:31.200,1978-01-24T07:56:19.783,1978-01-09T11:59:42.016+08:00,1978-01-24T15:55:30.599+08:00,UTC+08:00,UTC+08:00,21835.809711821472,21835,16,15,15:55:30.599,63.9251663888889,63
636,1978-02-07T14:54:48.522,1978-02-23T01:27:09.130,1978-02-07T22:53:59.338+08:00,1978-02-23T09:26:19.946+08:00,UTC+08:00,UTC+08:00,22232.34347125871,22232,17,9,09:26:19.946,81.4388738888889,81
637,1978-03-09T02:37:01.902,1978-03-24T16:20:47.841,1978-03-09T10:36:12.718+08:00,1978-03-25T00:19:58.657+08:00,UTC+08:00,UTC+08:00,22423.765655528314,22423,17,0,00:19:58.657,72.33296027777777,72
638,1978-04-07T15:15:57.631,1978-04-23T04:11:45.814,1978-04-07T23:15:08.447+08:00,1978-04-23T12:10:56.630+08:00,UTC+08:00,UTC+08:00,22375.803041384443,22375,17,12,12:10:56.630,84.18239722222216,84
639,1978-05-07T04:47:30.927,1978-05-22T13:17:30.074,1978-05-07T12:46:41.743+08:00,1978-05-22T21:16:40.890+08:00,UTC+08:00,UTC+08:00,22109.98578760744,22109,16,21,21:16:40.890,69.27802499999996,69
640,1978-06-05T19:02:16.389,1978-06-20T20:31:19.668,1978-06-06T03:01:27.205+08:00,1978-06-21T04:30:30.484+08:00,UTC+08:00,UTC+08:00,21689.054645206288,21689,16,4,04:30:30.484,52.50846777777775,52
641,1978-07-05T09:51:07.754,1978-07-20T03:05:38.593,1978-07-05T17:50:18.570+08:00,1978-07-20T11:04:49.409+08:00,UTC+08:00,UTC+08:00,21194.51398688674,21194,16,11,11:04:49.409,59.08039138888887,59
642,1978-08-04T01:01:32.437,1978-08-18T10:14:48.481,1978-08-04T09:00:43.253+08:00,1978-08-18T18:13:59.297+08:00,UTC+08:00,UTC+08:00,20713.26739774946,20713,15,18,18:13:59.297,42.23313805555557,42
643,1978-09-02T16:09:42.884,1978-09-16T19:01:54.595,1978-09-03T00:08:53.700+08:00,1978-09-17T03:01:05.411+08:00,UTC+08:00,UTC+08:00,20332.195179804094,20332,15,3,03:01:05.411,27.01816972222224,27
644,1978-10-02T06:41:27.559,1978-10-16T06:10:20.343,1978-10-02T14:40:38.375+08:00,1978-10-16T14:09:31.159+08:00,UTC+08:00,UTC+08:00,20128.87974397241,20128,15,14,14:09:31.159,38.15865527777777,38
645,1978-10-31T20:07:20.490,1978-11-14T20:00:56.503,1978-11-01T04:06:31.306+08:00,1978-11-15T04:00:07.319+08:00,UTC+08:00,UTC+08:00,20153.600218453386,20153,15,4,04:00:07.319,28.0020330555555,28
646,1978-11-30T08:20:15.681,1978-12-14T12:31:27.940,1978-11-30T16:19:26.497+08:00,1978-12-14T20:30:38.756+08:00,UTC+08:00,UTC+08:00,20411.204313597187,20411,15,20,20:30:38.756,44.510765555555565,44
647,1978-12-29T19:36:43.165,1979-01-13T07:09:26.703,1978-12-30T03:35:53.981+08:00,1979-01-13T15:08:36.519+08:00,UTC+08:00,UTC+08:00,20852.725626639753,20852,15,15,15:08:36.519,39.14347750000002,39
648,1979-01-28T06:20:22.007,1979-02-12T02:40:12.844,1979-01-28T14:19:31.823+08:00,1979-02-12T10:39:22.660+08:00,UTC+08:00,UTC+08:00,21379.847290535494,21379,16,10,10:39:22.660,58.65629444444443,58
649,1979-02-26T16:46:02.984,1979-03-13T21:15:05.161,1979-02-27T00:45:12.800+08:00,1979-03-14T05:14:14.977+08:00,UTC+08:00,UTC+08:00,21869.03628433217,21869,16,5,05:14:14.977,53.23749361111112,53
650,1979-03-28T03:00:18.436,1979-04-12T13:15:50.848,1979-03-28T10:59:28.252+08:00,1979-04-12T21:15:00.664+08:00,UTC+08:00,UTC+08:00,22215.54019625506,22215,16,21,21:15:00.664,69.25018444444447,69
651,1979-04-26T13:15:33.922,1979-05-12T02:01:41.247,1979-04-26T21:14:43.738+08:00,1979-05-12T10:00:51.063+08:00,UTC+08:00,UTC+08:00,22366.12209829389,22366,17,10,10:00:51.063,82.01418416666667,82
652,1979-05-26T00:01:12.622,1979-06-10T11:56:06.067,1979-05-26T08:00:22.438+08:00,1979-06-10T19:55:15.883+08:00,UTC+08:00,UTC+08:00,22314.890738673712,22314,16,19,19:55:15.883,67.92107861111111,67
653,1979-06-24T11:58:40.424,1979-07-09T20:00:05.676,1979-06-24T19:57:50.240+08:00,1979-07-10T03:59:15.492+08:00,UTC+08:00,UTC+08:00,22081.420859265854,22081,17,3,03:59:15.492,75.98763666666667,75
654,1979-07-24T01:41:27.563,1979-08-08T03:21:56.098,1979-07-24T09:40:37.379+08:00,1979-08-08T11:21:05.914+08:00,UTC+08:00,UTC+08:00,21700.47557791935,21700,16,11,11:21:05.914,59.35164277777778,59
655,1979-08-22T17:11:15.957,1979-09-06T10:59:24.668,1979-08-23T01:10:25.773+08:00,1979-09-06T18:58:34.484+08:00,UTC+08:00,UTC+08:00,21228.145175142963,21228,15,18,18:58:34.484,42.97624555555552,42
656,1979-09-21T09:47:25.092,1979-10-05T19:36:10.401,1979-09-21T17:46:34.908+08:00,1979-10-06T03:35:20.217+08:00,UTC+08:00,UTC+08:00,20748.755151145033,20748,16,3,03:35:20.217,51.58894916666668,51
657,1979-10-21T02:23:52.238,1979-11-04T05:47:53.340,1979-10-21T10:23:02.054+08:00,1979-11-04T13:47:03.156+08:00,UTC+08:00,UTC+08:00,20364.018375163527,20364,15,13,13:47:03.156,37.78420999999997,37
658,1979-11-19T18:04:27.686,1979-12-03T18:08:29.270,1979-11-20T02:03:37.502+08:00,1979-12-04T02:07:39.086+08:00,UTC+08:00,UTC+08:00,20164.02639120861,20164,15,2,02:07:39.086,26.127523888888845,26
659,1979-12-19T08:24:12.888,1980-01-02T09:02:57.692,1979-12-19T16:23:22.704+08:00,1980-01-02T17:02:06.508+08:00,UTC+08:00,UTC+08:00,20198.746741582607,20198,15,17,17:02:06.508,41.0351411111111,41
660,1980-01-17T21:20:13.866,1980-02-01T02:22:03.916,1980-01-18T05:19:22.682+08:00,1980-02-01T10:21:12.732+08:00,UTC+08:00,UTC+08:00,20461.83416489209,20461,15,10,10:21:12.732,34.353536666666685,34
661,1980-02-16T08:51:43.476,1980-03-01T21:00:29.827,1980-02-16T16:50:52.292+08:00,1980-03-02T04:59:38.643+08:00,UTC+08:00,UTC+08:00,20888.772526364482,20888,16,4,04:59:38.643,52.99406749999997,52
662,1980-03-16T18:56:43.210,1980-03-31T15:14:41.763,1980-03-17T02:55:52.026+08:00,1980-03-31T23:13:50.579+08:00,UTC+08:00,UTC+08:00,21377.975872021372,21377,15,23,23:13:50.579,47.23071638888888,47
663,1980-04-15T03:47:04.750,1980-04-30T07:36:07.524,1980-04-15T11:46:13.566+08:00,1980-04-30T15:35:16.340+08:00,UTC+08:00,UTC+08:00,21829.046219089323,21829,16,15,15:35:16.340,63.587872222222245,63
664,1980-05-14T12:01:02.431,1980-05-29T21:28:26.506,1980-05-14T20:00:11.247+08:00,1980-05-30T05:27:35.322+08:00,UTC+08:00,UTC+08:00,22167.40125163862,22167,17,5,05:27:35.322,77.45981166666667,77
665,1980-06-12T20:39:09.106,1980-06-28T09:02:57.285,1980-06-13T04:38:17.922+08:00,1980-06-28T17:02:06.101+08:00,UTC+08:00,UTC+08:00,22343.802982026216,22343,16,17,17:02:06.101,65.03502805555559,65
666,1980-07-12T06:46:30.403,1980-07-27T18:54:28.852,1980-07-12T14:45:39.219+08:00,1980-07-28T02:53:37.668+08:00,UTC+08:00,UTC+08:00,22327.97415029563,22327,17,2,02:53:37.668,74.89379666666667,74
667,1980-08-10T19:10:08.939,1980-08-26T03:43:03.362,1980-08-11T03:09:17.755+08:00,1980-08-26T11:42:12.178+08:00,UTC+08:00,UTC+08:00,22112.907047344506,22112,16,11,11:42:12.178,59.70338277777779,59
668,1980-09-09T10:01:02.022,1980-09-24T12:08:33.520,1980-09-09T18:00:10.838+08:00,1980-09-24T20:07:42.336+08:00,UTC+08:00,UTC+08:00,21727.524971191524,21727,16,20,20:07:42.336,68.12842666666666,68
669,1980-10-09T02:50:28.542,1980-10-23T20:52:43.628,1980-10-09T10:49:37.358+08:00,1980-10-24T04:51:52.444+08:00,UTC+08:00,UTC+08:00,21242.25143155196,21242,16,4,04:51:52.444,52.86456777777772,52
670,1980-11-07T20:43:22.859,1980-11-22T06:39:42.242,1980-11-08T04:42:31.675+08:00,1980-11-22T14:38:51.058+08:00,UTC+08:00,UTC+08:00,20756.32305228918,20756,15,14,14:38:51.058,38.64751611111109,38
671,1980-12-07T14:35:53.759,1980-12-21T18:08:51.411,1980-12-07T22:35:02.575+08:00,1980-12-22T02:08:00.227+08:00,UTC+08:00,UTC+08:00,20372.960875045374,20372,16,2,02:08:00.227,50.133396388888855,50
672,1981-01-06T07:24:51.740,1981-01-20T07:39:48.542,1981-01-06T15:24:00.556+08:00,1981-01-20T15:38:57.358+08:00,UTC+08:00,UTC+08:00,20174.946694767175,20174,15,15,15:38:57.358,39.6492661111111,39
673,1981-02-04T22:14:36.833,1981-02-18T22:59:05.048,1981-02-05T06:13:45.649+08:00,1981-02-19T06:58:13.864+08:00,UTC+08:00,UTC+08:00,20204.47025265958,20204,15,6,06:58:13.864,30.970517777777786,30
674,1981-03-06T10:31:50.115,1981-03-20T15:23:19.184,1981-03-06T18:30:58.931+08:00,1981-03-20T23:22:28.000+08:00,UTC+08:00,UTC+08:00,20451.484489151007,20451,15,23,23:22:28.000,47.374444444444464,47
675,1981-04-04T20:20:17.415,1981-04-19T07:59:46.256,1981-04-05T04:19:26.231+08:00,1981-04-19T15:58:55.072+08:00,UTC+08:00,UTC+08:00,20859.480689654883,20859,15,15,15:58:55.072,39.98196444444443,39
676,1981-05-04T04:20:01.322,1981-05-19T00:04:26.087,1981-05-04T12:19:10.138+08:00,1981-05-19T08:03:34.903+08:00,UTC+08:00,UTC+08:00,21344.41276173291,21344,16,8,08:03:34.903,56.059695277777735,56
677,1981-06-02T11:32:33.294,1981-06-17T15:05:18.613,1981-06-02T19:31:42.110+08:00,1981-06-17T23:04:27.429+08:00,UTC+08:00,UTC+08:00,21812.75532149173,21812,16,23,23:04:27.429,71.0742858333333,71
678,1981-07-01T19:03:57.525,1981-07-17T04:39:41.438,1981-07-02T03:03:05.341+08:00,1981-07-17T12:38:49.254+08:00,UTC+08:00,UTC+08:00,22175.73188211305,22175,16,12,12:38:49.254,60.64701500000001,60
679,1981-07-31T03:52:48.941,1981-08-15T16:37:29.483,1981-07-31T11:51:56.757+08:00,1981-08-16T00:36:37.299+08:00,UTC+08:00,UTC+08:00,22364.675708244777,22364,17,0,00:36:37.299,72.61036083333335,72
680,1981-08-29T14:44:16.864,1981-09-14T03:09:33.583,1981-08-29T22:43:24.680+08:00,1981-09-14T11:08:41.399+08:00,UTC+08:00,UTC+08:00,22345.278641333243,22345,17,11,11:08:41.399,83.14483305555552,83
681,1981-09-28T04:08:04.487,1981-10-13T12:50:17.303,1981-09-28T12:07:12.303+08:00,1981-10-13T20:49:25.119+08:00,UTC+08:00,UTC+08:00,22122.213595020185,22122,16,20,20:49:25.119,68.82364416666667,68
682,1981-10-27T20:14:08.387,1981-11-11T22:27:21.501,1981-10-28T04:13:16.203+08:00,1981-11-12T06:26:29.317+08:00,UTC+08:00,UTC+08:00,21733.21856210843,21733,16,6,06:26:29.317,54.441476944444446,54
683,1981-11-26T14:39:12.370,1981-12-11T08:42:13.551,1981-11-26T22:38:20.186+08:00,1981-12-11T16:41:21.367+08:00,UTC+08:00,UTC+08:00,21243.019688215543,21243,16,16,16:41:21.367,64.68926861111112,64
684,1981-12-26T10:10:52.369,1982-01-09T19:53:41.661,1981-12-26T18:10:00.185+08:00,1982-01-10T03:52:49.477+08:00,UTC+08:00,UTC+08:00,20742.821526704432,20742,16,3,03:52:49.477,51.88041027777774,51
685,1982-01-25T04:56:48.680,1982-02-08T07:57:58.781,1982-01-25T12:55:56.496+08:00,1982-02-08T15:57:06.597+08:00,UTC+08:00,UTC+08:00,20341.168346783063,20341,15,15,15:57:06.597,39.95183250000002,39
686,1982-02-23T21:13:58.289,1982-03-09T20:45:59.757,1982-02-24T05:13:06.105+08:00,1982-03-10T04:45:07.573+08:00,UTC+08:00,UTC+08:00,20132.02446450782,20132,15,4,04:45:07.573,28.752103611111124,28
687,1982-03-25T10:18:20.779,1982-04-08T10:19:11.288,1982-03-25T18:17:28.595+08:00,1982-04-08T18:18:19.104+08:00,UTC+08:00,UTC+08:00,20160.841814856067,20160,15,18,18:18:19.104,42.305306666666695,42
688,1982-04-23T20:29:32.527,1982-05-08T00:45:31.756,1982-04-24T04:28:40.343+08:00,1982-05-08T08:44:39.572+08:00,UTC+08:00,UTC+08:00,20415.987153621434,20415,15,8,08:44:39.572,32.74432555555552,32
689,1982-05-23T04:41:10.910,1982-06-06T16:00:14.053,1982-05-23T12:40:18.726+08:00,1982-06-06T23:59:21.869+08:00,UTC+08:00,UTC+08:00,20839.05239092086,20839,15,23,23:59:21.869,47.98940805555554,47
690,1982-06-21T11:52:38.072,1982-07-06T07:32:28.727,1982-06-21T19:51:45.888+08:00,1982-07-06T15:31:35.543+08:00,UTC+08:00,UTC+08:00,21339.84424993092,21339,16,15,15:31:35.543,63.52653972222225,63
691,1982-07-20T18:57:30.559,1982-08-04T22:34:37.389,1982-07-21T02:56:37.375+08:00,1982-08-05T06:33:44.205+08:00,UTC+08:00,UTC+08:00,21817.11382663547,21817,16,6,06:33:44.205,54.56227916666671,54
692,1982-08-19T02:45:45.028,1982-09-03T12:29:05.200,1982-08-19T10:44:51.844+08:00,1982-09-03T20:28:12.016+08:00,UTC+08:00,UTC+08:00,22183.336201768616,22183,16,20,20:28:12.016,68.47000444444444,68
693,1982-09-17T12:09:58.111,1982-10-03T01:09:24.105,1982-09-17T20:09:04.927+08:00,1982-10-03T09:08:30.921+08:00,UTC+08:00,UTC+08:00,22379.433240320814,22379,17,9,09:08:30.921,81.14192250000002,81
694,1982-10-17T00:04:59.453,1982-11-01T12:57:32.633,1982-10-17T08:04:06.269+08:00,1982-11-01T20:56:39.449+08:00,UTC+08:00,UTC+08:00,22372.55299067306,22372,16,20,20:56:39.449,68.94429138888887,68
695,1982-11-15T15:10:47.019,1982-12-01T00:21:35.182,1982-11-15T23:09:53.835+08:00,1982-12-01T08:20:41.998+08:00,UTC+08:00,UTC+08:00,22150.802712052766,22150,17,8,08:20:41.998,80.3449994444444,80
696,1982-12-15T09:18:56.464,1982-12-30T11:33:28.241,1982-12-15T17:18:03.280+08:00,1982-12-30T19:32:35.057+08:00,UTC+08:00,UTC+08:00,21734.52961785284,21734,16,19,19:32:35.057,67.5430713888889,67
697,1983-01-14T05:08:39.682,1983-01-28T22:27:09.981,1983-01-14T13:07:46.498+08:00,1983-01-29T06:26:16.797+08:00,UTC+08:00,UTC+08:00,21198.504977710527,21198,16,6,06:26:16.797,54.43799916666666,54
698,1983-02-13T00:32:42.386,1983-02-27T08:59:00.149,1983-02-13T08:31:49.202+08:00,1983-02-27T16:58:06.965+08:00,UTC+08:00,UTC+08:00,20666.296054301514,20666,15,16,16:58:06.965,40.968601388888885,40
699,1983-03-14T17:44:18.802,1983-03-28T19:27:32.705,1983-03-15T01:43:25.618+08:00,1983-03-29T03:26:39.521+08:00,UTC+08:00,UTC+08:00,20263.23171841407,20263,15,3,03:26:39.521,27.444311388888877,27
700,1983-04-13T07:59:12.057,1983-04-27T06:31:32.717,1983-04-13T15:58:18.873+08:00,1983-04-27T14:30:39.533+08:00,UTC+08:00,UTC+08:00,20072.344340999836,20072,15,14,14:30:39.533,38.51098138888892,38
701,1983-05-12T19:25:58.451,1983-05-26T18:48:33.779,1983-05-13T03:25:05.267+08:00,1983-05-27T02:47:40.595+08:00,UTC+08:00,UTC+08:00,20122.58879417023,20122,15,2,02:47:40.595,26.79460972222222,26
702,1983-06-11T04:38:24.442,1983-06-25T08:32:39.233,1983-06-11T12:37:31.258+08:00,1983-06-25T16:31:46.049+08:00,UTC+08:00,UTC+08:00,20394.246518679847,20394,15,16,16:31:46.049,40.52945805555561,40
703,1983-07-10T12:19:22.894,1983-07-24T23:27:45.881,1983-07-10T20:18:28.710+08:00,1983-07-25T07:26:51.697+08:00,UTC+08:00,UTC+08:00,20828.38312220023,20828,16,7,07:26:51.697,55.447693611111106,55
704,1983-08-08T19:18:49.267,1983-08-23T15:00:10.882,1983-08-09T03:17:55.083+08:00,1983-08-23T22:59:16.698+08:00,UTC+08:00,UTC+08:00,21341.360254503634,21341,15,22,22:59:16.698,46.98797166666668,46
705,1983-09-07T02:35:51.979,1983-09-22T06:37:02.966,1983-09-07T10:34:57.795+08:00,1983-09-22T14:36:08.782+08:00,UTC+08:00,UTC+08:00,21841.183122880175,21841,16,14,14:36:08.782,62.60243944444443,62
706,1983-10-06T11:16:32.932,1983-10-21T21:54:09.096,1983-10-06T19:15:38.748+08:00,1983-10-22T05:53:14.912+08:00,UTC+08:00,UTC+08:00,22237.60273040596,22237,17,5,05:53:14.912,77.88747555555557,77
707,1983-11-04T22:22:01.233,1983-11-20T12:30:15.533,1983-11-05T06:21:07.049+08:00,1983-11-20T20:29:21.349+08:00,UTC+08:00,UTC+08:00,22448.23832973676,22448,16,20,20:29:21.349,68.48926361111108,68
708,1983-12-04T12:26:45.095,1983-12-20T02:01:09.988,1983-12-04T20:25:50.911+08:00,1983-12-20T10:00:15.804+08:00,UTC+08:00,UTC+08:00,22414.414879910117,22414,17,10,10:00:15.804,82.00439,82
709,1984-01-03T05:16:32.814,1984-01-18T14:06:03.595,1984-01-03T13:15:38.630+08:00,1984-01-18T22:05:09.411+08:00,UTC+08:00,UTC+08:00,22129.513013617678,22129,16,22,22:05:09.411,70.08594750000003,70
710,1984-02-01T23:47:18.771,1984-02-17T00:41:58.027,1984-02-02T07:46:24.587+08:00,1984-02-17T08:41:03.843+08:00,UTC+08:00,UTC+08:00,21654.654261280106,21654,16,8,08:41:03.843,56.68440083333337,56
711,1984-03-02T18:31:46.123,1984-03-17T10:10:36.762,1984-03-03T02:30:51.939+08:00,1984-03-17T18:09:42.578+08:00,UTC+08:00,UTC+08:00,21098.84398695467,21098,15,18,18:09:42.578,42.1618272222222,42
712,1984-04-01T12:10:26.877,1984-04-15T19:11:39.811,1984-04-01T20:09:32.693+08:00,1984-04-16T03:10:45.627+08:00,UTC+08:00,UTC+08:00,20581.21557156487,20581,16,3,03:10:45.627,51.179340833333356,51
713,1984-05-01T03:46:11.819,1984-05-15T04:29:29.605,1984-05-01T11:45:17.635+08:00,1984-05-15T12:28:35.421+08:00,UTC+08:00,UTC+08:00,20203.296430573664,20203,15,12,12:28:35.421,36.47650583333336,36
714,1984-05-30T16:48:44.788,1984-06-13T14:42:41.570,1984-05-31T00:47:50.604+08:00,1984-06-13T22:41:47.386+08:00,UTC+08:00,UTC+08:00,20033.946361193237,20033,14,22,22:41:47.386,22.696496111111117,22
715,1984-06-29T03:19:21.369,1984-07-13T02:20:37.976,1984-06-29T11:18:27.185+08:00,1984-07-13T10:19:43.792+08:00,UTC+08:00,UTC+08:00,20101.276783661287,20101,15,10,10:19:43.792,34.32883111111107,34
716,1984-07-28T11:52:08.156,1984-08-11T15:44:06.126,1984-07-28T19:51:13.972+08:00,1984-08-11T23:43:11.942+08:00,UTC+08:00,UTC+08:00,20391.966162856625,20391,15,23,23:43:11.942,47.71998388888892,47
717,1984-08-26T19:26:24.691,1984-09-10T07:01:57.993,1984-08-27T03:25:30.507+08:00,1984-09-10T15:01:03.809+08:00,UTC+08:00,UTC+08:00,20855.5550238023,20855,15,15,15:01:03.809,39.01772472222217,39
718,1984-09-25T03:11:32.108,1984-10-09T23:59:03.721,1984-09-25T11:10:37.924+08:00,1984-10-10T07:58:09.537+08:00,UTC+08:00,UTC+08:00,21407.526885181833,21407,16,7,07:58:09.537,55.969315833333326,55
719,1984-10-24T12:09:03.123,1984-11-08T17:43:30.601,1984-10-24T20:08:08.939+08:00,1984-11-09T01:42:36.417+08:00,UTC+08:00,UTC+08:00,21934.457973450302,21934,17,1,01:42:36.417,73.7101158333333,73
720,1984-11-22T22:57:34.675,1984-12-08T10:54:15.664,1984-11-23T06:56:40.491+08:00,1984-12-08T18:53:21.480+08:00,UTC+08:00,UTC+08:00,22316.68315259986,22316,16,18,18:53:21.480,66.88929999999999,66
721,1984-12-22T11:47:30.254,1985-01-07T02:17:02.854,1984-12-22T19:46:36.070+08:00,1985-01-07T10:16:08.670+08:00,UTC+08:00,UTC+08:00,22469.543329708813,22469,17,10,10:16:08.670,82.26907499999999,82
722,1985-01-21T02:29:10.084,1985-02-05T15:19:40.848,1985-01-21T10:28:15.900+08:00,1985-02-05T23:18:46.664+08:00,UTC+08:00,UTC+08:00,22370.512743067433,22370,16,23,23:18:46.664,71.31296222222227,71
723,1985-02-19T18:43:35.717,1985-03-07T02:14:00.995,1985-02-20T02:42:41.533+08:00,1985-03-07T10:13:06.811+08:00,UTC+08:00,UTC+08:00,22050.421300609603,22050,16,10,10:13:06.811,58.21855861111112,58
724,1985-03-21T11:59:35.975,1985-04-05T11:33:20.081,1985-03-21T19:58:41.791+08:00,1985-04-05T19:32:25.897+08:00,UTC+08:00,UTC+08:00,21573.735103003084,21573,16,19,19:32:25.897,67.54052694444448,67
725,1985-04-20T05:22:51.860,1985-05-04T19:53:43.352,1985-04-20T13:21:57.676+08:00,1985-05-05T03:52:49.168+08:00,UTC+08:00,UTC+08:00,21030.858202007457,21030,16,3,03:52:49.168,51.880324444444454,51
726,1985-05-19T21:42:01.564,1985-06-03T03:51:20.598,1985-05-20T05:41:07.380+08:00,1985-06-03T11:50:26.414+08:00,UTC+08:00,UTC+08:00,20529.317239931606,20529,15,11,11:50:26.414,35.84067055555556,35
727,1985-06-18T11:58:50.977,1985-07-02T12:09:14.542,1985-06-18T19:57:56.793+08:00,1985-07-02T20:08:19.358+08:00,UTC+08:00,UTC+08:00,20170.392758905982,20170,15,20,20:08:19.358,44.138710555555576,44
728,1985-07-17T23:57:15.978,1985-07-31T21:41:50.876,1985-07-18T07:56:20.794+08:00,1985-08-01T05:40:55.692+08:00,UTC+08:00,UTC+08:00,20024.581628524793,20024,15,5,05:40:55.692,29.68213666666668,29
729,1985-08-16T10:06:25.952,1985-08-30T09:28:04.922,1985-08-16T18:05:30.768+08:00,1985-08-30T17:27:09.738+08:00,UTC+08:00,UTC+08:00,20121.649499615705,20121,15,17,17:27:09.738,41.45270499999998,41
730,1985-09-14T19:20:49.399,1985-09-29T00:09:22.947,1985-09-15T03:19:54.215+08:00,1985-09-29T08:08:27.763+08:00,UTC+08:00,UTC+08:00,20448.559131931543,20448,15,8,08:08:27.763,32.14104527777778,32
731,1985-10-14T04:34:12.856,1985-10-28T17:38:26.749,1985-10-14T12:33:17.672+08:00,1985-10-29T01:37:31.565+08:00,UTC+08:00,UTC+08:00,20944.231538445405,20944,16,1,01:37:31.565,49.625434722222224,49
732,1985-11-12T14:21:15.244,1985-11-27T12:42:39.324,1985-11-12T22:20:20.060+08:00,1985-11-27T20:41:44.140+08:00,UTC+08:00,UTC+08:00,21501.401334052756,21501,16,20,20:41:44.140,68.6955944444444,68
733,1985-12-12T00:55:21.122,1985-12-27T07:31:13.487,1985-12-12T08:54:25.938+08:00,1985-12-27T15:30:18.303+08:00,UTC+08:00,UTC+08:00,21995.872751317056,21995,16,15,15:30:18.303,63.50508416666668,63
734,1986-01-10T12:22:36.389,1986-01-26T00:31:58.312,1986-01-10T20:21:41.205+08:00,1986-01-26T08:31:03.128+08:00,UTC+08:00,UTC+08:00,22329.365395056775,22329,17,8,08:31:03.128,80.51753555555558,80
735,1986-02-09T00:56:13.996,1986-02-24T15:03:08.826,1986-02-09T08:55:18.812+08:00,1986-02-24T23:02:13.642+08:00,UTC+08:00,UTC+08:00,22446.91382912719,22446,16,23,23:02:13.642,71.03712277777777,71
736,1986-03-10T14:52:28.517,1986-03-26T03:02:42.186,1986-03-10T22:51:33.333+08:00,1986-03-26T11:01:47.002+08:00,UTC+08:00,UTC+08:00,22330.22780845814,22330,17,11,11:01:47.002,83.0297227777778,83
737,1986-04-09T06:09:02.865,1986-04-24T12:47:16.887,1986-04-09T14:08:07.681+08:00,1986-04-24T20:46:21.703+08:00,UTC+08:00,UTC+08:00,21998.23370163691,21998,16,20,20:46:21.703,68.77269527777776,68
738,1986-05-08T22:10:31.375,1986-05-23T20:45:39.251,1986-05-09T06:09:36.191+08:00,1986-05-24T04:44:44.067+08:00,UTC+08:00,UTC+08:00,21515.131272956503,21515,16,4,04:44:44.067,52.7455741666667,52
739,1986-06-07T14:01:18.951,1986-06-22T03:42:41.344,1986-06-07T22:00:23.767+08:00,1986-06-22T11:41:46.160+08:00,UTC+08:00,UTC+08:00,20981.37322365649,20981,16,11,11:41:46.160,59.69615555555555,59
740,1986-07-07T04:55:44.974,1986-07-21T10:41:07.575,1986-07-07T12:54:49.790+08:00,1986-07-21T18:40:12.391+08:00,UTC+08:00,UTC+08:00,20505.37668360541,20505,15,18,18:40:12.391,42.67010861111112,42
741,1986-08-05T18:36:39.993,1986-08-19T18:55:06.216,1986-08-06T02:35:44.809+08:00,1986-08-20T02:54:11.032+08:00,UTC+08:00,UTC+08:00,20178.43704576553,20178,15,2,02:54:11.032,26.903064444444396,26
742,1986-09-04T07:11:18.127,1986-09-18T05:34:38.812,1986-09-04T15:10:22.943+08:00,1986-09-18T13:33:43.628+08:00,UTC+08:00,UTC+08:00,20063.344753794045,20063,15,13,13:33:43.628,37.562118888888904,37
743,1986-10-03T18:55:40.801,1986-10-17T19:22:33.787,1986-10-04T02:54:45.617+08:00,1986-10-18T03:21:38.603+08:00,UTC+08:00,UTC+08:00,20186.88310073495,20186,15,3,03:21:38.603,27.360723055555525,27
744,1986-11-02T06:03:02.901,1986-11-16T12:12:28.114,1986-11-02T14:02:07.717+08:00,1986-11-16T20:11:32.930+08:00,UTC+08:00,UTC+08:00,20529.42021052522,20529,15,20,20:11:32.930,44.19248055555556,44
745,1986-12-01T16:43:31.390,1986-12-16T07:05:20.485,1986-12-02T00:42:36.206+08:00,1986-12-16T15:04:25.301+08:00,UTC+08:00,UTC+08:00,21021.81824819492,21021,15,15,15:04:25.301,39.07369472222223,39
746,1986-12-31T03:10:41.989,1987-01-15T02:31:19.564,1986-12-31T11:09:46.805+08:00,1987-01-15T10:30:24.380+08:00,UTC+08:00,UTC+08:00,21560.626252842987,21560,16,10,10:30:24.380,58.506772222222196,58
747,1987-01-29T13:45:26.539,1987-02-13T20:58:50.085,1987-01-29T21:44:31.355+08:00,1987-02-14T04:57:54.901+08:00,UTC+08:00,UTC+08:00,22033.392439976902,22033,17,4,04:57:54.901,76.96525027777778,76
748,1987-02-28T00:51:33.852,1987-03-15T13:13:36.297,1987-02-28T08:50:38.668+08:00,1987-03-15T21:12:41.113+08:00,UTC+08:00,UTC+08:00,22342.040744352824,22342,16,21,21:12:41.113,69.21142027777773,69
749,1987-03-29T12:46:28.134,1987-04-14T02:31:53.745,1987-03-29T20:45:32.950+08:00,1987-04-14T10:30:58.561+08:00,UTC+08:00,UTC+08:00,22425.426843302805,22425,17,10,10:30:58.561,82.51626694444445,82
750,1987-04-28T01:35:17.670,1987-05-13T12:51:09.540,1987-04-28T09:34:22.486+08:00,1987-05-13T20:50:14.356+08:00,UTC+08:00,UTC+08:00,22275.86449952896,22275,16,20,20:50:14.356,68.83732111111107,68
751,1987-05-27T15:14:16.441,1987-06-11T20:49:43.863,1987-05-27T23:13:21.257+08:00,1987-06-12T04:48:48.679+08:00,UTC+08:00,UTC+08:00,21935.457022960647,21935,17,4,04:48:48.679,76.81352194444446,76
752,1987-06-26T05:37:45.560,1987-07-11T03:33:31.979,1987-06-26T13:36:50.376+08:00,1987-07-11T11:32:36.795+08:00,UTC+08:00,UTC+08:00,21475.77364989882,21475,16,11,11:32:36.795,59.54355416666664,59
753,1987-07-25T20:38:27.152,1987-08-09T10:18:14.182,1987-07-26T04:37:31.968+08:00,1987-08-09T18:17:18.998+08:00,UTC+08:00,UTC+08:00,20979.783848534335,20979,15,18,18:17:18.998,42.28861055555552,42
754,1987-08-24T11:59:32.520,1987-09-07T18:13:47.197,1987-08-24T19:58:37.336+08:00,1987-09-08T02:12:52.013+08:00,UTC+08:00,UTC+08:00,20534.2446229264,20534,16,2,02:12:52.013,50.21444805555558,50
755,1987-09-23T03:09:08.540,1987-10-07T04:13:11.108,1987-09-23T11:08:13.356+08:00,1987-10-07T12:12:15.924+08:00,UTC+08:00,UTC+08:00,20224.042807072037,20224,15,12,12:12:15.924,36.20442333333335,36
756,1987-10-22T17:28:48.031,1987-11-05T16:46:46.093,1987-10-23T01:27:52.847+08:00,1987-11-06T00:45:50.909+08:00,UTC+08:00,UTC+08:00,20117.967698006767,20117,15,0,00:45:50.909,24.764141388888902,24
757,1987-11-21T06:33:48.851,1987-12-05T08:01:55.159,1987-11-21T14:32:53.667+08:00,1987-12-05T16:00:59.975+08:00,UTC+08:00,UTC+08:00,20248.10513546187,20248,15,16,16:00:59.975,40.01665972222224,40
758,1987-12-20T18:26:11.393,1988-01-04T01:41:17.870,1987-12-21T02:25:16.209+08:00,1988-01-04T09:40:21.686+08:00,UTC+08:00,UTC+08:00,20595.107958584525,20595,15,9,09:40:21.686,33.67269055555556,33
759,1988-01-19T05:26:32.161,1988-02-02T20:52:25.724,1988-01-19T13:25:35.977+08:00,1988-02-03T04:51:29.540+08:00,UTC+08:00,UTC+08:00,21085.892729820145,21085,16,4,04:51:29.540,52.85820555555557,52
760,1988-02-17T15:55:11.258,1988-03-03T16:02:00.269,1988-02-17T23:54:15.074+08:00,1988-03-04T00:01:04.085+08:00,UTC+08:00,UTC+08:00,21606.81685511008,21606,17,0,00:01:04.085,72.01780138888887,72
761,1988-03-18T02:03:15.503,1988-04-02T09:22:13.442,1988-03-18T10:02:19.319+08:00,1988-04-02T17:21:17.258+08:00,UTC+08:00,UTC+08:00,22038.965645998695,22038,16,17,17:21:17.258,65.35479388888888,65
762,1988-04-16T12:00:55.719,1988-05-01T23:41:42.978,1988-04-16T19:59:59.535+08:00,1988-05-02T07:40:46.794+08:00,UTC+08:00,UTC+08:00,22300.78764074079,22300,17,7,07:40:46.794,79.679665,79
763,1988-05-15T22:11:28.748,1988-05-31T10:54:25.522,1988-05-16T06:10:32.564+08:00,1988-05-31T18:53:29.338+08:00,UTC+08:00,UTC+08:00,22362.946229091984,22362,16,18,18:53:29.338,66.89148277777775,66
764,1988-06-14T09:14:44.516,1988-06-29T19:46:41.837,1988-06-14T17:13:48.332+08:00,1988-06-30T03:45:45.653+08:00,UTC+08:00,UTC+08:00,22231.95534147878,22231,17,3,03:45:45.653,75.7626813888889,75
765,1988-07-13T21:53:58.023,1988-07-29T03:26:08.994,1988-07-14T05:53:01.839+08:00,1988-07-29T11:25:12.810+08:00,UTC+08:00,UTC+08:00,21932.182846185842,21932,16,11,11:25:12.810,59.420225000000016,59
766,1988-08-12T12:31:54.828,1988-08-27T10:56:47.110,1988-08-12T20:30:58.644+08:00,1988-08-27T18:55:50.926+08:00,UTC+08:00,UTC+08:00,21504.871357695538,21504,16,18,18:55:50.926,66.93081277777776,66
767,1988-09-11T04:50:04.418,1988-09-25T19:08:01.530,1988-09-11T12:49:08.234+08:00,1988-09-26T03:07:05.346+08:00,UTC+08:00,UTC+08:00,21017.951867795364,21017,16,3,03:07:05.346,51.11815166666662,51
768,1988-10-10T21:49:35.897,1988-10-25T04:36:28.248,1988-10-11T05:48:39.713+08:00,1988-10-25T12:35:32.064+08:00,UTC+08:00,UTC+08:00,20566.872516197236,20566,15,12,12:35:32.064,36.592240000000004,36
769,1988-11-09T14:20:40.475,1988-11-23T15:54:01.128,1988-11-09T22:19:44.291+08:00,1988-11-23T23:53:04.944+08:00,UTC+08:00,UTC+08:00,20253.34421524531,20253,15,23,23:53:04.944,47.88470666666666,47
770,1988-12-09T05:36:55.286,1988-12-23T05:29:50.462,1988-12-09T13:35:59.102+08:00,1988-12-23T13:28:54.278+08:00,UTC+08:00,UTC+08:00,20152.919598834902,20152,15,13,13:28:54.278,37.48174388888884,37
771,1989-01-07T19:23:09.577,1989-01-21T21:34:28.241,1989-01-08T03:22:13.393+08:00,1989-01-22T05:33:32.057+08:00,UTC+08:00,UTC+08:00,20291.311063044945,20291,15,5,05:33:32.057,29.558904722222223,29
772,1989-02-06T07:37:53.742,1989-02-20T15:32:48.017,1989-02-06T15:36:57.558+08:00,1989-02-20T23:31:51.833+08:00,UTC+08:00,UTC+08:00,20634.904588498663,20634,15,23,23:31:51.833,47.531064722222254,47
773,1989-03-07T18:19:36.260,1989-03-22T09:58:52.210,1989-03-08T02:18:40.076+08:00,1989-03-22T17:57:56.026+08:00,UTC+08:00,UTC+08:00,21099.265824931856,21099,15,17,17:57:56.026,41.96556277777779,41
774,1989-04-06T03:33:38.125,1989-04-21T03:14:12.561,1989-04-06T11:32:41.941+08:00,1989-04-21T11:13:16.377+08:00,UTC+08:00,UTC+08:00,21580.573940332353,21580,16,11,11:13:16.377,59.22121583333336,59
775,1989-05-05T11:47:18.280,1989-05-20T18:17:11.153,1989-05-05T19:46:22.096+08:00,1989-05-21T02:16:14.969+08:00,UTC+08:00,UTC+08:00,21989.881207251354,21989,17,2,02:16:14.969,74.27082472222224,74
776,1989-06-03T19:53:42.726,1989-06-19T06:58:14.736,1989-06-04T03:52:46.542+08:00,1989-06-19T14:57:18.552+08:00,UTC+08:00,UTC+08:00,22264.533498024146,22264,16,14,14:57:18.552,62.95515333333333,62
777,1989-07-03T04:59:58.901,1989-07-18T17:42:33.063,1989-07-03T12:59:02.717+08:00,1989-07-19T01:41:36.879+08:00,UTC+08:00,UTC+08:00,22362.569356719214,22362,17,1,01:41:36.879,73.6935775,73
778,1989-08-01T16:06:31.760,1989-08-17T03:07:33.151,1989-08-02T00:05:35.576+08:00,1989-08-17T11:06:36.967+08:00,UTC+08:00,UTC+08:00,22261.023193138826,22261,16,11,11:06:36.967,59.11026861111111,59
779,1989-08-31T05:45:27.596,1989-09-15T11:51:30.269,1989-08-31T13:44:31.412+08:00,1989-09-15T19:50:34.085+08:00,UTC+08:00,UTC+08:00,21966.044539184168,21966,16,19,19:50:34.085,67.84280138888886,67
780,1989-09-29T21:47:47.576,1989-10-14T20:32:48.025,1989-09-30T05:46:51.392+08:00,1989-10-15T04:31:51.841+08:00,UTC+08:00,UTC+08:00,21525.007477431835,21525,16,4,04:31:51.841,52.53106694444443,52
781,1989-10-29T15:27:59.720,1989-11-13T05:52:19.773,1989-10-29T23:27:03.536+08:00,1989-11-13T13:51:23.589+08:00,UTC+08:00,UTC+08:00,21024.334219943386,21024,16,13,13:51:23.589,61.856552499999964,61
782,1989-11-28T09:41:36.999,1989-12-12T16:30:48.918,1989-11-28T17:40:40.815+08:00,1989-12-13T00:29:52.734+08:00,UTC+08:00,UTC+08:00,20569.198657859906,20569,16,0,00:29:52.734,48.49798166666665,48
783,1989-12-28T03:20:32.231,1990-01-11T04:57:46.562,1989-12-28T11:19:36.047+08:00,1990-01-11T12:56:49.378+08:00,UTC+08:00,UTC+08:00,20257.238851202677,20257,15,12,12:56:49.378,36.947049444444474,36
784,1990-01-26T19:20:58.945,1990-02-09T19:16:41.195,1990-01-27T03:20:01.761+08:00,1990-02-10T03:15:44.011+08:00,UTC+08:00,UTC+08:00,20155.70416911028,20155,15,3,03:15:44.011,27.26222527777776,27
785,1990-02-25T08:55:21.056,1990-03-11T10:59:27.176,1990-02-25T16:54:23.872+08:00,1990-03-11T18:58:29.992+08:00,UTC+08:00,UTC+08:00,20284.102001081774,20284,15,18,18:58:29.992,42.97499777777779,42
786,1990-03-26T19:49:16.335,1990-04-10T03:19:25.865,1990-03-27T03:48:19.151+08:00,1990-04-10T11:18:28.681+08:00,UTC+08:00,UTC+08:00,20610.158834141665,20610,15,11,11:18:28.681,35.307966944444445,35
787,1990-04-25T04:28:24.357,1990-05-09T19:31:43.034,1990-04-25T12:27:27.173+08:00,1990-05-10T03:30:45.850+08:00,UTC+08:00,UTC+08:00,21063.31128929596,21063,16,3,03:30:45.850,51.51273611111111,51
788,1990-05-24T11:48:04.193,1990-06-08T11:02:04.260,1990-05-24T19:47:07.009+08:00,1990-06-08T19:01:07.076+08:00,UTC+08:00,UTC+08:00,21554.00111417489,21554,16,19,19:01:07.076,67.01863222222221,67
789,1990-06-22T18:55:32.668,1990-07-08T01:24:26.220,1990-06-23T02:54:35.484+08:00,1990-07-08T09:23:29.036+08:00,UTC+08:00,UTC+08:00,21988.89252949384,21988,16,9,09:23:29.036,57.39139888888889,57
790,1990-07-22T02:55:15.078,1990-08-06T14:20:22.610,1990-07-22T10:54:17.894+08:00,1990-08-06T22:19:25.426+08:00,UTC+08:00,UTC+08:00,22285.125546678464,22285,16,22,22:19:25.426,70.32372944444444,70
791,1990-08-20T12:39:57.444,1990-09-05T01:46:33.524,1990-08-20T20:39:00.260+08:00,1990-09-05T09:45:36.340+08:00,UTC+08:00,UTC+08:00,22386.601327457047,22386,17,9,09:45:36.340,81.76009444444446,81
792,1990-09-19T00:47:18.253,1990-10-04T12:02:46.678,1990-09-19T08:46:21.069+08:00,1990-10-04T20:01:49.494+08:00,UTC+08:00,UTC+08:00,22275.473755469957,22275,16,20,20:01:49.494,68.030415,68
793,1990-10-18T15:37:38.477,1990-11-02T21:49:14.245,1990-10-18T23:36:41.293+08:00,1990-11-03T05:48:17.061+08:00,UTC+08:00,UTC+08:00,21971.59613738712,21971,17,5,05:48:17.061,77.80473916666665,77
794,1990-11-17T09:05:31.563,1990-12-02T07:50:37.058,1990-11-17T17:04:34.379+08:00,1990-12-02T15:49:39.874+08:00,UTC+08:00,UTC+08:00,21525.09158113668,21525,16,15,15:49:39.874,63.827742777777814,63
795,1990-12-17T04:22:37.795,1990-12-31T18:36:08.523,1990-12-17T12:21:40.611+08:00,1991-01-01T02:35:11.339+08:00,UTC+08:00,UTC+08:00,21013.512138593615,21013,16,2,02:35:11.339,50.58648305555556,50
796,1991-01-15T23:50:36.745,1991-01-30T06:10:40.409,1991-01-16T07:49:38.561+08:00,1991-01-30T14:09:42.225+08:00,UTC+08:00,UTC+08:00,20540.06107430058,20540,15,14,14:09:42.225,38.1617291666667,38
797,1991-02-14T17:32:39.976,1991-02-28T18:25:32.097,1991-02-15T01:31:41.792+08:00,1991-03-01T02:24:33.913+08:00,UTC+08:00,UTC+08:00,20212.868683667835,20212,15,2,02:24:33.913,26.40942027777777,26
798,1991-03-16T08:11:27.216,1991-03-30T07:18:20.812,1991-03-16T16:10:29.032+08:00,1991-03-30T15:17:22.628+08:00,UTC+08:00,UTC+08:00,20106.893258673546,20106,15,15,15:17:22.628,39.289618888888924,39
799,1991-04-14T19:38:34.366,1991-04-28T20:59:27.760,1991-04-15T03:37:36.182+08:00,1991-04-29T04:58:29.576+08:00,UTC+08:00,UTC+08:00,20240.889895262935,20240,15,4,04:58:29.576,28.974882222222163,28
800,1991-05-14T04:36:46.667,1991-05-28T11:37:32.297,1991-05-14T12:35:48.483+08:00,1991-05-28T19:36:34.113+08:00,UTC+08:00,UTC+08:00,20580.760494893475,20580,15,19,19:36:34.113,43.609475833333306,43
801,1991-06-12T12:06:53.190,1991-06-27T02:59:23.208,1991-06-12T20:05:55.006+08:00,1991-06-27T10:58:25.024+08:00,UTC+08:00,UTC+08:00,21052.50029462474,21052,16,10,10:58:25.024,58.97361777777775,58
802,1991-07-11T19:07:03.282,1991-07-26T18:25:19.158,1991-07-12T03:06:05.098+08:00,1991-07-27T02:24:20.974+08:00,UTC+08:00,UTC+08:00,21558.264598268106,21558,16,2,02:24:20.974,50.40582611111108,50
803,1991-08-10T02:28:39.785,1991-08-25T09:08:07.254,1991-08-10T10:27:41.601+08:00,1991-08-25T17:07:09.070+08:00,UTC+08:00,UTC+08:00,21999.457803250152,21999,16,17,17:07:09.070,65.1191861111111,65
804,1991-09-08T11:01:46.481,1991-09-23T22:40:55.677,1991-09-08T19:00:48.297+08:00,1991-09-24T06:39:57.493+08:00,UTC+08:00,UTC+08:00,22299.15326800272,22299,17,6,06:39:57.493,78.66597027777777,78
805,1991-10-07T21:39:46.657,1991-10-23T11:09:08.146,1991-10-08T05:38:48.473+08:00,1991-10-23T19:08:09.962+08:00,UTC+08:00,UTC+08:00,22409.358150172666,22409,16,19,19:08:09.962,67.13610055555557,67
806,1991-11-06T11:11:58.488,1991-11-21T22:57:16.170,1991-11-06T19:11:00.304+08:00,1991-11-22T06:56:17.986+08:00,UTC+08:00,UTC+08:00,22305.29470097321,22305,17,6,06:56:17.986,78.93832944444443,78
807,1991-12-06T03:57:16.065,1991-12-21T10:24:08.971,1991-12-06T11:56:17.881+08:00,1991-12-21T18:23:10.787+08:00,UTC+08:00,UTC+08:00,21986.881775227175,21986,16,18,18:23:10.787,66.38632972222223,66
808,1992-01-04T23:10:32.967,1992-01-19T21:29:26.847,1992-01-05T07:09:34.783+08:00,1992-01-20T05:28:28.663+08:00,UTC+08:00,UTC+08:00,21498.897996209264,21498,16,5,05:28:28.663,53.474628611111086,53
809,1992-02-03T19:00:36.694,1992-02-18T08:05:04.998,1992-02-04T02:59:38.510+08:00,1992-02-18T16:04:06.814+08:00,UTC+08:00,UTC+08:00,20944.471732027177,20944,15,16,16:04:06.814,40.068559444444475,40
810,1992-03-04T13:23:07.100,1992-03-18T18:18:45.745,1992-03-04T21:22:08.916+08:00,1992-03-19T02:17:47.561+08:00,UTC+08:00,UTC+08:00,20455.64409565569,20455,16,2,02:17:47.561,50.29654472222222,50
811,1992-04-03T05:02:25.355,1992-04-17T04:43:26.245,1992-04-03T13:01:27.171+08:00,1992-04-17T12:42:28.061+08:00,UTC+08:00,UTC+08:00,20141.01483237752,20141,15,12,12:42:28.061,36.70779472222222,36
812,1992-05-02T17:45:25.629,1992-05-16T16:03:32.506,1992-05-03T01:44:27.445+08:00,1992-05-17T00:02:34.322+08:00,UTC+08:00,UTC+08:00,20058.114615912855,20058,15,0,00:02:34.322,24.042867222222185,24
813,1992-06-01T03:57:33.749,1992-06-15T04:50:43.142,1992-06-01T11:56:35.565+08:00,1992-06-15T12:49:44.958+08:00,UTC+08:00,UTC+08:00,20213.156553167857,20213,15,12,12:49:44.958,36.829155000000014,36
814,1992-06-30T12:18:59.746,1992-07-14T19:07:16.110,1992-06-30T20:18:01.562+08:00,1992-07-15T03:06:16.926+08:00,UTC+08:00,UTC+08:00,20568.27274414736,20568,16,3,03:06:16.926,51.10470166666664,51
815,1992-07-29T19:36:09.116,1992-08-13T10:28:09.831,1992-07-30T03:35:09.932+08:00,1992-08-13T18:27:10.647+08:00,UTC+08:00,UTC+08:00,21052.011915235962,21052,15,18,18:27:10.647,42.452957500000025,42
816,1992-08-28T02:42:51.277,1992-09-12T02:17:37.748,1992-08-28T10:41:52.093+08:00,1992-09-12T10:16:38.564+08:00,UTC+08:00,UTC+08:00,21574.774508449827,21574,16,10,10:16:38.564,58.277378888888904,58
817,1992-09-26T10:41:07.637,1992-10-11T18:03:59.834,1992-09-26T18:40:08.453+08:00,1992-10-12T02:03:00.650+08:00,UTC+08:00,UTC+08:00,22042.86993878408,22042,17,2,02:03:00.650,74.05018055555553,74
818,1992-10-25T20:34:44.115,1992-11-10T09:21:05.674,1992-10-26T04:33:44.931+08:00,1992-11-10T17:20:06.490+08:00,UTC+08:00,UTC+08:00,22366.359325468817,22366,16,17,17:20:06.490,65.33513611111113,65
819,1992-11-24T09:12:17.224,1992-12-09T23:41:39.605,1992-11-24T17:11:18.040+08:00,1992-12-10T07:40:40.421+08:00,UTC+08:00,UTC+08:00,22469.373028084403,22469,17,7,07:40:40.421,79.67789472222222,79
820,1992-12-24T00:43:49.920,1993-01-08T12:38:14.161,1992-12-24T08:42:50.736+08:00,1993-01-08T20:37:14.977+08:00,UTC+08:00,UTC+08:00,22314.40401321678,22314,16,20,20:37:14.977,68.62082694444445,68
821,1993-01-22T18:27:51.529,1993-02-06T23:56:23.168,1993-01-23T02:26:52.345+08:00,1993-02-07T07:55:23.984+08:00,UTC+08:00,UTC+08:00,21928.527326086813,21928,16,7,07:55:23.984,55.923328888888875,55
822,1993-02-21T13:06:04.172,1993-03-08T09:46:52.212,1993-02-21T21:05:04.988+08:00,1993-03-08T17:45:53.028+08:00,UTC+08:00,UTC+08:00,21400.800664603492,21400,16,17,17:45:53.028,65.76472999999999,65
823,1993-03-23T07:15:24.619,1993-04-06T18:44:14.862,1993-03-23T15:14:25.435+08:00,1993-04-07T02:43:15.678+08:00,UTC+08:00,UTC+08:00,20848.837382328595,20848,16,2,02:43:15.678,50.72102166666667,50
824,1993-04-21T23:49:57.435,1993-05-06T03:34:44.018,1993-04-22T07:48:58.251+08:00,1993-05-06T11:33:44.834+08:00,UTC+08:00,UTC+08:00,20384.77639320773,20384,15,11,11:33:44.834,35.56245388888891,35
825,1993-05-21T14:07:30.640,1993-06-04T13:03:12.192,1993-05-21T22:06:31.456+08:00,1993-06-04T21:02:13.008+08:00,UTC+08:00,UTC+08:00,20095.692522972604,20095,15,21,21:02:13.008,45.036946666666665,45
826,1993-06-20T01:53:26.584,1993-07-03T23:46:06.176,1993-06-20T09:52:27.400+08:00,1993-07-04T07:45:05.992+08:00,UTC+08:00,UTC+08:00,20032.659858333507,20032,15,7,07:45:05.992,31.751664444444486,31
827,1993-07-19T11:25:02.132,1993-08-02T12:10:36.953,1993-07-19T19:24:01.948+08:00,1993-08-02T20:09:36.769+08:00,UTC+08:00,UTC+08:00,20205.58036102353,20205,15,20,20:09:36.769,44.160213611111146,44
828,1993-08-17T19:29:16.582,1993-09-01T02:33:54.904,1993-08-18T03:28:16.398+08:00,1993-09-01T10:32:54.720+08:00,UTC+08:00,UTC+08:00,20584.638687567294,20584,15,10,10:32:54.720,34.54853333333335,34
829,1993-09-16T03:11:16.607,1993-09-30T18:54:49.328,1993-09-16T11:10:16.423+08:00,1993-10-01T02:53:49.144+08:00,UTC+08:00,UTC+08:00,21103.54535749868,21103,16,2,02:53:49.144,50.896984444444456,50
830,1993-10-15T11:36:56.180,1993-10-30T12:38:37.910,1993-10-15T19:35:55.996+08:00,1993-10-30T20:37:37.726+08:00,UTC+08:00,UTC+08:00,21661.695509247482,21661,16,20,20:37:37.726,68.62714611111113,68
831,1993-11-13T21:35:20.446,1993-11-29T06:31:45.550,1993-11-14T05:34:20.262+08:00,1993-11-29T14:30:45.366+08:00,UTC+08:00,UTC+08:00,22136.418403029023,22136,16,14,14:30:45.366,62.512601666666626,62
832,1993-12-13T09:27:53.757,1993-12-28T23:06:22.796,1993-12-13T17:26:53.573+08:00,1993-12-29T07:05:22.612+08:00,UTC+08:00,UTC+08:00,22418.48397899765,22418,17,7,07:05:22.612,79.08961444444441,79
833,1994-01-11T23:11:20.762,1994-01-27T13:23:51.531,1994-01-12T07:10:20.578+08:00,1994-01-27T21:22:51.347+08:00,UTC+08:00,UTC+08:00,22452.512815144262,22452,16,21,21:22:51.347,69.38092972222222,69
834,1994-02-10T14:30:53.922,1994-02-26T01:16:02.279,1994-02-10T22:29:53.738+08:00,1994-02-26T09:15:02.095+08:00,UTC+08:00,UTC+08:00,22245.139269473046,22245,17,9,09:15:02.095,81.25058194444443,81
835,1994-03-12T07:05:36.506,1994-03-27T11:10:31.949,1994-03-12T15:04:36.322+08:00,1994-03-27T19:09:31.765+08:00,UTC+08:00,UTC+08:00,21844.92404988371,21844,16,19,19:09:31.765,67.15882361111107,67
836,1994-04-11T00:18:05.843,1994-04-25T19:45:58.032,1994-04-11T08:17:05.659+08:00,1994-04-26T03:44:57.848+08:00,UTC+08:00,UTC+08:00,21327.869804926733,21327,16,3,03:44:57.848,51.749402222222216,51
837,1994-05-10T17:07:34.506,1994-05-25T03:40:21.882,1994-05-11T01:06:34.322+08:00,1994-05-25T11:39:21.698+08:00,UTC+08:00,UTC+08:00,20792.789602533012,20792,15,11,11:39:21.698,35.656027222222235,35
838,1994-06-09T08:27:27.897,1994-06-23T11:34:05.182,1994-06-09T16:26:27.713+08:00,1994-06-23T19:33:04.998+08:00,UTC+08:00,UTC+08:00,20346.621413331806,20346,15,19,19:33:04.998,43.55138833333331,43
839,1994-07-08T21:38:18.480,1994-07-22T20:16:52.576,1994-07-09T05:37:17.296+08:00,1994-07-23T04:15:51.392+08:00,UTC+08:00,UTC+08:00,20078.568278491657,20078,15,4,04:15:51.392,28.26427555555557,28
840,1994-08-07T08:46:09.018,1994-08-21T06:47:52.536,1994-08-07T16:45:07.834+08:00,1994-08-21T14:46:51.352+08:00,UTC+08:00,UTC+08:00,20041.725314707364,20041,15,14,14:46:51.352,38.7809311111111,38
841,1994-09-05T18:33:46.097,1994-09-19T20:01:31.233,1994-09-06T02:32:44.913+08:00,1994-09-20T04:00:30.049+08:00,UTC+08:00,UTC+08:00,20247.75226110616,20247,15,4,04:00:30.049,28.008346944444497,28
842,1994-10-05T03:56:08.925,1994-10-19T12:18:46.516,1994-10-05T11:55:07.741+08:00,1994-10-19T20:17:45.332+08:00,UTC+08:00,UTC+08:00,20662.62651452458,20662,15,20,20:17:45.332,44.29592555555553,44
843,1994-11-03T13:36:30.175,1994-11-18T06:58:01.197,1994-11-03T21:35:28.991+08:00,1994-11-18T14:57:00.013+08:00,UTC+08:00,UTC+08:00,21201.517022298372,21201,16,14,14:57:00.013,62.95000361111113,62
844,1994-12-02T23:55:03.460,1994-12-18T02:18:04.285,1994-12-03T07:54:02.276+08:00,1994-12-18T10:17:03.101+08:00,UTC+08:00,UTC+08:00,21743.013743870157,21743,16,10,10:17:03.101,58.28419472222225,58
845,1995-01-01T10:56:38.763,1995-01-16T20:27:21.989,1995-01-01T18:55:37.579+08:00,1995-01-17T04:26:20.805+08:00,UTC+08:00,UTC+08:00,22170.720436699976,22170,17,4,04:26:20.805,76.43911249999996,76
846,1995-01-30T22:48:44.381,1995-02-15T12:16:23.895,1995-01-31T06:47:43.197+08:00,1995-02-15T20:15:22.711+08:00,UTC+08:00,UTC+08:00,22407.658557772735,22407,16,20,20:15:22.711,68.25630861111108,68
847,1995-03-01T11:48:47.922,1995-03-17T01:26:38.100,1995-03-01T19:47:46.738+08:00,1995-03-17T09:25:36.916+08:00,UTC+08:00,UTC+08:00,22417.836299298717,22417,17,9,09:25:36.916,81.42692111111108,81
848,1995-03-31T02:09:37.955,1995-04-15T12:09:13.201,1995-03-31T10:08:36.771+08:00,1995-04-15T20:08:12.017+08:00,UTC+08:00,UTC+08:00,22199.587437014197,22199,16,20,20:08:12.017,68.13667138888889,68
849,1995-04-29T17:37:20.205,1995-05-14T20:49:08.044,1995-04-30T01:36:19.021+08:00,1995-05-15T04:48:06.860+08:00,UTC+08:00,UTC+08:00,21791.79731641466,21791,16,4,04:48:06.860,52.80190555555561,52
850,1995-05-29T09:28:07.848,1995-06-13T04:04:30.448,1995-05-29T17:27:06.664+08:00,1995-06-13T12:03:29.264+08:00,UTC+08:00,UTC+08:00,21276.37667591763,21276,16,12,12:03:29.264,60.05812888888886,60
851,1995-06-28T00:50:58.183,1995-07-12T10:50:19.180,1995-06-28T08:49:56.999+08:00,1995-07-12T18:49:17.996+08:00,UTC+08:00,UTC+08:00,20759.349950251853,20759,15,18,18:49:17.996,42.82166555555557,42
852,1995-07-27T15:13:57.961,1995-08-10T18:16:33.763,1995-07-27T23:12:56.777+08:00,1995-08-11T02:15:32.579+08:00,UTC+08:00,UTC+08:00,20342.596703639865,20342,16,2,02:15:32.579,50.25904972222219,50
853,1995-08-26T04:31:59.481,1995-09-09T03:37:40.129,1995-08-26T12:30:58.297+08:00,1995-09-09T11:36:38.945+08:00,UTC+08:00,UTC+08:00,20105.677469401617,20105,15,11,11:36:38.945,35.61081805555557,35
854,1995-09-24T16:55:45.797,1995-10-08T15:52:52.133,1995-09-25T00:54:44.613+08:00,1995-10-08T23:51:50.949+08:00,UTC+08:00,UTC+08:00,20097.10559963378,20097,14,23,23:51:50.949,23.86415249999999,23
855,1995-10-24T04:37:13.684,1995-11-07T07:21:30.779,1995-10-24T12:36:12.500+08:00,1995-11-07T15:20:29.595+08:00,UTC+08:00,UTC+08:00,20324.284904103723,20324,15,15,15:20:29.595,39.34155416666664,39
856,1995-11-22T15:43:49.512,1995-12-07T01:27:54.730,1995-11-22T23:42:48.328+08:00,1995-12-07T09:26:53.546+08:00,UTC+08:00,UTC+08:00,20744.086965942326,20744,16,9,09:26:53.546,57.448207222222266,57
857,1995-12-22T02:23:26.354,1996-01-05T20:51:55.685,1995-12-22T10:22:25.170+08:00,1996-01-06T04:50:53.501+08:00,UTC+08:00,UTC+08:00,21268.488861678292,21268,16,4,04:50:53.501,52.84819472222222,52
858,1996-01-20T12:51:29.656,1996-02-04T15:58:39.828,1996-01-20T20:50:27.472+08:00,1996-02-04T23:57:37.644+08:00,UTC+08:00,UTC+08:00,21787.16951915971,21787,16,23,23:57:37.644,71.96045666666669,71
859,1996-02-18T23:31:10.116,1996-03-05T09:23:43.794,1996-02-19T07:30:07.932+08:00,1996-03-05T17:22:41.610+08:00,UTC+08:00,UTC+08:00,22192.56129990971,22192,16,17,17:22:41.610,65.37822500000004,65
860,1996-03-19T10:45:45.323,1996-04-04T00:07:58.094,1996-03-19T18:44:43.139+08:00,1996-04-04T08:06:55.910+08:00,UTC+08:00,UTC+08:00,22402.21285388815,22402,17,8,08:06:55.910,80.11553055555555,80
861,1996-04-17T22:49:47.669,1996-05-03T11:49:14.708,1996-04-18T06:48:45.485+08:00,1996-05-03T19:48:12.524+08:00,UTC+08:00,UTC+08:00,22379.450643951794,22379,16,19,19:48:12.524,67.80347888888889,67
862,1996-05-17T11:47:12.828,1996-06-01T20:47:55.918,1996-05-17T19:46:10.644+08:00,1996-06-02T04:46:53.734+08:00,UTC+08:00,UTC+08:00,22140.71815624641,22140,17,4,04:46:53.734,76.78159277777775,76
863,1996-06-16T01:36:49.123,1996-07-01T03:59:10.490,1996-06-16T09:35:46.939+08:00,1996-07-01T11:58:08.306+08:00,UTC+08:00,UTC+08:00,21742.35611923921,21742,16,11,11:58:08.306,59.96897388888891,59
864,1996-07-15T16:15:53.128,1996-07-30T10:36:11.729,1996-07-16T00:14:50.944+08:00,1996-07-30T18:35:09.545+08:00,UTC+08:00,UTC+08:00,21260.310030132987,21260,15,18,18:35:09.545,42.58598472222218,42
865,1996-08-14T07:34:51.453,1996-08-28T17:53:12.570,1996-08-14T15:33:49.269+08:00,1996-08-29T01:52:10.386+08:00,UTC+08:00,UTC+08:00,20778.351951540644,20778,16,1,01:52:10.386,49.869551666666666,49
866,1996-09-12T23:08:19.334,1996-09-27T02:51:48.434,1996-09-13T07:07:17.150+08:00,1996-09-27T10:50:46.250+08:00,UTC+08:00,UTC+08:00,20383.484992575814,20383,15,10,10:50:46.250,34.84618055555558,34
867,1996-10-12T14:15:28.091,1996-10-26T14:12:11.971,1996-10-12T22:14:25.907+08:00,1996-10-26T22:11:09.787+08:00,UTC+08:00,UTC+08:00,20156.731336857065,20156,15,22,22:11:09.787,46.18605194444444,46
868,1996-11-11T04:17:10.411,1996-11-25T04:10:55.943,1996-11-11T12:16:08.227+08:00,1996-11-25T12:09:53.759+08:00,UTC+08:00,UTC+08:00,20153.758867861354,20153,15,12,12:09:53.759,36.16493305555559,36
869,1996-12-10T16:57:19.696,1996-12-24T20:42:01.078,1996-12-11T00:56:17.512+08:00,1996-12-25T04:40:58.894+08:00,UTC+08:00,UTC+08:00,20384.689705839628,20384,15,4,04:40:58.894,28.683026111111133,28
870,1997-01-09T04:26:45.259,1997-01-23T15:11:45.035,1997-01-09T12:25:43.075+08:00,1997-01-23T23:10:42.851+08:00,UTC+08:00,UTC+08:00,20804.996259564094,20804,15,23,23:10:42.851,47.17856972222222,47
871,1997-02-07T15:07:17.880,1997-02-22T10:27:42.135,1997-02-07T23:06:15.696+08:00,1997-02-22T18:26:39.951+08:00,UTC+08:00,UTC+08:00,21320.40425548564,21320,16,18,18:26:39.951,66.44443083333329,66
872,1997-03-09T01:15:37.016,1997-03-24T04:46:16.666,1997-03-09T09:14:34.832+08:00,1997-03-24T12:45:14.482+08:00,UTC+08:00,UTC+08:00,21810.66084626341,21810,16,12,12:45:14.482,60.75402277777778,60
873,1997-04-07T11:02:55.498,1997-04-22T20:34:31.701,1997-04-07T19:01:53.314+08:00,1997-04-23T04:33:29.517+08:00,UTC+08:00,UTC+08:00,22171.60338019686,22171,17,4,04:33:29.517,76.55819916666667,76
874,1997-05-06T20:47:33.368,1997-05-22T09:14:25.779,1997-05-07T04:46:31.184+08:00,1997-05-22T17:13:23.595+08:00,UTC+08:00,UTC+08:00,22346.873522447622,22346,16,17,17:13:23.595,65.2232208333333,65
875,1997-06-05T07:04:35.436,1997-06-20T19:09:50.960,1997-06-05T15:03:33.252+08:00,1997-06-21T03:08:48.776+08:00,UTC+08:00,UTC+08:00,22325.258725040774,22325,17,3,03:08:48.776,75.14688222222225,75
876,1997-07-04T18:40:48.199,1997-07-20T03:21:20.055,1997-07-05T02:39:45.015+08:00,1997-07-20T11:20:16.871+08:00,UTC+08:00,UTC+08:00,22120.530936747873,22120,16,11,11:20:16.871,59.338019722222214,59
877,1997-08-03T08:14:57.330,1997-08-18T10:56:29.517,1997-08-03T16:13:54.146+08:00,1997-08-18T18:55:26.333+08:00,UTC+08:00,UTC+08:00,21761.536457059956,21761,16,18,18:55:26.333,66.92398138888893,66
878,1997-09-01T23:52:37.155,1997-09-16T18:51:31.886,1997-09-02T07:51:33.971+08:00,1997-09-17T02:50:28.702+08:00,UTC+08:00,UTC+08:00,21298.912169148898,21298,16,2,02:50:28.702,50.84130611111112,50
879,1997-10-01T16:52:33.717,1997-10-16T03:46:42.596,1997-10-02T00:51:30.533+08:00,1997-10-16T11:45:39.412+08:00,UTC+08:00,UTC+08:00,20814.14797648531,20814,15,11,11:45:39.412,35.7609477777778,35
880,1997-10-31T10:02:06.346,1997-11-14T14:12:40.110,1997-10-31T18:01:03.162+08:00,1997-11-14T22:11:36.926+08:00,UTC+08:00,UTC+08:00,20410.562726769618,20410,15,22,22:11:36.926,46.193590555555545,46
881,1997-11-30T02:15:03.089,1997-12-14T02:38:08.533,1997-11-30T10:13:59.905+08:00,1997-12-14T10:37:05.349+08:00,UTC+08:00,UTC+08:00,20183.090740391577,20183,15,10,10:37:05.349,34.61815250000001,34
882,1997-12-29T16:57:35.124,1998-01-12T17:24:44.967,1997-12-30T00:56:31.940+08:00,1998-01-13T01:23:41.783+08:00,UTC+08:00,UTC+08:00,20187.164054337733,20187,15,1,01:23:41.783,25.39493972222226,25
883,1998-01-28T06:01:53.734,1998-02-11T10:23:41.737,1998-01-28T14:00:50.550+08:00,1998-02-11T18:22:38.553+08:00,UTC+08:00,UTC+08:00,20421.80005171037,20421,15,18,18:22:38.553,42.37737583333336,42
884,1998-02-26T17:26:58.472,1998-03-13T04:35:12.401,1998-02-27T01:25:55.288+08:00,1998-03-13T12:34:09.217+08:00,UTC+08:00,UTC+08:00,20828.232144901805,20828,15,12,12:34:09.217,36.56922694444444,36
885,1998-03-28T03:14:40.542,1998-04-11T22:24:31.201,1998-03-28T11:13:37.358+08:00,1998-04-12T06:23:28.017+08:00,UTC+08:00,UTC+08:00,21309.844316993374,21309,16,6,06:23:28.017,54.391115833333345,54
886,1998-04-26T11:42:25.248,1998-05-11T14:30:24.058,1998-04-26T19:41:22.064+08:00,1998-05-11T22:29:20.874+08:00,UTC+08:00,UTC+08:00,21767.98017541346,21767,16,22,22:29:20.874,70.48913166666671,70
887,1998-05-25T19:33:16.983,1998-06-10T04:19:20.277,1998-05-26T03:32:13.799+08:00,1998-06-10T12:18:17.093+08:00,UTC+08:00,UTC+08:00,22126.0548982838,22126,16,12,12:18:17.093,60.30474805555559,60
888,1998-06-24T03:51:20.345,1998-07-09T16:01:56.187,1998-06-24T11:50:17.161+08:00,1998-07-10T00:00:53.003+08:00,UTC+08:00,UTC+08:00,22330.59737151937,22330,17,0,00:00:53.003,72.01472305555558,72
889,1998-07-23T13:44:50.287,1998-08-08T02:10:40.616,1998-07-23T21:43:47.103+08:00,1998-08-08T10:09:37.432+08:00,UTC+08:00,UTC+08:00,22345.838812033326,22345,17,10,10:09:37.432,82.1603977777778,82
890,1998-08-22T02:04:08.931,1998-09-06T11:22:24.942,1998-08-22T10:03:05.747+08:00,1998-09-06T19:21:21.758+08:00,UTC+08:00,UTC+08:00,22158.26684231357,22158,16,19,19:21:21.758,67.35604388888885,67
891,1998-09-20T17:02:32.488,1998-10-05T20:12:58.368,1998-09-21T01:01:29.304+08:00,1998-10-06T04:11:55.184+08:00,UTC+08:00,UTC+08:00,21790.43133946354,21790,16,4,04:11:55.184,52.1986622222222,52
892,1998-10-20T10:10:26.391,1998-11-04T05:19:14.703,1998-10-20T18:09:23.207+08:00,1998-11-04T13:18:11.519+08:00,UTC+08:00,UTC+08:00,21308.805211716906,21308,16,13,13:18:11.519,61.303199722222246,61
893,1998-11-19T04:27:48.708,1998-12-03T15:20:12.608,1998-11-19T12:26:45.524+08:00,1998-12-03T23:19:09.424+08:00,UTC+08:00,UTC+08:00,20812.398330034972,20812,15,23,23:19:09.424,47.31928444444446,47
894,1998-12-18T22:43:24.462,1999-01-02T02:50:36.056,1998-12-19T06:42:21.278+08:00,1999-01-02T10:49:31.872+08:00,UTC+08:00,UTC+08:00,20407.193219498986,20407,15,10,10:49:31.872,34.82551999999998,34
895,1999-01-17T15:47:08.122,1999-01-31T16:07:34.467,1999-01-17T23:46:03.938+08:00,1999-02-01T00:06:30.283+08:00,UTC+08:00,UTC+08:00,20180.439092881643,20180,16,0,00:06:30.283,48.10841194444447,48
896,1999-02-16T06:39:45.190,1999-03-02T06:59:31.309,1999-02-16T14:38:41.006+08:00,1999-03-02T14:58:27.125+08:00,UTC+08:00,UTC+08:00,20179.76865294667,20179,15,14,14:58:27.125,38.9742013888889,38
897,1999-03-17T18:49:00.049,1999-03-31T22:49:58.203,1999-03-18T02:47:55.865+08:00,1999-04-01T06:48:54.019+08:00,UTC+08:00,UTC+08:00,20400.969239325103,20400,15,6,06:48:54.019,30.8150052777778,30
898,1999-04-16T04:22:51.106,1999-04-30T14:55:39.973,1999-04-16T12:21:46.922+08:00,1999-04-30T22:54:35.789+08:00,UTC+08:00,UTC+08:00,20792.814464862742,20792,15,22,22:54:35.789,46.90994138888891,46
899,1999-05-15T12:06:04.510,1999-05-30T06:40:56.853,1999-05-15T20:05:00.326+08:00,1999-05-30T14:39:52.669+08:00,UTC+08:00,UTC+08:00,21274.872387584393,21274,16,14,14:39:52.669,62.6646302777778,62
900,1999-06-13T19:03:55.270,1999-06-28T21:38:31.154,1999-06-14T03:02:51.086+08:00,1999-06-29T05:37:26.970+08:00,UTC+08:00,UTC+08:00,21754.59806370581,21754,16,5,05:37:26.970,53.6241583333333,53
901,1999-07-13T02:25:01.231,1999-07-28T11:25:50.968,1999-07-13T10:23:57.047+08:00,1999-07-28T19:24:46.784+08:00,UTC+08:00,UTC+08:00,22140.82894833691,22140,16,19,19:24:46.784,67.41299555555554,67
902,1999-08-11T11:09:33.669,1999-08-26T23:48:53.039,1999-08-11T19:08:29.485+08:00,1999-08-27T07:47:48.855+08:00,UTC+08:00,UTC+08:00,22359.322827281794,22359,17,7,07:47:48.855,79.79690416666665,79
903,1999-09-09T22:03:19.534,1999-09-25T10:52:08.425,1999-09-10T06:02:15.350+08:00,1999-09-25T18:51:04.241+08:00,UTC+08:00,UTC+08:00,22368.81484867703,22368,16,18,18:51:04.241,66.85117805555552,66
904,1999-10-09T11:35:28.697,1999-10-24T21:03:27.235,1999-10-09T19:34:24.513+08:00,1999-10-25T05:02:23.051+08:00,UTC+08:00,UTC+08:00,22167.97563687752,22167,17,5,05:02:23.051,77.03973638888885,77
905,1999-11-08T03:54:05.470,1999-11-23T07:04:43.393,1999-11-08T11:53:01.286+08:00,1999-11-23T15:03:39.209+08:00,UTC+08:00,UTC+08:00,21790.632052092056,21790,16,15,15:03:39.209,63.06089138888888,63
906,1999-12-07T22:32:41.480,1999-12-22T17:32:22.222,1999-12-08T06:31:37.296+08:00,1999-12-23T01:31:18.038+08:00,UTC+08:00,UTC+08:00,21299.6790386439,21299,16,1,01:31:18.038,49.521677222222195,49
907,2000-01-06T18:14:42.298,2000-01-21T04:41:30.503,2000-01-07T02:13:38.114+08:00,2000-01-21T12:40:26.319+08:00,UTC+08:00,UTC+08:00,20786.8034044016,20786,15,12,12:40:26.319,36.67397749999998,36
908,2000-02-05T13:04:20.008,2000-02-19T16:27:44.204,2000-02-05T21:03:15.824+08:00,2000-02-20T00:26:40.020+08:00,UTC+08:00,UTC+08:00,20363.403272586052,20363,16,0,00:26:40.020,48.44445000000002,48
909,2000-03-06T05:17:46.527,2000-03-20T04:45:24.995,2000-03-06T13:16:42.343+08:00,2000-03-20T12:44:20.811+08:00,UTC+08:00,UTC+08:00,20127.64112904586,20127,15,12,12:44:20.811,36.73911416666664,36
910,2000-04-04T18:13:04.038,2000-04-18T17:42:34.723,2000-04-05T02:11:59.854+08:00,2000-04-19T01:41:30.539+08:00,UTC+08:00,UTC+08:00,20129.51141648399,20129,15,1,01:41:30.539,25.691816388888924,25
911,2000-05-04T04:13:07.810,2000-05-18T07:35:29.804,2000-05-04T12:12:03.626+08:00,2000-05-18T15:34:25.620+08:00,UTC+08:00,UTC+08:00,20362.366566782966,20362,15,15,15:34:25.620,39.57378333333338,39
912,2000-06-02T12:15:01.098,2000-06-16T22:28:06.811,2000-06-02T20:13:56.914+08:00,2000-06-17T06:27:02.627+08:00,UTC+08:00,UTC+08:00,20773.09521203366,20773,16,6,06:27:02.627,54.45072972222226,54
913,2000-07-01T19:20:59.090,2000-07-16T13:56:17.146,2000-07-02T03:19:54.906+08:00,2000-07-16T21:55:12.962+08:00,UTC+08:00,UTC+08:00,21275.300926653246,21275,15,21,21:55:12.962,45.920267222222265,45
914,2000-07-31T02:26:12.952,2000-08-15T05:13:42.547,2000-07-31T10:25:08.768+08:00,2000-08-15T13:12:38.363+08:00,UTC+08:00,UTC+08:00,21767.493257886872,21767,16,13,13:12:38.363,61.21065638888888,61
915,2000-08-29T10:20:21.656,2000-09-13T19:37:53.856,2000-08-29T18:19:17.472+08:00,2000-09-14T03:36:49.672+08:00,UTC+08:00,UTC+08:00,22157.536668763714,22157,17,3,03:36:49.672,75.61379777777779,75
916,2000-09-27T19:54:01.276,2000-10-13T08:54:02.052,2000-09-28T03:52:57.092+08:00,2000-10-13T16:52:57.868+08:00,UTC+08:00,UTC+08:00,22380.012938086966,22380,16,16,16:52:57.868,64.8827411111111,64
917,2000-10-27T07:59:04.858,2000-11-11T21:15:41.079,2000-10-27T15:58:00.674+08:00,2000-11-12T05:14:36.895+08:00,UTC+08:00,UTC+08:00,22396.60367751698,22396,17,5,05:14:36.895,77.24358194444443,77
918,2000-11-25T23:12:22.114,2000-12-11T09:03:52.232,2000-11-26T07:11:17.930+08:00,2000-12-11T17:02:48.048+08:00,UTC+08:00,UTC+08:00,22191.501961917133,22191,16,17,17:02:48.048,65.04667999999998,65
919,2000-12-25T17:22:41.080,2001-01-09T20:25:28.384,2000-12-26T01:21:36.896+08:00,2001-01-10T04:24:24.200+08:00,UTC+08:00,UTC+08:00,21782.788403167448,21782,16,4,04:24:24.200,52.406722222222186,52
920,2001-01-24T13:07:53.932,2001-02-08T07:12:43.553,2001-01-24T21:06:49.748+08:00,2001-02-08T15:11:39.369+08:00,UTC+08:00,UTC+08:00,21244.8270195395,21244,16,15,15:11:39.369,63.19426916666663,63
921,2001-02-23T08:22:09.785,2001-03-09T17:24:07.846,2001-02-23T16:21:05.601+08:00,2001-03-10T01:23:03.662+08:00,UTC+08:00,UTC+08:00,20701.96768223264,20701,16,1,01:23:03.662,49.38435055555556,49
922,2001-03-25T01:22:04.321,2001-04-08T03:22:55.791,2001-03-25T09:21:00.137+08:00,2001-04-08T11:21:51.607+08:00,UTC+08:00,UTC+08:00,20280.857829831093,20280,15,11,11:21:51.607,35.3643352777778,35
923,2001-04-23T15:26:40.881,2001-05-07T13:53:36.195,2001-04-23T23:25:36.697+08:00,2001-05-07T21:52:32.011+08:00,UTC+08:00,UTC+08:00,20066.921898866112,20066,15,21,21:52:32.011,45.8755586111111,45
924,2001-05-23T02:47:06.033,2001-06-06T01:40:24.693,2001-05-23T10:46:01.849+08:00,2001-06-06T09:39:20.509+08:00,UTC+08:00,UTC+08:00,20093.310999875102,20093,15,9,09:39:20.509,33.65569694444446,33
925,2001-06-21T11:58:49.418,2001-07-05T15:04:50.603,2001-06-21T19:57:45.234+08:00,2001-07-05T23:03:46.419+08:00,UTC+08:00,UTC+08:00,20346.019755619527,20346,15,23,23:03:46.419,47.06289416666664,47
926,2001-07-20T19:45:28.739,2001-08-04T05:56:48.225,2001-07-21T03:44:24.555+08:00,2001-08-04T13:55:44.041+08:00,UTC+08:00,UTC+08:00,20771.324758054034,20771,15,13,13:55:44.041,37.92890027777776,37
927,2001-08-19T02:56:20.496,2001-09-02T21:44:05.193,2001-08-19T10:55:16.312+08:00,2001-09-03T05:43:01.009+08:00,UTC+08:00,UTC+08:00,21287.744949576045,21287,16,5,05:43:01.009,53.71694694444449,53
928,2001-09-17T10:28:25.463,2001-10-02T13:49:53.021,2001-09-17T18:27:21.279+08:00,2001-10-02T21:48:48.837+08:00,UTC+08:00,UTC+08:00,21801.459297977362,21801,16,21,21:48:48.837,69.81356583333337,69
929,2001-10-16T19:24:22.712,2001-11-01T05:42:05.355,2001-10-17T03:23:18.528+08:00,2001-11-01T13:41:01.171+08:00,UTC+08:00,UTC+08:00,22217.71072173071,22217,16,13,13:41:01.171,61.68365861111113,61
930,2001-11-15T06:41:03.179,2001-11-30T20:50:07.019,2001-11-15T14:39:58.995+08:00,2001-12-01T04:49:02.835+08:00,UTC+08:00,UTC+08:00,22449.063993840213,22449,17,4,04:49:02.835,76.81745416666666,76
931,2001-12-14T20:48:27.352,2001-12-30T10:41:36.753,2001-12-15T04:47:23.168+08:00,2001-12-30T18:40:32.569+08:00,UTC+08:00,UTC+08:00,22433.15669104797,22433,16,18,18:40:32.569,66.67571361111106,66
932,2002-01-13T13:29:40.016,2002-01-28T22:51:33.922,2002-01-13T21:28:35.832+08:00,2002-01-29T06:50:29.738+08:00,UTC+08:00,UTC+08:00,22161.898439089087,22161,17,6,06:50:29.738,78.84159388888884,78
933,2002-02-12T07:41:56.915,2002-02-27T09:17:44.846,2002-02-12T15:40:52.731+08:00,2002-02-27T17:16:40.662+08:00,UTC+08:00,UTC+08:00,21695.798845623976,21695,16,17,17:16:40.662,65.27796166666667,65
934,2002-03-14T02:03:35.789,2002-03-28T18:25:57.338,2002-03-14T10:02:31.605+08:00,2002-03-29T02:24:53.154+08:00,UTC+08:00,UTC+08:00,21142.359146434566,21142,16,2,02:24:53.154,50.414765000000045,50
935,2002-04-12T19:22:12.476,2002-04-27T03:00:59.343,2002-04-13T03:21:08.292+08:00,2002-04-27T10:59:55.159+08:00,UTC+08:00,UTC+08:00,20618.781122153276,20618,15,10,10:59:55.159,34.9986552777778,34
936,2002-05-12T10:46:09.364,2002-05-26T11:52:19.222,2002-05-12T18:45:05.180+08:00,2002-05-26T19:51:15.038+08:00,UTC+08:00,UTC+08:00,20226.1643107474,20226,15,19,19:51:15.038,43.85417722222223,43
937,2002-06-10T23:47:35.495,2002-06-24T21:43:25.551,2002-06-11T07:46:31.311+08:00,2002-06-25T05:42:21.367+08:00,UTC+08:00,UTC+08:00,20035.834265672973,20035,15,5,05:42:21.367,29.705935277777826,29
938,2002-07-10T10:27:05.811,2002-07-24T09:08:04.371,2002-07-10T18:26:01.627+08:00,2002-07-24T17:07:00.187+08:00,UTC+08:00,UTC+08:00,20080.975997734986,20080,15,17,17:07:00.187,41.11671861111108,41
939,2002-08-08T19:16:15.270,2002-08-22T22:30:19.072,2002-08-09T03:15:11.086+08:00,2002-08-23T06:29:14.888+08:00,UTC+08:00,UTC+08:00,20354.063359565152,20354,15,6,06:29:14.888,30.487468888888884,30
940,2002-09-07T03:11:22.827,2002-09-21T14:00:19.976,2002-09-07T11:10:18.643+08:00,2002-09-21T21:59:15.792+08:00,UTC+08:00,UTC+08:00,20808.95247513785,20808,15,21,21:59:15.792,45.98771999999997,45
941,2002-10-06T11:18:38.048,2002-10-21T07:21:06.409,2002-10-06T19:17:33.864+08:00,2002-10-21T15:20:02.225+08:00,UTC+08:00,UTC+08:00,21362.47267278921,21362,16,15,15:20:02.225,63.33395138888892,63
942,2002-11-04T20:35:30.827,2002-11-20T01:34:44.157,2002-11-05T04:34:26.643+08:00,2002-11-20T09:33:39.973+08:00,UTC+08:00,UTC+08:00,21899.222161887817,21899,16,9,09:33:39.973,57.56110361111109,57
943,2002-12-04T07:35:26.135,2002-12-19T19:11:14.463,2002-12-04T15:34:21.951+08:00,2002-12-20T03:10:10.279+08:00,UTC+08:00,UTC+08:00,22295.80546458577,22295,17,3,03:10:10.279,75.16952194444445,75
944,2003-01-02T20:23:54.376,2003-01-18T10:48:43.430,2003-01-03T04:22:50.192+08:00,2003-01-18T18:47:39.246+08:00,UTC+08:00,UTC+08:00,22464.81755566723,22464,16,18,18:47:39.246,66.79423500000001,66
945,2003-02-01T10:49:27.136,2003-02-16T23:52:14.889,2003-02-01T18:48:22.952+08:00,2003-02-17T07:51:10.705+08:00,UTC+08:00,UTC+08:00,22382.79588644206,22382,17,7,07:51:10.705,79.85297361111111,79
946,2003-03-03T02:36:02.808,2003-03-18T10:35:38.074,2003-03-03T10:34:58.624+08:00,2003-03-18T18:34:33.890+08:00,UTC+08:00,UTC+08:00,22079.587769287762,22079,16,18,18:34:33.890,66.5760805555555,66
947,2003-04-01T19:19:46.959,2003-04-16T19:36:46.293,2003-04-02T03:18:42.775+08:00,2003-04-17T03:35:42.109+08:00,UTC+08:00,UTC+08:00,21616.988898574265,21616,16,3,03:35:42.109,51.59503027777777,51
948,2003-05-01T12:15:52.006,2003-05-16T03:37:01.727,2003-05-01T20:14:47.822+08:00,2003-05-16T11:35:57.543+08:00,UTC+08:00,UTC+08:00,21081.16202599481,21081,16,11,11:35:57.543,59.59931750000004,59
949,2003-05-31T04:20:57.084,2003-06-14T11:16:59.352,2003-05-31T12:19:52.900+08:00,2003-06-14T19:15:55.168+08:00,UTC+08:00,UTC+08:00,20576.037793963915,20576,15,19,19:15:55.168,43.265324444444445,43
950,2003-06-29T18:39:44.930,2003-07-13T19:22:27.789,2003-06-30T02:38:40.746+08:00,2003-07-14T03:21:23.605+08:00,UTC+08:00,UTC+08:00,20202.714310597603,20202,15,3,03:21:23.605,27.356556944444435,27
951,2003-07-29T06:53:47.673,2003-08-12T04:49:17.415,2003-07-29T14:52:43.489+08:00,2003-08-12T12:48:13.231+08:00,UTC+08:00,UTC+08:00,20035.495700495085,20035,15,12,12:48:13.231,36.80367527777776,36
952,2003-08-27T17:27:25.370,2003-09-10T16:37:19.239,2003-08-28T01:26:21.186+08:00,2003-09-11T00:36:15.055+08:00,UTC+08:00,UTC+08:00,20109.897823221327,20109,15,0,00:36:15.055,24.604181944444406,24
953,2003-09-26T03:10:16.098,2003-10-10T07:28:33.235,2003-09-26T11:09:11.914+08:00,2003-10-10T15:27:29.051+08:00,UTC+08:00,UTC+08:00,20418.285628001067,20418,15,15,15:27:29.051,39.458069722222206,39
954,2003-10-25T12:51:22.678,2003-11-09T01:14:26.103,2003-10-25T20:50:18.494+08:00,2003-11-09T09:13:21.919+08:00,UTC+08:00,UTC+08:00,20903.057097964644,20903,16,9,09:13:21.919,57.222755277777765,57
955,2003-11-23T23:00:01.144,2003-12-08T20:37:45.717,2003-11-24T06:58:56.960+08:00,2003-12-09T04:36:41.533+08:00,UTC+08:00,UTC+08:00,21457.74288005444,21457,16,4,04:36:41.533,52.61153694444448,52
956,2003-12-23T09:44:04.249,2004-01-07T15:41:14.316,2003-12-23T17:43:00.065+08:00,2004-01-07T23:40:10.132+08:00,UTC+08:00,UTC+08:00,21957.167769753876,21957,16,23,23:40:10.132,71.66948111111111,71
957,2004-01-21T21:05:58.150,2004-02-06T08:47:58.462,2004-01-22T05:04:53.966+08:00,2004-02-06T16:46:54.278+08:00,UTC+08:00,UTC+08:00,22302.005211990887,22302,16,16,16:46:54.278,64.78174388888885,64
958,2004-02-20T09:18:45.620,2004-03-06T23:15:20.635,2004-02-20T17:17:41.436+08:00,2004-03-07T07:14:16.451+08:00,UTC+08:00,UTC+08:00,22436.583584417254,22436,17,7,07:14:16.451,79.23790305555553,79
959,2004-03-20T22:42:25.242,2004-04-05T11:03:49.381,2004-03-21T06:41:21.058+08:00,2004-04-05T19:02:45.197+08:00,UTC+08:00,UTC+08:00,22341.402316001586,22341,16,19,19:02:45.197,67.04588805555551,67
960,2004-04-19T13:22:16.141,2004-05-04T20:34:30.797,2004-04-19T21:21:11.957+08:00,2004-05-05T04:33:26.613+08:00,UTC+08:00,UTC+08:00,22032.244259169376,22032,17,4,04:33:26.613,76.55739249999999,76
961,2004-05-19T04:53:00.606,2004-06-03T04:20:38.796,2004-05-19T12:51:56.422+08:00,2004-06-03T12:19:34.612+08:00,UTC+08:00,UTC+08:00,21567.636490860805,21567,16,12,12:19:34.612,60.326281111111086,60
962,2004-06-17T20:27:51.488,2004-07-02T11:09:58.824,2004-06-18T04:26:47.304+08:00,2004-07-02T19:08:54.640+08:00,UTC+08:00,UTC+08:00,21042.12225662054,21042,15,19,19:08:54.640,43.14851111111108,43
963,2004-07-17T11:24:50.694,2004-07-31T18:06:14.919,2004-07-17T19:23:46.510+08:00,2004-08-01T02:05:10.735+08:00,UTC+08:00,UTC+08:00,20561.403751906273,20561,16,2,02:05:10.735,50.08631527777783,50
964,2004-08-16T01:24:57.961,2004-08-30T02:23:20.185,2004-08-16T09:23:53.777+08:00,2004-08-30T10:22:16.001+08:00,UTC+08:00,UTC+08:00,20218.37040782346,20218,15,10,10:22:16.001,34.37111138888889,34
965,2004-09-14T14:30:07.181,2004-09-28T13:10:21.627,2004-09-14T22:29:02.997+08:00,2004-09-28T21:09:17.443+08:00,UTC+08:00,UTC+08:00,20080.240777025738,20080,15,21,21:09:17.443,45.15484527777778,45
966,2004-10-14T02:49:19.877,2004-10-28T03:08:27.049,2004-10-14T10:48:15.693+08:00,2004-10-28T11:07:22.865+08:00,UTC+08:00,UTC+08:00,20179.119534121783,20179,15,11,11:07:22.865,35.123018055555576,35
967,2004-11-12T14:28:15.003,2004-11-26T20:08:19.835,2004-11-12T22:27:10.819+08:00,2004-11-27T04:07:15.651+08:00,UTC+08:00,UTC+08:00,20500.080527168637,20500,16,4,04:07:15.651,52.12101416666667,52
968,2004-12-12T01:30:05.941,2004-12-26T15:07:24.279,2004-12-12T09:29:01.757+08:00,2004-12-26T23:06:20.095+08:00,UTC+08:00,UTC+08:00,20977.305639783808,20977,15,23,23:06:20.095,47.10558194444445,47
969,2005-01-10T12:03:53.439,2005-01-25T10:33:25.021,2005-01-10T20:02:49.255+08:00,2005-01-25T18:32:20.837+08:00,UTC+08:00,UTC+08:00,21509.526354126006,21509,16,18,18:32:20.837,66.53912138888893,66
970,2005-02-08T22:29:06.736,2005-02-24T04:54:47.969,2005-02-09T06:28:02.552+08:00,2005-02-24T12:53:43.785+08:00,UTC+08:00,UTC+08:00,21985.68722030577,21985,16,12,12:53:43.785,60.895495833333314,60
971,2005-03-10T09:11:25.751,2005-03-25T20:59:35.900,2005-03-10T17:10:21.567+08:00,2005-03-26T04:58:31.716+08:00,UTC+08:00,UTC+08:00,22308.16914910457,22308,17,4,04:58:31.716,76.97547666666668,76
972,2005-04-08T20:33:05.312,2005-04-24T10:07:33.033,2005-04-09T04:32:01.128+08:00,2005-04-24T18:06:28.849+08:00,UTC+08:00,UTC+08:00,22414.462022302003,22414,16,18,18:06:28.849,66.10801361111112,66
973,2005-05-08T08:46:30.829,2005-05-23T20:19:14.013,2005-05-08T16:45:26.645+08:00,2005-05-24T04:18:09.829+08:00,UTC+08:00,UTC+08:00,22292.719740003165,22292,17,4,04:18:09.829,76.30273027777775,76
974,2005-06-06T21:56:10.483,2005-06-22T04:14:54.537,2005-06-07T05:55:06.299+08:00,2005-06-22T12:13:50.353+08:00,UTC+08:00,UTC+08:00,21978.73424034031,21978,16,12,12:13:50.353,60.23065361111105,60
975,2005-07-06T12:03:34.369,2005-07-21T11:01:19.423,2005-07-06T20:02:30.185+08:00,2005-07-21T19:00:15.239+08:00,UTC+08:00,UTC+08:00,21537.75090330003,21537,16,19,19:00:15.239,67.00423305555557,67
976,2005-08-05T03:05:49.814,2005-08-19T17:54:04.534,2005-08-05T11:04:45.630+08:00,2005-08-20T01:53:00.350+08:00,UTC+08:00,UTC+08:00,21048.24534695361,21048,16,1,01:53:00.350,49.883430555555606,49
977,2005-09-03T18:46:29.927,2005-09-18T02:01:50.955,2005-09-04T02:45:25.743+08:00,2005-09-18T10:00:46.771+08:00,UTC+08:00,UTC+08:00,20595.350457000368,20595,15,10,10:00:46.771,34.01299194444442,34
978,2005-10-03T10:28:57.349,2005-10-17T12:14:42.842,2005-10-03T18:27:53.165+08:00,2005-10-17T20:13:38.658+08:00,UTC+08:00,UTC+08:00,20265.758221973283,20265,15,20,20:13:38.658,44.22740500000003,44
979,2005-11-02T01:25:40.601,2005-11-16T00:58:37.193,2005-11-02T09:24:36.417+08:00,2005-11-16T08:57:33.009+08:00,UTC+08:00,UTC+08:00,20132.943207625653,20132,15,8,08:57:33.009,32.9591691666667,32
980,2005-12-01T15:02:00.643,2005-12-15T16:16:37.355,2005-12-01T23:00:56.459+08:00,2005-12-16T00:15:33.171+08:00,UTC+08:00,UTC+08:00,20234.611868865642,20234,16,0,00:15:33.171,48.25921416666671,48
981,2005-12-31T03:12:49.376,2006-01-14T09:49:12.424,2005-12-31T11:11:45.192+08:00,2006-01-14T17:48:07.240+08:00,UTC+08:00,UTC+08:00,20556.38413286923,20556,15,17,17:48:07.240,41.802011111111085,41
982,2006-01-29T14:15:42.829,2006-02-13T04:45:18.551,2006-01-29T22:14:37.645+08:00,2006-02-13T12:44:13.367+08:00,UTC+08:00,UTC+08:00,21029.595366378377,21029,16,12,12:44:13.367,60.73704638888893,60
983,2006-02-28T00:31:51.477,2006-03-14T23:36:31.174,2006-02-28T08:30:46.293+08:00,2006-03-15T07:35:25.990+08:00,UTC+08:00,UTC+08:00,21544.661617304595,21544,16,7,07:35:25.990,55.59055277777776,55
984,2006-03-29T10:16:19.893,2006-04-13T16:41:12.251,2006-03-29T18:15:14.709+08:00,2006-04-14T00:40:07.067+08:00,UTC+08:00,UTC+08:00,21984.8726322103,21984,17,0,00:40:07.067,72.66862972222225,72
985,2006-04-27T19:44:58.078,2006-05-13T06:52:08.499,2006-04-28T03:43:52.894+08:00,2006-05-13T14:51:03.315+08:00,UTC+08:00,UTC+08:00,22267.17369605787,22267,16,14,14:51:03.315,62.850920833333305,62
986,2006-05-27T05:26:41.609,2006-06-11T18:04:12.294,2006-05-27T13:25:36.425+08:00,2006-06-12T02:03:07.110+08:00,UTC+08:00,UTC+08:00,22357.51140914581,22357,17,2,02:03:07.110,74.05197500000003,74
987,2006-06-25T16:06:20.947,2006-07-11T03:02:58.115,2006-06-26T00:05:15.763+08:00,2006-07-11T11:01:52.931+08:00,UTC+08:00,UTC+08:00,22256.619466298078,22256,16,11,11:01:52.931,59.03136972222222,59
988,2006-07-25T04:32:00.300,2006-08-09T10:55:03.499,2006-07-25T12:30:55.116+08:00,2006-08-09T18:53:58.315+08:00,UTC+08:00,UTC+08:00,21983.053307213213,21983,16,18,18:53:58.315,66.89953194444445,66
989,2006-08-23T19:10:51.460,2006-09-07T18:43:08.543,2006-08-24T03:09:46.276+08:00,2006-09-08T02:42:03.359+08:00,UTC+08:00,UTC+08:00,21572.28472217672,21572,16,2,02:42:03.359,50.70093305555554,50
990,2006-09-22T11:46:08.460,2006-10-07T03:13:54.527,2006-09-22T19:45:03.276+08:00,2006-10-07T11:12:49.343+08:00,UTC+08:00,UTC+08:00,21087.76779765476,21087,16,11,11:12:49.343,59.21370638888891,59
991,2006-10-22T05:15:08.563,2006-11-05T12:59:20.892,2006-10-22T13:14:03.379+08:00,2006-11-05T20:58:15.708+08:00,UTC+08:00,UTC+08:00,20624.20548637797,20624,15,20,20:58:15.708,44.97103000000004,44
992,2006-11-20T22:19:04.881,2006-12-05T00:25:54.460,2006-11-21T06:17:59.697+08:00,2006-12-05T08:24:49.276+08:00,UTC+08:00,UTC+08:00,20286.826314886308,20286,15,8,08:24:49.276,32.413687777777795,32
993,2006-12-20T14:01:51.806,2007-01-03T13:58:27.534,2006-12-20T22:00:46.622+08:00,2007-01-03T21:57:22.350+08:00,UTC+08:00,UTC+08:00,20156.595467630443,20156,15,21,21:57:22.350,45.956208333333336,45
994,2007-01-19T04:01:46.756,2007-02-02T05:46:23.068,2007-01-19T12:00:41.572+08:00,2007-02-02T13:45:17.884+08:00,UTC+08:00,UTC+08:00,20264.605196746303,20264,15,13,13:45:17.884,37.75496777777778,37
995,2007-02-17T16:15:23.369,2007-03-03T23:18:12.009,2007-02-18T00:14:18.185+08:00,2007-03-04T07:17:06.825+08:00,UTC+08:00,UTC+08:00,20582.810666089994,20582,15,7,07:17:06.825,31.28522916666668,31
996,2007-03-19T02:43:38.772,2007-04-02T17:16:06.972,2007-03-19T10:42:33.588+08:00,2007-04-03T01:15:01.788+08:00,UTC+08:00,UTC+08:00,21032.470006579286,21032,16,1,01:15:01.788,49.25049666666666,49
997,2007-04-17T11:37:05.905,2007-05-02T10:10:30.131,2007-04-17T19:36:00.721+08:00,2007-05-02T18:09:24.947+08:00,UTC+08:00,UTC+08:00,21513.403767851432,21513,16,18,18:09:24.947,66.15692972222223,66
998,2007-05-16T19:28:19.008,2007-06-01T01:04:44.780,2007-05-17T03:27:13.824+08:00,2007-06-01T09:03:39.596+08:00,UTC+08:00,UTC+08:00,21936.429524197803,21936,16,9,09:03:39.596,57.06099888888889,57
999,2007-06-15T03:14:14.112,2007-06-30T13:49:48.434,2007-06-15T11:13:08.928+08:00,2007-06-30T21:48:43.250+08:00,UTC+08:00,UTC+08:00,22235.572042197546,22235,16,21,21:48:43.250,69.81201388888888,69
1000,2007-07-14T12:04:52.350,2007-07-30T00:48:49.767,2007-07-14T20:03:47.166+08:00,2007-07-30T08:47:44.583+08:00,UTC+08:00,UTC+08:00,22363.956962830216,22363,17,8,08:47:44.583,80.79571750000002,80
1001,2007-08-12T23:03:36.227,2007-08-28T10:36:10.949,2007-08-13T07:02:31.043+08:00,2007-08-28T18:35:05.765+08:00,UTC+08:00,UTC+08:00,22292.578696966175,22292,16,18,18:35:05.765,66.58493472222221,66
1002,2007-09-11T12:45:19.192,2007-09-26T19:46:14.089,2007-09-11T20:44:14.008+08:00,2007-09-27T03:45:08.905+08:00,UTC+08:00,UTC+08:00,22020.91495427865,22020,17,3,03:45:08.905,75.7524736111111,75
1003,2007-10-11T05:01:45.074,2007-10-26T04:52:37.567,2007-10-11T13:00:39.890+08:00,2007-10-26T12:51:32.383+08:00,UTC+08:00,UTC+08:00,21590.874883772685,21590,16,12,12:51:32.383,60.85899527777775,60
1004,2007-11-09T23:04:09.757,2007-11-24T14:30:55.185,2007-11-10T07:03:04.573+08:00,2007-11-24T22:29:50.001+08:00,UTC+08:00,UTC+08:00,21086.757127939665,21086,15,22,22:29:50.001,46.497222499999964,46
1005,2007-12-09T17:41:30.023,2007-12-24T01:16:40.722,2007-12-10T01:40:24.839+08:00,2007-12-24T09:15:35.538+08:00,UTC+08:00,UTC+08:00,20615.178303791483,20615,15,9,09:15:35.538,33.25987166666664,33
1006,2008-01-08T11:38:15.215,2008-01-22T13:35:46.563,2008-01-08T19:37:10.031+08:00,2008-01-22T21:34:41.379+08:00,UTC+08:00,UTC+08:00,20277.522468249626,20277,15,21,21:34:41.379,45.5781608333333,45
1007,2008-02-07T03:45:36.119,2008-02-21T03:31:35.929,2008-02-07T11:44:30.935+08:00,2008-02-21T11:30:30.745+08:00,UTC+08:00,UTC+08:00,20145.99682713373,20145,15,11,11:30:30.745,35.5085402777778,35
1008,2008-03-07T17:15:18.782,2008-03-21T18:41:02.590,2008-03-08T01:14:13.598+08:00,2008-03-22T02:39:57.406+08:00,UTC+08:00,UTC+08:00,20245.73012138617,20245,15,2,02:39:57.406,26.66594611111111,26
1009,2008-04-06T03:56:22.710,2008-04-20T10:26:28.174,2008-04-06T11:55:17.526+08:00,2008-04-20T18:25:22.990+08:00,UTC+08:00,UTC+08:00,20550.091071698098,20550,15,18,18:25:22.990,42.4230527777778,42
1010,2008-05-05T12:19:18.726,2008-05-20T02:12:27.916,2008-05-05T20:18:13.542+08:00,2008-05-20T10:11:22.732+08:00,UTC+08:00,UTC+08:00,20993.153166279088,20993,16,10,10:11:22.732,58.18964777777779,58
1011,2008-06-03T19:23:39.475,2008-06-18T17:31:34.180,2008-06-04T03:22:34.291+08:00,2008-06-19T01:30:28.996+08:00,UTC+08:00,UTC+08:00,21487.9117594591,21487,16,1,01:30:28.996,49.50805444444444,49
1012,2008-07-03T02:19:40.634,2008-07-18T08:00:10.119,2008-07-03T10:18:35.450+08:00,2008-07-18T15:59:04.935+08:00,UTC+08:00,UTC+08:00,21940.491410008428,21940,16,15,15:59:04.935,63.98470416666669,63
1013,2008-08-01T10:13:39.035,2008-08-16T21:17:32.879,2008-08-01T18:12:33.851+08:00,2008-08-17T05:16:27.695+08:00,UTC+08:00,UTC+08:00,22263.8974065187,22263,17,5,05:16:27.695,77.27435972222224,77
1014,2008-08-30T19:59:07.911,2008-09-15T09:14:28.298,2008-08-31T03:58:02.727+08:00,2008-09-15T17:13:23.114+08:00,UTC+08:00,UTC+08:00,22395.339785505366,22395,16,17,17:13:23.114,65.22308722222226,65
1015,2008-09-29T08:13:20.166,2008-10-14T20:03:32.662,2008-09-29T16:12:14.982+08:00,2008-10-15T04:02:27.478+08:00,UTC+08:00,UTC+08:00,22310.2082656343,22310,17,4,04:02:27.478,76.04096611111106,76
1016,2008-10-28T23:14:56.209,2008-11-13T06:18:24.803,2008-10-29T07:13:51.025+08:00,2008-11-13T14:17:19.619+08:00,UTC+08:00,UTC+08:00,22023.47655320419,22023,16,14,14:17:19.619,62.28878305555554,62
1017,2008-11-27T16:55:40.608,2008-12-12T16:38:14.256,2008-11-28T00:54:35.424+08:00,2008-12-13T00:37:09.072+08:00,UTC+08:00,UTC+08:00,21582.560792616685,21582,16,0,00:37:09.072,48.61918666666662,48
1018,2008-12-27T12:23:28.734,2009-01-11T03:27:51.790,2008-12-27T20:22:23.550+08:00,2009-01-11T11:26:45.606+08:00,UTC+08:00,UTC+08:00,21064.38427489376,21064,16,11,11:26:45.606,59.44600166666663,59
1019,2009-01-26T07:56:22.984,2009-02-09T14:50:15.657,2009-01-26T15:55:16.800+08:00,2009-02-09T22:49:09.473+08:00,UTC+08:00,UTC+08:00,20573.877887059018,20573,15,22,22:49:09.473,46.81929805555558,46
1020,2009-02-25T01:36:09.868,2009-03-11T02:38:50.495,2009-02-25T09:35:03.684+08:00,2009-03-11T10:37:44.311+08:00,UTC+08:00,UTC+08:00,20222.677128895553,20222,15,10,10:37:44.311,34.62897527777778,34
1021,2009-03-26T16:07:01.314,2009-04-09T14:56:54.631,2009-03-27T00:05:55.130+08:00,2009-04-09T22:55:48.447+08:00,UTC+08:00,UTC+08:00,20089.8886094685,20089,14,22,22:55:48.447,22.930124166666644,22
1022,2009-04-25T03:23:39.291,2009-05-09T04:02:30.950,2009-04-25T11:22:33.107+08:00,2009-05-09T12:01:24.766+08:00,UTC+08:00,UTC+08:00,20198.86099092415,20198,15,12,12:01:24.766,36.0235461111111,36
1023,2009-05-24T12:12:05.869,2009-06-07T18:12:50.066,2009-05-24T20:10:59.685+08:00,2009-06-08T02:11:43.882+08:00,UTC+08:00,UTC+08:00,20520.736609660344,20520,16,2,02:11:43.882,50.195522777777796,50
1024,2009-06-22T19:36:04.021,2009-07-07T09:22:31.163,2009-06-23T03:34:57.837+08:00,2009-07-07T17:21:24.979+08:00,UTC+08:00,UTC+08:00,20986.452373568456,20986,15,17,17:21:24.979,41.356938611111104,41
1025,2009-07-22T02:35:42.028,2009-08-06T00:55:58.108,2009-07-22T10:34:35.844+08:00,2009-08-06T08:54:51.924+08:00,UTC+08:00,UTC+08:00,21500.26799594969,21500,16,8,08:54:51.924,56.91442333333339,56
1026,2009-08-20T10:02:41.242,2009-09-04T16:03:42.043,2009-08-20T18:01:35.058+08:00,2009-09-05T00:02:35.859+08:00,UTC+08:00,UTC+08:00,21961.01335329473,21961,17,0,00:02:35.859,72.04329416666667,72
1027,2009-09-18T18:45:24.743,2009-10-04T06:11:16.621,2009-09-19T02:44:18.559+08:00,2009-10-04T14:10:10.437+08:00,UTC+08:00,UTC+08:00,22285.864640789423,22285,16,14,14:10:10.437,62.16956583333331,62
1028,2009-10-18T05:34:11.003,2009-11-02T19:15:00.751,2009-10-18T13:33:04.819+08:00,2009-11-03T03:13:54.567+08:00,UTC+08:00,UTC+08:00,22420.829127661364,22420,17,3,03:13:54.567,75.23182416666668,75
1029,2009-11-16T19:14:49.757,2009-12-02T07:31:33.085,2009-11-17T03:13:43.573+08:00,2009-12-02T15:30:26.901+08:00,UTC+08:00,UTC+08:00,22336.7221264549,22336,16,15,15:30:26.901,63.507472500000006,63
1030,2009-12-16T12:03:11.725,2009-12-31T19:13:51.175,2009-12-16T20:02:05.541+08:00,2010-01-01T03:12:44.991+08:00,UTC+08:00,UTC+08:00,22030.657498326545,22030,17,3,03:12:44.991,75.21249749999998,75
1031,2010-01-15T07:12:28.389,2010-01-30T06:18:41.089,2010-01-15T15:11:22.205+08:00,2010-01-30T14:17:34.905+08:00,UTC+08:00,UTC+08:00,21546.21166086123,21546,16,14,14:17:34.905,62.293029166666656,62
1032,2010-02-14T02:52:24.818,2010-02-28T16:38:58.546,2010-02-14T10:51:18.634+08:00,2010-03-01T00:37:52.362+08:00,UTC+08:00,UTC+08:00,20986.562130617964,20986,16,0,00:37:52.362,48.63121166666667,48
1033,2010-03-15T21:02:11.310,2010-03-30T02:26:31.192,2010-03-16T05:01:05.126+08:00,2010-03-30T10:25:25.008+08:00,UTC+08:00,UTC+08:00,20484.33136159918,20484,15,10,10:25:25.008,34.42361333333332,34
1034,2010-04-14T12:30:01.015,2010-04-28T12:19:33.796,2010-04-14T20:28:54.831+08:00,2010-04-28T20:18:27.612+08:00,UTC+08:00,UTC+08:00,20149.546335538478,20149,15,20,20:18:27.612,44.30766999999997,44
1035,2010-05-14T01:05:29.604,2010-05-27T23:08:24.733,2010-05-14T09:04:23.420+08:00,2010-05-28T07:07:18.549+08:00,UTC+08:00,UTC+08:00,20042.918802576205,20042,15,7,07:07:18.549,31.121819166666683,31
1036,2010-06-12T11:15:40.937,2010-06-26T11:31:27.853,2010-06-12T19:14:34.753+08:00,2010-06-26T19:30:21.669+08:00,UTC+08:00,UTC+08:00,20175.78193033407,20175,15,19,19:30:21.669,43.50601916666665,43
1037,2010-07-11T19:41:33.618,2010-07-26T01:37:39.001,2010-07-12T03:40:27.434+08:00,2010-07-26T09:36:32.817+08:00,UTC+08:00,UTC+08:00,20516.08971216069,20516,15,9,09:36:32.817,33.60911583333336,33
1038,2010-08-10T03:09:15.461,2010-08-24T17:05:40.170,2010-08-10T11:08:09.277+08:00,2010-08-25T01:04:33.986+08:00,UTC+08:00,UTC+08:00,20996.41181743571,20996,16,1,01:04:33.986,49.07610722222222,49
1039,2010-09-08T10:30:55.597,2010-09-23T09:18:18.983,2010-09-08T18:29:49.413+08:00,2010-09-23T17:17:12.799+08:00,UTC+08:00,UTC+08:00,21527.389767412005,21527,16,17,17:17:12.799,65.28688861111112,65
1040,2010-10-07T18:45:34.854,2010-10-23T01:37:37.556,2010-10-08T02:44:28.670+08:00,2010-10-23T09:36:31.372+08:00,UTC+08:00,UTC+08:00,22012.045035327337,22012,16,9,09:36:31.372,57.608714444444445,57
1041,2010-11-06T04:52:53.016,2010-11-21T17:28:26.594,2010-11-06T12:51:46.832+08:00,2010-11-22T01:27:20.410+08:00,UTC+08:00,UTC+08:00,22355.55963088646,22355,17,1,01:27:20.410,73.45566944444442,73
1042,2010-12-05T17:36:48.595,2010-12-21T08:14:33.670,2010-12-06T01:35:42.411+08:00,2010-12-21T16:13:27.486+08:00,UTC+08:00,UTC+08:00,22477.751249112924,22477,16,16,16:13:27.486,64.22430166666669,64
1043,2011-01-04T09:03:42.950,2011-01-19T21:22:30.920,2011-01-04T17:02:36.766+08:00,2011-01-20T05:21:24.736+08:00,UTC+08:00,UTC+08:00,22338.79949682694,22338,17,5,05:21:24.736,77.3568711111111,77
1044,2011-02-03T02:31:45.690,2011-02-18T08:36:46.316,2011-02-03T10:30:39.506+08:00,2011-02-18T16:35:40.132+08:00,UTC+08:00,UTC+08:00,21965.01042631937,21965,16,16,16:35:40.132,64.59448111111112,64
1045,2011-03-04T20:46:58.390,2011-03-19T18:11:09.677,2011-03-05T04:45:52.206+08:00,2011-03-20T02:10:03.493+08:00,UTC+08:00,UTC+08:00,21444.188119206177,21444,16,2,02:10:03.493,50.16763694444444,50
1046,2011-04-03T14:33:25.560,2011-04-18T02:45:05.543,2011-04-03T22:32:19.376+08:00,2011-04-18T10:43:59.359+08:00,UTC+08:00,UTC+08:00,20891.66638418621,20891,16,10,10:43:59.359,58.73315527777777,58
1047,2011-05-03T06:51:47.942,2011-05-17T11:09:44.779,2011-05-03T14:50:41.758+08:00,2011-05-17T19:08:38.595+08:00,UTC+08:00,UTC+08:00,20417.947276233797,20417,15,19,19:08:38.595,43.14405416666665,43
1048,2011-06-01T21:03:42.935,2011-06-15T20:14:41.306,2011-06-02T05:02:36.751+08:00,2011-06-16T04:13:35.122+08:00,UTC+08:00,UTC+08:00,20110.972857560446,20110,15,4,04:13:35.122,28.22642277777777,28
1049,2011-07-01T08:55:01.698,2011-07-15T06:40:42.806,2011-07-01T16:53:55.514+08:00,2011-07-15T14:39:36.622+08:00,UTC+08:00,UTC+08:00,20025.685131832197,20025,15,14,14:39:36.622,38.660172777777746,38
1050,2011-07-30T18:40:54.500,2011-08-13T18:58:36.679,2011-07-31T02:39:48.316+08:00,2011-08-14T02:57:30.495+08:00,UTC+08:00,UTC+08:00,20177.702988143737,20177,15,2,02:57:30.495,26.958470833333365,26
1051,2011-08-29T03:05:11.906,2011-09-12T09:27:45.909,2011-08-29T11:04:05.722+08:00,2011-09-12T17:26:39.725+08:00,UTC+08:00,UTC+08:00,20542.566716978254,20542,15,17,17:26:39.725,41.44436805555557,41
1052,2011-09-27T11:09:46.914,2011-10-12T02:06:50.117,2011-09-27T19:08:40.730+08:00,2011-10-12T10:05:43.933+08:00,UTC+08:00,UTC+08:00,21057.05338751419,21057,16,10,10:05:43.933,58.09553694444446,58
1053,2011-10-26T19:56:53.833,2011-11-10T20:17:13.134,2011-10-27T03:55:47.649+08:00,2011-11-11T04:16:06.950+08:00,UTC+08:00,UTC+08:00,21620.321679283188,21620,16,4,04:16:06.950,52.26859722222218,52
1054,2011-11-25T06:10:47.561,2011-12-10T14:37:29.447,2011-11-25T14:09:41.377+08:00,2011-12-10T22:36:23.263+08:00,UTC+08:00,UTC+08:00,22106.69810194429,22106,16,22,22:36:23.263,70.60646194444445,70
1055,2011-12-24T18:07:29.909,2012-01-09T07:31:12.073,2011-12-25T02:06:23.725+08:00,2012-01-09T15:30:05.889+08:00,UTC+08:00,UTC+08:00,22403.70273700868,22403,16,15,15:30:05.889,63.501635833333296,63
1056,2012-01-23T07:40:23.214,2012-02-07T21:54:51.121,2012-01-23T15:39:17.030+08:00,2012-02-08T05:53:44.937+08:00,UTC+08:00,UTC+08:00,22454.465105588944,22454,17,5,05:53:44.937,77.8958158333333,77
1057,2012-02-21T22:35:42.099,2012-03-08T09:40:35.144,2012-02-22T06:34:35.915+08:00,2012-03-08T17:39:28.960+08:00,UTC+08:00,UTC+08:00,22264.884078216583,22264,16,17,17:39:28.960,65.65804444444444,65
1058,2012-03-22T14:38:13.015,2012-04-06T19:19:46.894,2012-03-22T22:37:06.831+08:00,2012-04-07T03:18:40.710+08:00,UTC+08:00,UTC+08:00,21881.564657777762,21881,17,3,03:18:40.710,75.31130833333333,75
1059,2012-04-21T07:19:30.711,2012-05-06T03:36:11.275,2012-04-21T15:18:24.527+08:00,2012-05-06T11:35:05.091+08:00,UTC+08:00,UTC+08:00,21376.67606301314,21376,16,11,11:35:05.091,59.58474749999999,59
1060,2012-05-20T23:48:08.145,2012-06-04T11:12:40.306,2012-05-21T07:47:01.961+08:00,2012-06-04T19:11:34.122+08:00,UTC+08:00,UTC+08:00,20844.536017861494,20844,15,19,19:11:34.122,43.19281166666667,43
1061,2012-06-19T15:03:13.194,2012-07-03T18:52:59.577,2012-06-19T23:02:07.010+08:00,2012-07-04T02:51:52.393+08:00,UTC+08:00,UTC+08:00,20389.773049269243,20389,16,2,02:51:52.393,50.86455361111109,50
1062,2012-07-19T04:25:08.764,2012-08-02T03:28:34.512,2012-07-19T12:24:01.580+08:00,2012-08-02T11:27:27.328+08:00,UTC+08:00,UTC+08:00,20103.42913583221,20103,15,11,11:27:27.328,35.45759111111113,35
1063,2012-08-17T15:55:32.793,2012-08-31T13:59:13.573,2012-08-17T23:54:25.609+08:00,2012-08-31T21:58:06.389+08:00,UTC+08:00,UTC+08:00,20043.679653893632,20043,15,21,21:58:06.389,45.96844138888889,45
1064,2012-09-16T02:11:44.751,2012-09-30T03:19:44.161,2012-09-16T10:10:37.567+08:00,2012-09-30T11:18:36.977+08:00,UTC+08:00,UTC+08:00,20227.99016610743,20227,15,11,11:18:36.977,35.31027138888885,35
1065,2012-10-15T12:03:37.724,2012-10-29T19:50:33.767,2012-10-15T20:02:30.540+08:00,2012-10-30T03:49:26.583+08:00,UTC+08:00,UTC+08:00,20626.934045656817,20626,16,3,03:49:26.583,51.82405083333339,51
1066,2012-11-13T22:09:06.933,2012-11-28T14:47:02.881,2012-11-14T06:07:59.749+08:00,2012-11-28T22:45:55.697+08:00,UTC+08:00,UTC+08:00,21157.932451034805,21157,15,22,22:45:55.697,46.76547138888884,46
1067,2012-12-13T08:42:43.611,2012-12-28T10:22:17.824,2012-12-13T16:41:36.427+08:00,2012-12-28T18:21:10.640+08:00,UTC+08:00,UTC+08:00,21699.570226314176,21699,16,18,18:21:10.640,66.35295555555552,66
1068,2013-01-11T19:44:44.128,2013-01-27T04:39:29.481,2013-01-12T03:43:36.944+08:00,2013-01-27T12:38:22.297+08:00,UTC+08:00,UTC+08:00,22134.755881438512,22134,16,12,12:38:22.297,60.63952694444447,60
1069,2013-02-10T07:21:13.641,2013-02-25T20:27:11.104,2013-02-10T15:20:06.457+08:00,2013-02-26T04:26:03.920+08:00,UTC+08:00,UTC+08:00,22385.95772389985,22385,17,4,04:26:03.920,76.43442222222222,76
1070,2013-03-11T19:52:07.697,2013-03-27T09:28:25.637,2013-03-12T03:51:00.513+08:00,2013-03-27T17:27:18.453+08:00,UTC+08:00,UTC+08:00,22416.29899635236,22416,16,17,17:27:18.453,65.45512583333334,65
1071,2013-04-10T09:36:25.144,2013-04-25T19:58:13.926,2013-04-10T17:35:17.960+08:00,2013-04-26T03:57:06.742+08:00,UTC+08:00,UTC+08:00,22221.81303677585,22221,17,3,03:57:06.742,75.9518727777778,75
1072,2013-05-10T00:29:30.530,2013-05-25T04:26:02.857,2013-05-10T08:28:23.346+08:00,2013-05-25T12:24:55.673+08:00,UTC+08:00,UTC+08:00,21836.53878630684,21836,16,12,12:24:55.673,60.415464722222225,60
1073,2013-06-08T15:57:27.706,2013-06-23T11:33:22.380,2013-06-08T23:56:20.522+08:00,2013-06-23T19:32:15.196+08:00,UTC+08:00,UTC+08:00,21335.911221414262,21335,16,19,19:32:15.196,67.53755444444442,67
1074,2013-07-08T07:15:24.641,2013-07-22T18:16:39.130,2013-07-08T15:14:17.457+08:00,2013-07-23T02:15:31.946+08:00,UTC+08:00,UTC+08:00,20821.241476632196,20821,16,2,02:15:31.946,50.2588738888889,50
1075,2013-08-06T21:51:49.197,2013-08-21T01:45:44.088,2013-08-07T05:50:42.013+08:00,2013-08-21T09:44:36.904+08:00,UTC+08:00,UTC+08:00,20393.914835992582,20393,15,9,09:44:36.904,33.74358444444448,33
1076,2013-09-05T11:37:15.620,2013-09-19T11:13:57.878,2013-09-05T19:36:08.436+08:00,2013-09-19T19:12:50.694+08:00,UTC+08:00,UTC+08:00,20136.70430192711,20136,15,19,19:12:50.694,43.21408166666663,43
1077,2013-10-05T00:35:38.623,2013-10-18T23:38:46.938,2013-10-05T08:34:31.439+08:00,2013-10-19T07:37:39.754+08:00,UTC+08:00,UTC+08:00,20103.138577359477,20103,15,7,07:37:39.754,31.627709444444406,31
1078,2013-11-03T12:51:04.602,2013-11-17T15:16:50.736,2013-11-03T20:49:57.418+08:00,2013-11-17T23:15:43.552+08:00,UTC+08:00,UTC+08:00,20305.768892005544,20305,15,23,23:15:43.552,47.26209777777774,47
1079,2013-12-03T00:23:29.204,2013-12-17T09:29:11.471,2013-12-03T08:22:22.020+08:00,2013-12-17T17:28:04.287+08:00,UTC+08:00,UTC+08:00,20705.704458401116,20705,15,17,17:28:04.287,41.46785749999998,41
1080,2014-01-01T11:15:17.222,2014-01-16T04:53:17.313,2014-01-01T19:14:10.038+08:00,2014-01-16T12:52:10.129+08:00,UTC+08:00,UTC+08:00,21218.001504612123,21218,16,12,12:52:10.129,60.86948027777777,60
1081,2014-01-30T21:39:39.290,2014-02-14T23:54:08.201,2014-01-31T05:38:32.106+08:00,2014-02-15T07:53:01.017+08:00,UTC+08:00,UTC+08:00,21734.481845899765,21734,16,7,07:53:01.017,55.88361583333335,55
1082,2014-03-01T08:00:46.872,2014-03-16T17:09:27.645,2014-03-01T15:59:39.688+08:00,2014-03-17T01:08:20.461+08:00,UTC+08:00,UTC+08:00,22148.679565116327,22148,17,1,01:08:20.461,73.13901694444439,73
1083,2014-03-30T18:45:48.073,2014-04-15T07:43:25.307,2014-03-31T02:44:40.889+08:00,2014-04-15T15:42:18.123+08:00,UTC+08:00,UTC+08:00,22377.62057373293,22377,16,15,15:42:18.123,63.70503416666662,63
1084,2014-04-29T06:15:28.023,2014-05-14T19:17:01.907,2014-04-29T14:14:20.839+08:00,2014-05-15T03:15:54.723+08:00,UTC+08:00,UTC+08:00,22381.564720939587,22381,17,3,03:15:54.723,75.26520083333332,75
1085,2014-05-28T18:41:20.595,2014-06-13T04:12:36.459,2014-05-29T02:40:13.411+08:00,2014-06-13T12:11:29.275+08:00,UTC+08:00,UTC+08:00,22171.264398868363,22171,16,12,12:11:29.275,60.19146527777775,60
1086,2014-06-27T08:09:35.601,2014-07-12T11:26:02.015,2014-06-27T16:08:28.417+08:00,2014-07-12T19:24:54.831+08:00,UTC+08:00,UTC+08:00,21796.44023380729,21796,16,19,19:24:54.831,67.41523083333334,67
1087,2014-07-26T22:42:53.447,2014-08-10T18:10:29.550,2014-07-27T06:41:46.263+08:00,2014-08-11T02:09:22.366+08:00,UTC+08:00,UTC+08:00,21327.60171858532,21327,16,2,02:09:22.366,50.15621277777774,50
1088,2014-08-25T14:13:53.504,2014-09-09T01:39:18.133,2014-08-25T22:12:46.320+08:00,2014-09-09T09:38:10.949+08:00,UTC+08:00,UTC+08:00,20845.41047828874,20845,16,9,09:38:10.949,57.63637472222223,57
1089,2014-09-24T06:14:53.669,2014-10-08T10:51:43.416,2014-09-24T14:13:46.485+08:00,2014-10-08T18:50:36.232+08:00,UTC+08:00,UTC+08:00,20436.829106037912,20436,15,18,18:50:36.232,42.843397777777795,42
1090,2014-10-23T21:57:47.010,2014-11-06T22:23:56.996,2014-10-24T05:56:39.826+08:00,2014-11-07T06:22:49.812+08:00,UTC+08:00,UTC+08:00,20186.166436073745,20186,15,6,06:22:49.812,30.38050333333331,30
1091,2014-11-22T12:33:23.076,2014-12-06T12:27:52.383,2014-11-22T20:32:15.892+08:00,2014-12-06T20:26:45.199+08:00,UTC+08:00,UTC+08:00,20154.48845453208,20154,15,20,20:26:45.199,44.445888611111116,44
1092,2014-12-22T01:36:58.503,2015-01-05T04:54:23.547,2014-12-22T09:35:51.319+08:00,2015-01-05T12:53:16.363+08:00,UTC+08:00,UTC+08:00,20357.417405241,20357,15,12,12:53:16.363,36.88787861111109,36
1093,2015-01-20T13:14:49.441,2015-02-03T23:10:03.494,2015-01-20T21:13:42.257+08:00,2015-02-04T07:08:56.310+08:00,UTC+08:00,UTC+08:00,20755.234220957547,20755,16,7,07:08:56.310,55.14897500000001,55
1094,2015-02-18T23:48:23.148,2015-03-05T18:06:31.432,2015-02-19T07:47:15.964+08:00,2015-03-06T02:05:24.248+08:00,UTC+08:00,UTC+08:00,21258.13806553179,21258,16,2,02:05:24.248,50.09006888888888,50
1095,2015-03-20T09:37:18.351,2015-04-04T12:06:41.587,2015-03-20T17:36:11.167+08:00,2015-04-04T20:05:34.403+08:00,UTC+08:00,UTC+08:00,21749.387260821175,21749,16,20,20:05:34.403,68.0928897222222,68
1096,2015-04-18T18:57:58.481,2015-05-04T03:43:12.287,2015-04-19T02:56:51.297+08:00,2015-05-04T11:42:05.103+08:00,UTC+08:00,UTC+08:00,22125.230098493164,22125,16,11,11:42:05.103,59.70141749999999,59
1097,2015-05-18T04:14:21.746,2015-06-02T16:20:09.057,2015-05-18T12:13:14.562+08:00,2015-06-03T00:19:01.873+08:00,UTC+08:00,UTC+08:00,22325.788516748027,22325,17,0,00:19:01.873,72.31718694444442,72
1098,2015-06-16T14:06:28.266,2015-07-02T02:20:43.145,2015-06-16T22:05:21.082+08:00,2015-07-02T10:19:34.961+08:00,UTC+08:00,UTC+08:00,22334.247983175555,22334,17,10,10:19:34.961,82.32637805555555,82
1099,2015-07-16T01:25:28.956,2015-07-31T10:44:02.400,2015-07-16T09:24:20.772+08:00,2015-07-31T18:42:54.216+08:00,UTC+08:00,UTC+08:00,22158.557411457514,22158,16,18,18:42:54.216,66.71506,66
1100,2015-08-14T14:54:31.887,2015-08-29T18:36:20.063,2015-08-14T22:53:23.703+08:00,2015-08-30T02:35:11.879+08:00,UTC+08:00,UTC+08:00,21821.802936743297,21821,17,2,02:35:11.879,74.58663305555552,74
1101,2015-09-13T06:42:24.047,2015-09-28T02:51:38.296,2015-09-13T14:41:15.863+08:00,2015-09-28T10:50:30.112+08:00,UTC+08:00,UTC+08:00,21369.23749933725,21369,16,10,10:50:30.112,58.84169777777777,58
1102,2015-10-13T00:06:50.814,2015-10-27T12:06:15.266,2015-10-13T08:05:42.630+08:00,2015-10-27T20:05:07.082+08:00,UTC+08:00,UTC+08:00,20879.407526932882,20879,15,20,20:05:07.082,44.085300555555534,44
1103,2015-11-11T17:48:16.216,2015-11-25T22:45:22.800,2015-11-12T01:47:08.032+08:00,2015-11-26T06:44:14.616+08:00,UTC+08:00,UTC+08:00,20457.10973533711,20457,15,6,06:44:14.616,30.73739333333333,30
1104,2015-12-11T10:30:32.224,2015-12-25T11:12:36.550,2015-12-11T18:29:24.040+08:00,2015-12-25T19:11:28.366+08:00,UTC+08:00,UTC+08:00,20202.0721048795,20202,15,19,19:11:28.366,43.191212777777764,43
1105,2016-01-10T01:31:40.125,2016-01-24T01:46:52.734,2016-01-10T09:30:31.941+08:00,2016-01-24T09:45:44.550+08:00,UTC+08:00,UTC+08:00,20175.21013942904,20175,15,9,09:45:44.550,33.76237500000002,33
1106,2016-02-08T14:40:03.333,2016-02-22T18:20:59.975,2016-02-08T22:38:55.149+08:00,2016-02-23T02:19:51.791+08:00,UTC+08:00,UTC+08:00,20380.944030450955,20380,16,2,02:19:51.791,50.33105305555557,50
1107,2016-03-09T01:55:37.541,2016-03-23T12:01:58.510,2016-03-09T09:54:29.357+08:00,2016-03-23T20:00:50.326+08:00,UTC+08:00,UTC+08:00,20766.34948573034,20766,15,20,20:00:50.326,44.01397944444443,44
1108,2016-04-07T11:24:47.657,2016-04-22T05:24:44.067,2016-04-07T19:23:39.473+08:00,2016-04-22T13:23:35.883+08:00,UTC+08:00,UTC+08:00,21239.94016320964,21239,16,13,13:23:35.883,61.393300833333285,61
1109,2016-05-06T19:30:38.403,2016-05-21T21:15:33.482,2016-05-07T03:29:30.219+08:00,2016-05-22T05:14:25.298+08:00,UTC+08:00,UTC+08:00,21704.917985423774,21704,16,5,05:14:25.298,53.240360555555526,53
1110,2016-06-05T03:00:43.598,2016-06-20T11:03:27.263,2016-06-05T10:59:35.414+08:00,2016-06-20T19:02:19.079+08:00,UTC+08:00,UTC+08:00,22082.727753504532,22082,16,19,19:02:19.079,67.03863305555552,67
1111,2016-07-04T11:02:08.815,2016-07-19T22:57:42.907,2016-07-04T19:01:00.631+08:00,2016-07-20T06:56:34.723+08:00,UTC+08:00,UTC+08:00,22315.568189145422,22315,17,6,06:56:34.723,78.94297861111113,78
1112,2016-08-02T20:45:40.963,2016-08-18T09:27:42.460,2016-08-03T04:44:32.779+08:00,2016-08-18T17:26:34.276+08:00,UTC+08:00,UTC+08:00,22362.02494638872,22362,16,17,17:26:34.276,65.44285444444449,65
1113,2016-09-01T09:04:14.293,2016-09-16T19:06:13.806,2016-09-01T17:03:06.109+08:00,2016-09-17T03:05:05.622+08:00,UTC+08:00,UTC+08:00,22201.99188040562,22201,17,3,03:05:05.622,75.08489500000002,75
1114,2016-10-01T00:12:30.709,2016-10-16T04:24:13.966,2016-10-01T08:11:22.525+08:00,2016-10-16T12:23:05.782+08:00,UTC+08:00,UTC+08:00,21851.72096270915,21851,16,12,12:23:05.782,60.3849394444444,60
1115,2016-10-30T17:39:18.673,2016-11-14T13:53:11.479,2016-10-31T01:38:10.489+08:00,2016-11-14T21:52:03.295+08:00,UTC+08:00,UTC+08:00,21373.880098009813,21373,15,21,21:52:03.295,45.867581944444396,45
1116,2016-11-29T12:19:21.727,2016-12-14T00:06:41.402,2016-11-29T20:18:13.543+08:00,2016-12-14T08:05:33.218+08:00,UTC+08:00,UTC+08:00,20867.327902535766,20867,16,8,08:05:33.218,56.092560555555565,56
1117,2016-12-29T06:54:19.503,2017-01-12T11:35:06.536,2016-12-29T14:53:11.319+08:00,2017-01-12T19:33:57.352+08:00,UTC+08:00,UTC+08:00,20440.78388109027,20440,15,19,19:33:57.352,43.56593111111113,43
1118,2017-01-28T00:08:10.403,2017-02-11T00:34:01.566,2017-01-28T08:07:01.219+08:00,2017-02-11T08:32:52.382+08:00,UTC+08:00,UTC+08:00,20185.85272115945,20185,15,8,08:32:52.382,32.54788388888886,32
1119,2017-02-26T14:59:31.386,2017-03-12T14:54:55.886,2017-02-26T22:58:22.202+08:00,2017-03-12T22:53:46.702+08:00,UTC+08:00,UTC+08:00,20155.408328725785,20155,15,22,22:53:46.702,46.89630611111113,46
1120,2017-03-28T02:58:21.337,2017-04-11T06:09:14.525,2017-03-28T10:57:12.153+08:00,2017-04-11T14:08:05.341+08:00,UTC+08:00,UTC+08:00,20350.88647666308,20350,15,14,14:08:05.341,38.134816944444424,38
1121,2017-04-26T12:17:17.169,2017-05-10T21:43:37.789,2017-04-26T20:16:07.985+08:00,2017-05-11T05:42:28.605+08:00,UTC+08:00,UTC+08:00,20726.343660117764,20726,16,5,05:42:28.605,53.707945833333326,53
1122,2017-05-25T19:45:36.236,2017-06-09T13:10:43.892,2017-05-26T03:44:27.052+08:00,2017-06-09T21:09:34.708+08:00,UTC+08:00,UTC+08:00,21205.12759813404,21205,15,21,21:09:34.708,45.159641111111114,45
1123,2017-06-24T02:31:51.225,2017-07-09T04:07:43.457,2017-06-24T10:30:42.041+08:00,2017-07-09T12:06:34.273+08:00,UTC+08:00,UTC+08:00,21695.870540900607,21695,16,12,12:06:34.273,60.10952027777779,60
1124,2017-07-23T09:46:43.733,2017-08-07T18:11:46.177,2017-07-23T17:45:34.549+08:00,2017-08-08T02:10:36.993+08:00,UTC+08:00,UTC+08:00,22105.04074488923,22105,17,2,02:10:36.993,74.1769425,74
1125,2017-08-21T18:31:19.539,2017-09-06T07:03:56.986,2017-08-22T02:30:10.355+08:00,2017-09-06T15:02:47.802+08:00,UTC+08:00,UTC+08:00,22352.624125994826,22352,16,15,15:02:47.802,63.04661166666665,63
1126,2017-09-20T05:31:00.717,2017-10-05T18:41:15.736,2017-09-20T13:29:51.533+08:00,2017-10-06T02:40:06.552+08:00,UTC+08:00,UTC+08:00,22390.250306522557,22390,17,2,02:40:06.552,74.66848666666664,74
1127,2017-10-19T19:13:11.889,2017-11-04T05:24:03.100,2017-10-20T03:12:02.705+08:00,2017-11-04T13:22:53.916+08:00,UTC+08:00,UTC+08:00,22210.853520423072,22210,16,13,13:22:53.916,61.38164333333333,61
1128,2017-11-18T11:43:16.465,2017-12-03T15:48:07.471,2017-11-18T19:42:07.281+08:00,2017-12-03T23:46:58.287+08:00,UTC+08:00,UTC+08:00,21844.850092455235,21844,16,23,23:46:58.287,71.78285749999998,71
1129,2017-12-18T06:31:34.130,2018-01-02T02:25:14.443,2017-12-18T14:30:24.946+08:00,2018-01-02T10:24:05.259+08:00,UTC+08:00,UTC+08:00,21353.671888187502,21353,16,10,10:24:05.259,58.401460833333374,58
1130,2018-01-17T02:18:23.376,2018-01-31T13:27:52.920,2018-01-17T10:17:14.192+08:00,2018-01-31T21:26:43.736+08:00,UTC+08:00,UTC+08:00,20829.49238759282,20829,15,21,21:26:43.736,45.44548222222221,45
1131,2018-02-15T21:06:21.312,2018-03-02T00:52:29.254,2018-02-16T05:05:12.128+08:00,2018-03-02T08:51:20.070+08:00,UTC+08:00,UTC+08:00,20386.132361203978,20386,15,8,08:51:20.070,32.855575000000044,32
1132,2018-03-17T13:12:43.069,2018-03-31T12:37:59.786,2018-03-17T21:11:33.885+08:00,2018-03-31T20:36:50.602+08:00,UTC+08:00,UTC+08:00,20125.278620828904,20125,15,20,20:36:50.602,44.6140561111111,44
1133,2018-04-16T01:58:16.531,2018-04-30T00:59:20.276,2018-04-16T09:57:07.347+08:00,2018-04-30T08:58:11.092+08:00,UTC+08:00,UTC+08:00,20101.062402086518,20101,15,8,08:58:11.092,32.96974777777774,32
1134,2018-05-15T11:48:55.461,2018-05-29T14:20:42.587,2018-05-15T19:47:46.277+08:00,2018-05-29T22:19:33.403+08:00,UTC+08:00,UTC+08:00,20311.785437118033,20311,15,22,22:19:33.403,46.32594527777775,46
1135,2018-06-13T19:44:23.226,2018-06-28T04:54:07.561,2018-06-14T03:43:14.042+08:00,2018-06-28T12:52:58.377+08:00,UTC+08:00,UTC+08:00,20709.73892095528,20709,15,12,12:52:58.377,36.88288250000005,36
1136,2018-07-13T02:49:01.355,2018-07-27T20:21:30.288,2018-07-13T10:47:52.171+08:00,2018-07-28T04:20:21.104+08:00,UTC+08:00,UTC+08:00,21212.482216767596,21212,16,4,04:20:21.104,52.33919555555559,52
1137,2018-08-11T09:58:53.301,2018-08-26T11:57:19.651,2018-08-11T17:57:44.117+08:00,2018-08-26T19:56:10.467+08:00,UTC+08:00,UTC+08:00,21718.439166120697,21718,16,19,19:56:10.467,67.93624083333333,67
1138,2018-09-09T18:02:37.015,2018-09-25T02:53:33.775,2018-09-10T02:01:27.831+08:00,2018-09-25T10:52:24.591+08:00,UTC+08:00,UTC+08:00,22130.94600148388,22130,16,10,10:52:24.591,58.873497499999985,58
1139,2018-10-09T03:47:59.745,2018-10-24T16:46:19.994,2018-10-09T11:46:50.561+08:00,2018-10-25T00:45:10.810+08:00,UTC+08:00,UTC+08:00,22378.33747314611,22378,17,0,00:45:10.810,72.7530027777778,72
1140,2018-11-07T16:03:11.659,2018-11-23T05:40:20.951,2018-11-08T00:02:02.475+08:00,2018-11-23T13:39:11.767+08:00,UTC+08:00,UTC+08:00,22417.15485804957,22417,16,13,13:39:11.767,61.653268611111116,61
1141,2018-12-07T07:21:30.135,2018-12-22T17:49:44.164,2018-12-07T15:20:20.951+08:00,2018-12-23T01:48:34.980+08:00,UTC+08:00,UTC+08:00,22228.233813494746,22228,17,1,01:48:34.980,73.80971666666665,73
1142,2019-01-06T01:29:20.402,2019-01-21T05:17:13.866,2019-01-06T09:28:11.218+08:00,2019-01-21T13:16:04.682+08:00,UTC+08:00,UTC+08:00,21827.8910597567,21827,16,13,13:16:04.682,61.26796722222224,61
1143,2019-02-04T21:04:44.058,2019-02-19T15:54:43.721,2019-02-05T05:03:34.874+08:00,2019-02-19T23:53:34.537+08:00,UTC+08:00,UTC+08:00,21289.99438220957,21289,15,23,23:53:34.537,47.89292694444447,47
1144,2019-03-06T16:05:07.450,2019-03-21T01:44:00.749,2019-03-07T00:03:58.266+08:00,2019-03-21T09:42:51.565+08:00,UTC+08:00,UTC+08:00,20738.88831678888,20738,15,9,09:42:51.565,33.71432361111107,33
1145,2019-04-05T08:51:37.806,2019-04-19T11:13:19.387,2019-04-05T16:50:28.622+08:00,2019-04-19T19:12:10.203+08:00,UTC+08:00,UTC+08:00,20301.69301713273,20301,15,19,19:12:10.203,43.20283416666666,43
1146,2019-05-04T22:46:38.994,2019-05-18T21:12:30.262,2019-05-05T06:45:29.810+08:00,2019-05-19T05:11:21.078+08:00,UTC+08:00,UTC+08:00,20065.854472613275,20065,15,5,05:11:21.078,29.189188333333334,29
1147,2019-06-03T10:03:05.836,2019-06-17T08:31:48.862,2019-06-03T18:01:56.652+08:00,2019-06-17T16:30:39.678+08:00,UTC+08:00,UTC+08:00,20068.71710847032,20068,15,16,16:30:39.678,40.51102166666669,40
1148,2019-07-02T19:17:21.846,2019-07-16T21:39:22.258,2019-07-03T03:16:12.662+08:00,2019-07-17T05:38:13.074+08:00,UTC+08:00,UTC+08:00,20302.006858697707,20302,15,5,05:38:13.074,29.636965000000032,29
1149,2019-08-01T03:13:04.430,2019-08-15T12:30:24.435,2019-08-01T11:11:55.246+08:00,2019-08-15T20:29:15.251+08:00,UTC+08:00,UTC+08:00,20717.33341305513,20717,15,20,20:29:15.251,44.48756972222219,44
1150,2019-08-30T10:38:17.684,2019-09-14T04:33:55.083,2019-08-30T18:37:08.500+08:00,2019-09-14T12:32:45.899+08:00,UTC+08:00,UTC+08:00,21235.623315806497,21235,16,12,12:32:45.899,60.54608305555553,60
1151,2019-09-28T18:27:30.747,2019-10-13T21:09:01.414,2019-09-29T02:26:21.563+08:00,2019-10-14T05:07:52.230+08:00,UTC+08:00,UTC+08:00,21761.51112522668,21761,16,5,05:07:52.230,53.131174999999985,53
1152,2019-10-28T03:39:36.935,2019-11-12T13:35:33.297,2019-10-28T11:38:27.751+08:00,2019-11-12T21:34:24.113+08:00,UTC+08:00,UTC+08:00,22195.939366339408,22195,16,21,21:34:24.113,69.57336472222221,69
1153,2019-11-26T15:06:44.461,2019-12-12T05:13:25.105,2019-11-26T23:05:35.277+08:00,2019-12-12T13:12:15.921+08:00,UTC+08:00,UTC+08:00,22446.677402241807,22446,17,13,13:12:15.921,85.20442250000002,85
1154,2019-12-26T05:14:16.932,2020-01-10T19:22:27.494,2019-12-26T13:13:07.748+08:00,2020-01-11T03:21:18.310+08:00,UTC+08:00,UTC+08:00,22448.176035195225,22448,17,3,03:21:18.310,75.35508611111112,75
1155,2020-01-24T21:43:08.887,2020-02-09T07:34:26.055,2020-01-25T05:41:59.703+08:00,2020-02-09T15:33:16.871+08:00,UTC+08:00,UTC+08:00,22191.286129150438,22191,16,15,15:33:16.871,63.55468638888891,63
1156,2020-02-23T15:33:09.869,2020-03-09T17:48:53.796,2020-02-23T23:32:00.685+08:00,2020-03-10T01:47:44.612+08:00,UTC+08:00,UTC+08:00,21735.732122317582,21735,17,1,01:47:44.612,73.79572555555552,73
1157,2020-03-24T09:29:21.989,2020-04-08T02:36:14.382,2020-03-24T17:28:12.805+08:00,2020-04-08T10:35:05.198+08:00,UTC+08:00,UTC+08:00,21186.873206037508,21186,16,10,10:35:05.198,58.58477722222227,58
1158,2020-04-23T02:27:00.358,2020-05-07T10:46:22.653,2020-04-23T10:25:51.174+08:00,2020-05-07T18:45:13.469+08:00,UTC+08:00,UTC+08:00,20659.3715753158,20659,15,18,18:45:13.469,42.7537413888889,42
1159,2020-05-22T17:40:00.761,2020-06-05T19:13:32.578,2020-05-23T01:38:51.577+08:00,2020-06-06T03:12:23.394+08:00,UTC+08:00,UTC+08:00,20253.530277239097,20253,15,3,03:12:23.394,27.206498333333343,27
1160,2020-06-21T06:42:36.660,2020-07-05T04:45:33.876,2020-06-21T14:41:27.476+08:00,2020-07-05T12:44:24.692+08:00,UTC+08:00,UTC+08:00,20042.95359916745,20042,15,12,12:44:24.692,36.74019222222222,36
1161,2020-07-20T17:34:06.543,2020-08-03T15:59:55.221,2020-07-21T01:32:57.359+08:00,2020-08-03T23:58:46.037+08:00,UTC+08:00,UTC+08:00,20065.81128898715,20065,14,23,23:58:46.037,23.979454722222215,23
1162,2020-08-19T02:42:48.931,2020-09-02T05:23:13.684,2020-08-19T10:41:39.747+08:00,2020-09-02T13:22:04.500+08:00,UTC+08:00,UTC+08:00,20320.412548208515,20320,15,13,13:22:04.500,37.367916666666645,37
1163,2020-09-17T11:01:21.826,2020-10-01T21:06:25.066,2020-09-17T19:00:12.642+08:00,2020-10-02T05:05:15.882+08:00,UTC+08:00,UTC+08:00,20765.054008956668,20765,16,5,05:05:15.882,53.087744999999984,53
1164,2020-10-16T19:32:12.154,2020-10-31T14:50:18.409,2020-10-17T03:31:02.970+08:00,2020-10-31T22:49:09.225+08:00,UTC+08:00,UTC+08:00,21318.10424455023,21318,15,22,22:49:09.225,46.81922916666667,46
1165,2020-11-15T05:08:20.454,2020-11-30T09:30:50.267,2020-11-15T13:07:11.270+08:00,2020-11-30T17:29:41.083+08:00,UTC+08:00,UTC+08:00,21862.49687268481,21862,16,17,17:29:41.083,65.49474527777778,65
1166,2020-12-14T16:17:44.253,2020-12-30T03:29:21.907,2020-12-15T00:16:35.069+08:00,2020-12-30T11:28:12.723+08:00,UTC+08:00,UTC+08:00,22271.62757437942,22271,16,11,11:28:12.723,59.47020083333331,59
1167,2021-01-13T05:01:19.928,2021-01-28T19:17:23.281,2021-01-13T13:00:10.744+08:00,2021-01-29T03:16:14.097+08:00,UTC+08:00,UTC+08:00,22456.055867879713,22456,17,3,03:16:14.097,75.27058250000005,75
1168,2021-02-11T19:06:49.548,2021-02-27T08:18:29.392,2021-02-12T03:05:40.364+08:00,2021-02-27T16:17:20.208+08:00,UTC+08:00,UTC+08:00,22391.66406609749,22391,16,16,16:17:20.208,64.28894666666667,64
1169,2021-03-13T10:22:18.906,2021-03-28T18:49:20.083,2021-03-13T18:21:09.722+08:00,2021-03-29T02:48:10.899+08:00,UTC+08:00,UTC+08:00,22107.01962628923,22107,17,2,02:48:10.899,74.80302749999998,74
1170,2021-04-12T02:32:00.021,2021-04-27T03:32:42.047,2021-04-12T10:30:50.837+08:00,2021-04-27T11:31:32.863+08:00,UTC+08:00,UTC+08:00,21660.700438448548,21660,16,11,11:31:32.863,59.525795277777775,59
1171,2021-05-11T19:00:57.089,2021-05-26T11:15:02.220,2021-05-12T02:59:47.905+08:00,2021-05-26T19:13:53.036+08:00,UTC+08:00,UTC+08:00,21134.085517920037,21134,15,19,19:13:53.036,43.23139888888892,43
1172,2021-06-10T10:53:48.032,2021-06-24T18:40:51.086,2021-06-10T18:52:38.848+08:00,2021-06-25T02:39:41.902+08:00,UTC+08:00,UTC+08:00,20627.05089860737,20627,16,2,02:39:41.902,50.66163944444446,50
1173,2021-07-10T01:17:46.605,2021-07-24T02:38:03.750,2021-07-10T09:16:37.421+08:00,2021-07-24T10:36:54.566+08:00,UTC+08:00,UTC+08:00,20240.28575131766,20240,15,10,10:36:54.566,34.61515722222225,34
1174,2021-08-08T13:51:17.315,2021-08-22T12:03:07.379,2021-08-08T21:50:08.131+08:00,2021-08-22T20:01:58.195+08:00,UTC+08:00,UTC+08:00,20051.834402057357,20051,15,20,20:01:58.195,44.03283194444447,44
1175,2021-09-07T00:52:55.515,2021-09-20T23:55:51.634,2021-09-07T08:51:46.331+08:00,2021-09-21T07:54:42.450+08:00,UTC+08:00,UTC+08:00,20102.935325144936,20102,15,7,07:54:42.450,31.91179166666666,31
1176,2021-10-06T11:06:33.208,2021-10-20T14:57:50.710,2021-10-06T19:05:24.024+08:00,2021-10-20T22:56:41.526+08:00,UTC+08:00,UTC+08:00,20391.291689462487,20391,15,22,22:56:41.526,46.944868333333375,46
1177,2021-11-04T21:15:45.868,2021-11-19T08:58:37.169,2021-11-05T05:14:36.684+08:00,2021-11-19T16:57:27.985+08:00,UTC+08:00,UTC+08:00,20862.855021399664,20862,15,16,16:57:27.985,40.95777361111112,40
1178,2021-12-04T07:44:10.917,2021-12-19T04:36:40.092,2021-12-04T15:43:01.733+08:00,2021-12-19T12:35:30.908+08:00,UTC+08:00,UTC+08:00,21412.486247748424,21412,16,12,12:35:30.908,60.59191888888893,60
1179,2022-01-02T18:34:39.571,2022-01-17T23:49:35.565,2022-01-03T02:33:30.387+08:00,2022-01-18T07:48:26.381+08:00,UTC+08:00,UTC+08:00,21914.93324434352,21914,16,7,07:48:26.381,55.80732805555556,55
1180,2022-02-01T05:47:10.527,2022-02-16T16:57:40.597,2022-02-01T13:46:01.343+08:00,2022-02-17T00:56:31.413+08:00,UTC+08:00,UTC+08:00,22270.501172119308,22270,17,0,00:56:31.413,72.94205916666664,72
1181,2022-03-02T17:35:56.413,2022-03-18T07:18:44.274,2022-03-03T01:34:47.229+08:00,2022-03-18T15:17:35.090+08:00,UTC+08:00,UTC+08:00,22422.797678595,22422,16,15,15:17:35.090,63.293080555555605,63
1182,2022-04-01T06:25:34.300,2022-04-16T18:56:12.449,2022-04-01T14:24:25.116+08:00,2022-04-17T02:55:03.265+08:00,UTC+08:00,UTC+08:00,22350.635822518605,22350,17,2,02:55:03.265,74.9175736111111,74
1183,2022-04-30T20:29:15.075,2022-05-16T04:15:18.620,2022-05-01T04:28:05.891+08:00,2022-05-16T12:14:09.436+08:00,UTC+08:00,UTC+08:00,22066.05908720954,22066,16,12,12:14:09.436,60.23595444444442,60
1184,2022-05-30T11:31:26.548,2022-06-14T11:52:55.321,2022-05-30T19:30:17.364+08:00,2022-06-14T19:51:46.137+08:00,UTC+08:00,UTC+08:00,21621.47953686428,21621,16,19,19:51:46.137,67.86281583333334,67
1185,2022-06-29T02:53:25.893,2022-07-13T18:38:47.463,2022-06-29T10:52:16.709+08:00,2022-07-14T02:37:38.279+08:00,UTC+08:00,UTC+08:00,21105.359507290195,21105,16,2,02:37:38.279,50.62729972222223,50
1186,2022-07-28T17:56:11.282,2022-08-12T01:36:54.188,2022-07-29T01:55:02.098+08:00,2022-08-12T09:35:45.004+08:00,UTC+08:00,UTC+08:00,20620.715101972182,20620,15,9,09:35:45.004,33.59583444444445,33
1187,2022-08-27T08:18:17.354,2022-09-10T10:00:12.743,2022-08-27T16:17:08.170+08:00,2022-09-10T17:59:03.559+08:00,UTC+08:00,UTC+08:00,20261.923159573053,20261,15,17,17:59:03.559,41.98432194444439,41
1188,2022-09-25T21:55:43.386,2022-10-09T20:56:08.101,2022-09-26T05:54:34.202+08:00,2022-10-10T04:54:58.917+08:00,UTC+08:00,UTC+08:00,20100.4119053682,20100,15,4,04:54:58.917,28.916365833333316,28
1189,2022-10-25T10:49:51.649,2022-11-08T11:03:18.244,2022-10-25T18:48:42.465+08:00,2022-11-08T19:02:09.060+08:00,UTC+08:00,UTC+08:00,20173.44325080118,20173,15,19,19:02:09.060,43.03585000000004,43
1190,2022-11-23T22:58:23.085,2022-12-08T04:09:19.740,2022-11-24T06:57:13.901+08:00,2022-12-08T12:08:10.556+08:00,UTC+08:00,UTC+08:00,20470.944245413757,20470,15,12,12:08:10.556,36.13626555555561,36
1191,2022-12-23T10:18:02.014,2023-01-06T23:09:03.536,2022-12-23T18:16:52.830+08:00,2023-01-07T07:07:54.352+08:00,UTC+08:00,UTC+08:00,20931.02536240079,20931,16,7,07:07:54.352,55.13176444444446,55
1192,2023-01-21T20:54:24.451,2023-02-05T18:29:43.129,2023-01-22T04:53:15.267+08:00,2023-02-06T02:28:33.945+08:00,UTC+08:00,UTC+08:00,21455.31131218118,21455,16,2,02:28:33.945,50.476095833333375,50
1193,2023-02-20T07:06:59.719,2023-03-07T12:41:31.046,2023-02-20T15:05:50.535+08:00,2023-03-07T20:40:21.862+08:00,UTC+08:00,UTC+08:00,21934.522124663683,21934,16,20,20:40:21.862,68.67273944444446,68
1194,2023-03-21T17:24:17.865,2023-04-06T04:35:40.642,2023-03-22T01:23:08.681+08:00,2023-04-06T12:34:31.458+08:00,UTC+08:00,UTC+08:00,22271.379612653454,22271,16,12,12:34:31.458,60.575405000000046,60
1195,2023-04-20T04:13:41.204,2023-05-05T17:35:12.455,2023-04-20T12:12:32.020+08:00,2023-05-06T01:34:03.271+08:00,UTC+08:00,UTC+08:00,22401.520848816363,22401,17,1,01:34:03.271,73.56757527777779,73
1196,2023-05-19T15:54:25.744,2023-06-04T03:42:53.410,2023-05-19T23:53:16.560+08:00,2023-06-04T11:41:44.226+08:00,UTC+08:00,UTC+08:00,22308.461094746264,22308,17,11,11:41:44.226,83.69561833333336,83
1197,2023-06-18T04:38:18.311,2023-07-03T11:39:50.936,2023-06-18T12:37:09.127+08:00,2023-07-03T19:38:41.752+08:00,UTC+08:00,UTC+08:00,22021.54374714344,22021,16,19,19:38:41.752,67.64493111111113,67
1198,2023-07-17T18:32:59.367,2023-08-01T18:32:49.485,2023-07-18T02:31:50.183+08:00,2023-08-02T02:31:40.301+08:00,UTC+08:00,UTC+08:00,21599.835299470877,21599,16,2,02:31:40.301,50.52786138888888,50
1199,2023-08-16T09:39:20.429,2023-08-31T01:36:47.091,2023-08-16T17:38:11.245+08:00,2023-08-31T09:35:37.907+08:00,UTC+08:00,UTC+08:00,21117.444370916583,21117,16,9,09:35:37.907,57.593863055555516,57
1200,2023-09-15T01:40:57.855,2023-09-29T09:58:41.851,2023-09-15T09:39:48.671+08:00,2023-09-29T17:57:32.667+08:00,UTC+08:00,UTC+08:00,20657.733265152765,20657,15,17,17:57:32.667,41.95907416666665,41
1201,2023-10-14T17:56:18.371,2023-10-28T20:25:11.996,2023-10-15T01:55:09.187+08:00,2023-10-29T04:24:02.812+08:00,UTC+08:00,UTC+08:00,20308.89374541386,20308,15,4,04:24:02.812,28.400781111111087,28
1202,2023-11-13T09:28:33.357,2023-11-27T09:17:27.772,2023-11-13T17:27:24.173+08:00,2023-11-27T17:16:18.588+08:00,UTC+08:00,UTC+08:00,20148.906914828058,20148,15,17,17:16:18.588,41.27183000000002,41
1203,2023-12-12T23:33:11.309,2023-12-27T00:34:21.887,2023-12-13T07:32:02.125+08:00,2023-12-27T08:33:12.703+08:00,UTC+08:00,UTC+08:00,20221.176297813454,20221,15,8,08:33:12.703,32.55352861111112,32
1204,2024-01-11T11:58:33.748,2024-01-25T17:55:09.535,2024-01-11T19:57:24.564+08:00,2024-01-26T01:54:00.351+08:00,UTC+08:00,UTC+08:00,20516.59644485743,20516,16,1,01:54:00.351,49.900097500000015,49
1205,2024-02-09T23:00:20.046,2024-02-24T12:31:35.107,2024-02-10T06:59:10.862+08:00,2024-02-24T20:30:25.923+08:00,UTC+08:00,UTC+08:00,20971.251022227854,20971,15,20,20:30:25.923,44.50720083333334,44
1206,2024-03-10T09:01:35.468,2024-03-25T07:01:28.821,2024-03-10T17:00:26.284+08:00,2024-03-25T15:00:19.637+08:00,UTC+08:00,UTC+08:00,21479.88921913526,21479,16,15,15:00:19.637,63.005454722222225,63
1207,2024-04-08T18:22:00.731,2024-04-23T23:50:07.966,2024-04-09T02:20:51.547+08:00,2024-04-24T07:48:58.782+08:00,UTC+08:00,UTC+08:00,21928.12058690659,21928,16,7,07:48:58.782,55.81632833333333,55
1208,2024-05-08T03:23:05.285,2024-05-23T13:54:17.708,2024-05-08T11:21:56.101+08:00,2024-05-23T21:53:08.524+08:00,UTC+08:00,UTC+08:00,22231.207038702287,22231,16,21,21:53:08.524,69.88570111111113,69
1209,2024-06-06T12:38:53.478,2024-06-22T01:09:02.108,2024-06-06T20:37:44.294+08:00,2024-06-22T09:07:52.924+08:00,UTC+08:00,UTC+08:00,22350.143836491516,22350,17,9,09:07:52.924,81.13136777777783,81
1210,2024-07-05T22:58:33.377,2024-07-21T10:18:18.462,2024-07-06T06:57:24.193+08:00,2024-07-21T18:17:09.278+08:00,UTC+08:00,UTC+08:00,22279.751410024146,22279,16,18,18:17:09.278,66.28591055555552,66
1211,2024-08-04T11:14:12.962,2024-08-19T18:26:58.006,2024-08-04T19:13:03.778+08:00,2024-08-20T02:25:48.822+08:00,UTC+08:00,UTC+08:00,22032.75074644409,22032,17,2,02:25:48.822,74.43022833333333,74
1212,2024-09-03T01:56:44.552,2024-09-18T02:35:37.414,2024-09-03T09:55:35.368+08:00,2024-09-18T10:34:28.230+08:00,UTC+08:00,UTC+08:00,21638.88102299972,21638,16,10,10:34:28.230,58.57450833333331,58
1213,2024-10-02T18:50:26.033,2024-10-17T11:27:33.613,2024-10-03T02:49:16.849+08:00,2024-10-17T19:26:24.429+08:00,UTC+08:00,UTC+08:00,21157.12632466777,21157,15,19,19:26:24.429,43.44011916666665,43
1214,2024-11-01T12:48:17.774,2024-11-15T21:29:40.156,2024-11-01T20:47:08.590+08:00,2024-11-16T05:28:30.972+08:00,UTC+08:00,UTC+08:00,20681.373020694627,20681,16,5,05:28:30.972,53.47527000000002,53
1215,2024-12-01T06:22:34.483,2024-12-15T09:02:50.343,2024-12-01T14:21:25.299+08:00,2024-12-15T17:01:41.159+08:00,UTC+08:00,UTC+08:00,20320.264323906245,20320,15,17,17:01:41.159,41.02809972222224,41
1216,2024-12-30T22:27:57.103,2025-01-13T22:28:03.728,2024-12-31T06:26:47.919+08:00,2025-01-14T06:26:54.544+08:00,UTC+08:00,UTC+08:00,20160.110414195566,20160,15,6,06:26:54.544,30.448484444444432,30
1217,2025-01-29T12:37:08.089,2025-02-12T13:54:33.122,2025-01-29T20:35:58.905+08:00,2025-02-12T21:53:23.938+08:00,UTC+08:00,UTC+08:00,20237.41722532925,20237,15,21,21:53:23.938,45.88998277777779,45
1218,2025-02-28T00:45:58.703,2025-03-14T06:55:48.376,2025-02-28T08:44:49.519+08:00,2025-03-14T14:54:39.192+08:00,UTC+08:00,UTC+08:00,20529.827888711992,20529,15,14,14:54:39.192,38.91088666666667,38
1219,2025-03-29T10:58:59.103,2025-04-13T00:23:24.804,2025-03-29T18:57:49.919+08:00,2025-04-13T08:22:15.620+08:00,UTC+08:00,UTC+08:00,20964.428350748367,20964,16,8,08:22:15.620,56.3710055555556,56
1220,2025-04-27T19:32:18.456,2025-05-12T16:57:05.511,2025-04-28T03:31:09.272+08:00,2025-05-13T00:55:56.327+08:00,UTC+08:00,UTC+08:00,21444.78426025582,21444,16,0,00:55:56.327,48.932313055555596,48
1221,2025-05-27T03:03:30.237,2025-06-11T07:44:59.521,2025-05-27T11:02:21.053+08:00,2025-06-11T15:43:50.337+08:00,UTC+08:00,UTC+08:00,21881.48805405839,21881,16,15,15:43:50.337,63.730649166666694,63
1222,2025-06-25T10:32:46.273,2025-07-10T20:37:56.821,2025-06-25T18:31:37.089+08:00,2025-07-11T04:36:47.637+08:00,UTC+08:00,UTC+08:00,22205.175795185525,22205,17,4,04:36:47.637,76.61323250000004,76
1223,2025-07-24T19:12:21.233,2025-08-09T07:56:13.571,2025-07-25T03:11:12.049+08:00,2025-08-09T15:55:04.387+08:00,UTC+08:00,UTC+08:00,22363.872302862455,22363,16,15,15:55:04.387,63.91788527777783,63
1224,2025-08-23T06:07:42.197,2025-09-07T18:10:03.031,2025-08-23T14:06:33.013+08:00,2025-09-08T02:08:53.847+08:00,UTC+08:00,UTC+08:00,22322.347239507217,22322,17,2,02:08:53.847,74.14829083333336,74
1225,2025-09-21T19:55:17.044,2025-10-07T03:48:46.058,2025-09-22T03:54:07.860+08:00,2025-10-07T11:47:36.874+08:00,UTC+08:00,UTC+08:00,22073.483576459457,22073,16,11,11:47:36.874,59.79357611111112,59
1226,2025-10-21T12:26:19.618,2025-11-05T13:20:27.637,2025-10-21T20:25:10.434+08:00,2025-11-05T21:19:18.453+08:00,UTC+08:00,UTC+08:00,21654.133656897156,21654,16,21,21:19:18.453,69.32179250000002,69
1227,2025-11-20T06:48:25.279,2025-12-04T23:15:13.681,2025-11-20T14:47:16.095+08:00,2025-12-05T07:14:04.497+08:00,UTC+08:00,UTC+08:00,21146.8067078037,21146,16,7,07:14:04.497,55.23458249999999,55
1228,2025-12-20T01:44:29.929,2026-01-03T10:04:03.705,2025-12-20T09:43:20.745+08:00,2026-01-03T18:02:54.521+08:00,UTC+08:00,UTC+08:00,20659.562919221116,20659,15,18,18:02:54.521,42.04847805555556,42
1229,2026-01-18T19:53:08.104,2026-02-01T22:10:23.880,2026-01-19T03:51:58.920+08:00,2026-02-02T06:09:14.696+08:00,UTC+08:00,UTC+08:00,20297.26292341776,20297,15,6,06:09:14.696,30.1540822222222,30
1230,2026-02-17T12:02:18.250,2026-03-03T11:39:02.914,2026-02-17T20:01:09.066+08:00,2026-03-03T19:37:53.730+08:00,UTC+08:00,UTC+08:00,20136.744401770633,20136,15,19,19:37:53.730,43.63159166666668,43
1231,2026-03-19T01:24:37.911,2026-04-02T02:13:07.180,2026-03-19T09:23:28.727+08:00,2026-04-02T10:11:57.996+08:00,UTC+08:00,UTC+08:00,20208.487813097534,20208,15,10,10:11:57.996,34.19944333333336,34
1232,2026-04-17T11:52:57.422,2026-05-01T17:24:19.886,2026-04-17T19:51:48.238+08:00,2026-05-02T01:23:10.702+08:00,UTC+08:00,UTC+08:00,20491.37440081958,20491,16,1,01:23:10.702,49.38630611111114,49
1233,2026-05-16T20:02:11.982,2026-05-31T08:46:21.656,2026-05-17T04:01:02.798+08:00,2026-05-31T16:45:12.472+08:00,UTC+08:00,UTC+08:00,20924.161225249984,20924,15,16,16:45:12.472,40.75346444444449,40
1234,2026-06-15T02:55:19.298,2026-06-29T23:57:50.380,2026-06-15T10:54:10.114+08:00,2026-06-30T07:56:41.196+08:00,UTC+08:00,UTC+08:00,21422.518027124053,21422,16,7,07:56:41.196,55.944776666666655,55
1235,2026-07-14T09:44:46.113,2026-07-29T14:36:52.631,2026-07-14T17:43:36.929+08:00,2026-07-29T22:35:43.447+08:00,UTC+08:00,UTC+08:00,21892.10863316043,21892,16,22,22:35:43.447,70.5954019444444,70
1236,2026-08-12T17:37:54.171,2026-08-28T04:19:41.234,2026-08-13T01:36:44.987+08:00,2026-08-28T12:18:32.050+08:00,UTC+08:00,UTC+08:00,22241.784380825593,22241,16,12,12:18:32.050,60.3089027777778,60
1237,2026-09-11T03:28:09.110,2026-09-26T16:50:11.602,2026-09-11T11:26:59.926+08:00,2026-09-27T00:49:02.418+08:00,UTC+08:00,UTC+08:00,22402.041538563553,22402,17,0,00:49:02.418,72.81733833333334,72
1238,2026-10-10T15:51:14.253,2026-10-26T04:12:57.962,2026-10-10T23:50:05.069+08:00,2026-10-26T12:11:48.778+08:00,UTC+08:00,UTC+08:00,22341.72848202583,22341,17,12,12:11:48.778,84.19688277777777,84
1239,2026-11-09T07:03:16.103,2026-11-24T14:54:42.902,2026-11-09T15:02:06.919+08:00,2026-11-24T22:53:33.718+08:00,UTC+08:00,UTC+08:00,22071.446659453995,22071,16,22,22:53:33.718,70.89269944444447,70
1240,2026-12-09T00:53:00.294,2026-12-24T01:29:23.297,2026-12-09T08:51:51.110+08:00,2026-12-24T09:28:14.113+08:00,UTC+08:00,UTC+08:00,21636.383383218013,21636,16,9,09:28:14.113,57.47058694444439,57
1241,2027-01-07T20:25:32.414,2027-01-22T12:18:32.265,2027-01-08T04:24:23.230+08:00,2027-01-22T20:17:23.081+08:00,UTC+08:00,UTC+08:00,21112.99752447272,21112,15,20,20:17:23.081,44.289744722222224,44
1242,2027-02-06T15:57:16.437,2027-02-20T23:24:48.306,2027-02-06T23:56:07.253+08:00,2027-02-21T07:23:39.122+08:00,UTC+08:00,UTC+08:00,20607.531141966552,20607,16,7,07:23:39.122,55.39420055555553,55
1243,2027-03-08T09:30:38.169,2027-03-22T10:44:57.044,2027-03-08T17:29:28.985+08:00,2027-03-22T18:43:47.860+08:00,UTC+08:00,UTC+08:00,20234.314587959892,20234,15,18,18:43:47.860,42.72996111111115,42
1244,2027-04-06T23:52:18.920,2027-04-20T22:28:18.783,2027-04-07T07:51:09.736+08:00,2027-04-21T06:27:09.599+08:00,UTC+08:00,UTC+08:00,20075.997716322727,20075,15,6,06:27:09.599,30.452666388888872,30
1245,2027-05-06T10:59:47.271,2027-05-20T11:00:10.770,2027-05-06T18:58:38.087+08:00,2027-05-20T18:59:01.586+08:00,UTC+08:00,UTC+08:00,20160.39164662733,20160,15,18,18:59:01.586,42.983773888888834,42
1246,2027-06-04T19:41:30.301,2027-06-19T00:45:30.528,2027-06-05T03:40:21.117+08:00,2027-06-19T08:44:21.344+08:00,UTC+08:00,UTC+08:00,20464.003771306772,20464,15,8,08:44:21.344,32.73926222222224,32
1247,2027-07-04T03:03:14.477,2027-07-18T15:46:04.823,2027-07-04T11:02:05.293+08:00,2027-07-18T23:44:55.639+08:00,provisional_UTC+08:00,provisional_UTC+08:00,20922.83910416827,20922,15,23,23:44:55.639,47.74878861111108,47
1248,2027-08-02T10:06:23.576,2027-08-17T07:29:50.906,2027-08-02T18:05:14.392+08:00,2027-08-17T15:28:41.722+08:00,provisional_UTC+08:00,provisional_UTC+08:00,21443.45549143489,21443,16,15,15:28:41.722,63.478256111111136,63
1249,2027-08-31T17:42:20.449,2027-09-15T23:04:40.710,2027-09-01T01:41:11.265+08:00,2027-09-16T07:03:31.526+08:00,provisional_UTC+08:00,provisional_UTC+08:00,21922.33767300122,21922,16,7,07:03:31.526,55.058757222222255,55
1250,2027-09-30T02:37:14.183,2027-10-15T13:48:09.800,2027-09-30T10:36:04.999+08:00,2027-10-15T21:47:00.616+08:00,provisional_UTC+08:00,provisional_UTC+08:00,22270.92695819172,22270,16,21,21:47:00.616,69.78350444444442,69
1251,2027-10-29T13:37:43.368,2027-11-14T03:27:05.141,2027-10-29T21:36:34.184+08:00,2027-11-14T11:25:55.957+08:00,provisional_UTC+08:00,provisional_UTC+08:00,22429.362882303667,22429,17,11,11:25:55.957,83.43221027777776,83
1252,2027-11-28T03:25:35.690,2027-12-13T16:09:57.194,2027-11-28T11:24:26.506+08:00,2027-12-14T00:08:48.010+08:00,provisional_UTC+08:00,provisional_UTC+08:00,22364.358398758268,22364,17,0,00:08:48.010,72.14666944444446,72
1253,2027-12-27T20:13:29.017,2028-01-12T04:04:14.402,2027-12-28T04:12:19.833+08:00,2028-01-12T12:03:05.218+08:00,provisional_UTC+08:00,provisional_UTC+08:00,22070.75641362392,22070,16,12,12:03:05.218,60.05144944444447,60
1254,2028-01-26T15:13:40.229,2028-02-10T15:04:55.525,2028-01-26T23:12:31.045+08:00,2028-02-10T23:03:46.341+08:00,provisional_UTC+08:00,provisional_UTC+08:00,21591.25494663355,21591,16,23,23:03:46.341,71.06287250000003,71
1255,2028-02-25T10:38:34.525,2028-03-11T01:07:14.409,2028-02-25T18:37:25.341+08:00,2028-03-11T09:06:05.225+08:00,provisional_UTC+08:00,provisional_UTC+08:00,21028.664725622082,21028,16,9,09:06:05.225,57.101451388888904,57
1256,2028-03-26T04:32:28.796,2028-04-09T10:27:46.990,2028-03-26T12:31:19.612+08:00,2028-04-09T18:26:37.806+08:00,provisional_UTC+08:00,provisional_UTC+08:00,20515.30321956494,20515,15,18,18:26:37.806,42.443835000000036,42
1257,2028-04-24T19:48:05.636,2028-05-08T19:50:05.996,2028-04-25T03:46:56.452+08:00,2028-05-09T03:48:56.812+08:00,provisional_UTC+08:00,provisional_UTC+08:00,20162.006001455247,20162,15,3,03:48:56.812,27.815781111111107,27
1258,2028-05-24T08:17:28.424,2028-06-07T06:09:58.470,2028-05-24T16:16:19.240+08:00,2028-06-07T14:08:49.286+08:00,provisional_UTC+08:00,provisional_UTC+08:00,20032.500760763196,20032,15,14,14:08:49.286,38.147023888888896,38
1259,2028-06-22T18:28:42.806,2028-07-06T18:11:58.565,2028-06-23T02:27:33.622+08:00,2028-07-07T02:10:49.381+08:00,provisional_UTC+08:00,provisional_UTC+08:00,20143.26265376132,20143,15,2,02:10:49.381,26.180383611111154,26
1260,2028-07-22T03:02:52.355,2028-08-05T08:10:58.784,2028-07-22T11:01:43.171+08:00,2028-08-05T16:09:49.600+08:00,provisional_UTC+08:00,provisional_UTC+08:00,20468.10715480031,20468,15,16,16:09:49.600,40.163777777777796,40
1261,2028-08-20T10:45:00.928,2028-09-03T23:48:45.168,2028-08-20T18:43:51.744+08:00,2028-09-04T07:47:35.984+08:00,provisional_UTC+08:00,provisional_UTC+08:00,20943.73733294842,20943,16,7,07:47:35.984,55.79332888888888,55
1262,2028-09-18T18:24:54.873,2028-10-03T16:26:08.907,2028-09-19T02:23:45.689+08:00,2028-10-04T00:24:59.723+08:00,provisional_UTC+08:00,provisional_UTC+08:00,21481.233897712864,21481,16,0,00:24:59.723,48.41658972222223,48
1263,2028-10-18T02:57:58.310,2028-11-02T09:18:31.090,2028-10-18T10:56:49.126+08:00,2028-11-02T17:17:21.906+08:00,provisional_UTC+08:00,provisional_UTC+08:00,21980.5463307195,21980,16,17,17:17:21.906,65.28941833333334,65
1264,2028-11-16T13:19:11.362,2028-12-02T01:41:23.887,2028-11-16T21:18:02.178+08:00,2028-12-02T09:40:14.703+08:00,provisional_UTC+08:00,provisional_UTC+08:00,22342.20874114323,22342,17,9,09:40:14.703,81.67075083333333,81
1265,2028-12-16T02:07:29.031,2028-12-31T16:49:40.923,2028-12-16T10:06:19.847+08:00,2029-01-01T00:48:31.739+08:00,provisional_UTC+08:00,provisional_UTC+08:00,22482.198191591415,22482,17,0,00:48:31.739,72.80881638888889,72
1266,2029-01-14T17:25:40.575,2029-01-30T06:04:46.866,2029-01-15T01:24:31.391+08:00,2029-01-30T14:03:37.682+08:00,provisional_UTC+08:00,provisional_UTC+08:00,22359.104849739084,22359,16,14,14:03:37.682,62.06046722222226,62
1267,2029-02-13T10:32:40.860,2029-02-28T17:11:24.973,2029-02-13T18:31:31.676+08:00,2029-03-01T01:10:15.789+08:00,provisional_UTC+08:00,provisional_UTC+08:00,21998.73521644563,21998,17,1,01:10:15.789,73.17105250000003,73
1268,2029-03-15T04:20:24.967,2029-03-30T02:27:34.409,2029-03-15T12:19:15.783+08:00,2029-03-30T10:26:25.225+08:00,provisional_UTC+08:00,provisional_UTC+08:00,21487.15736381118,21487,16,10,10:26:25.225,58.44034027777781,58
1269,2029-04-13T21:41:20.379,2029-04-28T10:37:58.016,2029-04-14T05:40:11.195+08:00,2029-04-28T18:36:48.832+08:00,provisional_UTC+08:00,provisional_UTC+08:00,20936.62728281296,20936,15,18,18:36:48.832,42.61356444444442,42
1270,2029-05-13T13:43:18.677,2029-05-27T18:38:40.119,2029-05-13T21:42:09.493+08:00,2029-05-28T02:37:30.935+08:00,provisional_UTC+08:00,provisional_UTC+08:00,20455.357367902034,20455,16,2,02:37:30.935,50.62525972222221,50
1271,2029-06-12T03:51:42.601,2029-06-26T03:23:30.430,2029-06-12T11:50:33.417+08:00,2029-06-26T11:22:21.246+08:00,provisional_UTC+08:00,provisional_UTC+08:00,20131.79715025318,20131,15,11,11:22:21.246,35.372568333333334,35
1272,2029-07-11T15:52:13.505,2029-07-25T13:36:55.329,2029-07-11T23:51:04.321+08:00,2029-07-25T21:35:46.145+08:00,provisional_UTC+08:00,provisional_UTC+08:00,20024.697072965355,20024,15,21,21:35:46.145,45.59615138888887,45
1273,2029-08-10T01:56:57.046,2029-08-24T01:52:23.372,2029-08-10T09:55:47.862+08:00,2029-08-24T09:51:14.188+08:00,provisional_UTC+08:00,provisional_UTC+08:00,20155.4387717415,20155,15,9,09:51:14.188,33.85394111111111,33
1274,2029-09-08T10:45:32.725,2029-09-22T16:30:28.479,2029-09-08T18:44:23.541+08:00,2029-09-23T00:29:19.295+08:00,provisional_UTC+08:00,provisional_UTC+08:00,20504.92922569085,20504,16,0,00:29:19.295,48.48869305555553,48
1275,2029-10-07T19:15:43.097,2029-10-22T09:28:44.104,2029-10-08T03:14:33.913+08:00,2029-10-22T17:27:34.920+08:00,provisional_UTC+08:00,provisional_UTC+08:00,21013.01677000898,21013,15,17,17:27:34.920,41.4597,41
1276,2029-11-06T04:25:17.313,2029-11-21T04:04:07.925,2029-11-06T12:24:08.129+08:00,2029-11-21T12:02:58.741+08:00,provisional_UTC+08:00,provisional_UTC+08:00,21578.843523568823,21578,16,12,12:02:58.741,60.049650277777744,60
1277,2029-12-05T14:53:17.656,2029-12-20T22:47:40.683,2029-12-05T22:52:08.472+08:00,2029-12-21T06:46:31.499+08:00,provisional_UTC+08:00,provisional_UTC+08:00,22074.38378487042,22074,17,6,06:46:31.499,78.77541638888891,78
1278,2030-01-04T02:50:43.301,2030-01-19T15:55:31.937,2030-01-04T10:49:34.117+08:00,2030-01-19T23:54:22.753+08:00,provisional_UTC+08:00,provisional_UTC+08:00,22384.81061014508,22384,16,23,23:54:22.753,71.90632027777781,71
1279,2030-02-02T16:08:40.900,2030-02-18T06:20:58.855,2030-02-03T00:07:31.716+08:00,2030-02-18T14:19:49.671+08:00,provisional_UTC+08:00,provisional_UTC+08:00,22452.299265870603,22452,16,14,14:19:49.671,62.33046416666667,62
1280,2030-03-04T06:35:50.111,2030-03-19T17:57:39.729,2030-03-04T14:34:40.927+08:00,2030-03-20T01:56:30.545+08:00,provisional_UTC+08:00,provisional_UTC+08:00,22281.826955735836,22281,17,1,01:56:30.545,73.94181805555553,73
1281,2030-04-02T22:03:42.558,2030-04-18T03:21:11.507,2030-04-03T06:02:33.374+08:00,2030-04-18T11:20:02.323+08:00,provisional_UTC+08:00,provisional_UTC+08:00,21917.48248679786,21917,16,11,11:20:02.323,59.33397861111115,59
1282,2030-05-02T14:13:19.244,2030-05-17T11:20:18.863,2030-05-02T22:12:10.060+08:00,2030-05-17T19:19:09.679+08:00,provisional_UTC+08:00,provisional_UTC+08:00,21426.993651981327,21426,16,19,19:19:09.679,67.31935527777779,67
1283,2030-06-01T06:22:30.700,2030-06-15T18:42:10.597,2030-06-01T14:21:21.516+08:00,2030-06-16T02:41:01.413+08:00,provisional_UTC+08:00,provisional_UTC+08:00,20899.664947834026,20899,16,2,02:41:01.413,50.68372583333331,50
1284,2030-06-30T21:35:38.717,2030-07-15T02:13:09.427,2030-07-01T05:34:29.533+08:00,2030-07-15T10:12:00.243+08:00,provisional_UTC+08:00,provisional_UTC+08:00,20437.51182775044,20437,15,10,10:12:00.243,34.20006749999999,34
1285,2030-07-30T11:12:10.135,2030-08-13T10:45:34.240,2030-07-30T19:11:00.951+08:00,2030-08-13T18:44:25.056+08:00,provisional_UTC+08:00,provisional_UTC+08:00,20133.401752218615,20133,15,18,18:44:25.056,42.74029333333334,42
1286,2030-08-28T23:08:32.001,2030-09-11T21:19:05.827,2030-08-29T07:07:22.817+08:00,2030-09-12T05:17:56.643+08:00,provisional_UTC+08:00,provisional_UTC+08:00,20050.563776943,20050,15,5,05:17:56.643,29.29906749999998,29
1287,2030-09-27T09:55:50.863,2030-10-11T10:48:00.913,2030-09-27T17:54:41.679+08:00,2030-10-11T18:46:51.729+08:00,provisional_UTC+08:00,provisional_UTC+08:00,20212.167501941876,20212,15,18,18:46:51.729,42.78103583333336,42
1288,2030-10-26T20:18:09.747,2030-11-10T03:31:28.216,2030-10-27T04:17:00.563+08:00,2030-11-10T11:30:19.032+08:00,provisional_UTC+08:00,provisional_UTC+08:00,20593.307829866917,20593,15,11,11:30:19.032,35.50528666666662,35
1289,2030-11-25T06:47:39.239,2030-12-09T22:41:37.477,2030-11-25T14:46:30.055+08:00,2030-12-10T06:40:28.293+08:00,provisional_UTC+08:00,provisional_UTC+08:00,21113.970633929897,21113,16,6,06:40:28.293,54.67452583333335,54
1290,2030-12-24T17:33:23.506,2031-01-08T18:27:00.261,2030-12-25T01:32:14.322+08:00,2031-01-09T02:25:51.077+08:00,provisional_UTC+08:00,provisional_UTC+08:00,21653.61259368153,21653,16,2,02:25:51.077,50.43085472222225,50
1291,2031-01-23T04:32:10.206,2031-02-07T12:47:22.811,2031-01-23T12:31:01.022+08:00,2031-02-07T20:46:13.627+08:00,provisional_UTC+08:00,provisional_UTC+08:00,22095.21008362242,22095,16,20,20:46:13.627,68.77045194444446,68
1292,2031-02-21T15:50:01.785,2031-03-09T04:30:49.297,2031-02-21T23:48:52.601+08:00,2031-03-09T12:29:40.113+08:00,provisional_UTC+08:00,provisional_UTC+08:00,22360.791870861594,22360,17,12,12:29:40.113,84.4944758333333,84
1293,2031-03-23T03:50:15.752,2031-04-07T17:22:29.704,2031-03-23T11:49:06.568+08:00,2031-04-08T01:21:20.520+08:00,provisional_UTC+08:00,provisional_UTC+08:00,22412.232532885155,22412,17,1,01:21:20.520,73.35570000000001,73
1294,2031-04-21T16:58:15.394,2031-05-07T03:41:02.869,2031-04-22T00:57:06.210+08:00,2031-05-07T11:39:53.685+08:00,provisional_UTC+08:00,provisional_UTC+08:00,22242.79125183275,22242,16,11,11:39:53.685,59.664912500000014,59
1295,2031-05-21T07:18:22.931,2031-06-05T11:59:42.366,2031-05-21T15:17:13.747+08:00,2031-06-05T19:58:33.182+08:00,provisional_UTC+08:00,provisional_UTC+08:00,21881.32391999908,21881,16,19,19:58:33.182,67.97588388888892,67
1296,2031-06-19T22:25:52.282,2031-07-04T19:02:32.133,2031-06-20T06:24:43.098+08:00,2031-07-05T03:01:22.949+08:00,provisional_UTC+08:00,provisional_UTC+08:00,21396.664181132637,21396,16,3,03:01:22.949,51.023041388888885,51
1297,2031-07-19T13:41:25.171,2031-08-03T01:46:47.238,2031-07-19T21:40:15.987+08:00,2031-08-03T09:45:38.054+08:00,provisional_UTC+08:00,provisional_UTC+08:00,20885.36777434043,20885,16,9,09:45:38.054,57.760570555555546,57
1298,2031-08-18T04:33:28.388,2031-09-01T09:21:41.634,2031-08-18T12:32:19.204+08:00,2031-09-01T17:20:32.450+08:00,provisional_UTC+08:00,provisional_UTC+08:00,20448.22076949331,20448,15,17,17:20:32.450,41.3423472222222,41
1299,2031-09-16T18:48:03.780,2031-09-30T18:59:02.353,2031-09-17T02:46:54.596+08:00,2031-10-01T02:57:53.169+08:00,provisional_UTC+08:00,provisional_UTC+08:00,20170.97622336829,20170,15,2,02:57:53.169,26.964769166666656,26
1300,2031-10-16T08:21:54.409,2031-10-30T07:33:52.487,2031-10-16T16:20:45.225+08:00,2031-10-30T15:32:43.303+08:00,provisional_UTC+08:00,provisional_UTC+08:00,20111.96795897551,20111,15,15,15:32:43.303,39.54536194444444,39
1301,2031-11-14T21:10:47.682,2031-11-28T23:19:38.184,2031-11-15T05:09:38.498+08:00,2031-11-29T07:18:29.000+08:00,provisional_UTC+08:00,provisional_UTC+08:00,20288.84170155764,20288,15,7,07:18:29.000,31.30805555555554,31
1302,2031-12-14T09:06:58.808,2031-12-28T17:34:11.500,2031-12-14T17:05:49.624+08:00,2031-12-29T01:33:02.316+08:00,provisional_UTC+08:00,provisional_UTC+08:00,20667.211532237787,20667,16,1,01:33:02.316,49.55064333333337,49
1303,2032-01-12T20:07:53.241,2032-01-27T12:53:40.243,2032-01-13T04:06:44.057+08:00,2032-01-27T20:52:31.059+08:00,provisional_UTC+08:00,provisional_UTC+08:00,21165.783377259366,21165,15,20,20:52:31.059,44.87529416666666,44
1304,2032-02-11T06:25:26.145,2032-02-26T07:44:25.092,2032-02-11T14:24:16.961+08:00,2032-02-26T15:43:15.908+08:00,provisional_UTC+08:00,provisional_UTC+08:00,21678.98245654166,21678,16,15,15:43:15.908,63.72108555555559,63
1305,2032-03-11T16:25:50.925,2032-03-27T00:47:29.189,2032-03-12T00:24:41.741+08:00,2032-03-27T08:46:20.005+08:00,provisional_UTC+08:00,provisional_UTC+08:00,22101.637742831717,22101,16,8,08:46:20.005,56.77222361111109,56
1306,2032-04-10T02:40:40.886,2032-04-25T15:10:51.461,2032-04-10T10:39:31.702+08:00,2032-04-25T23:09:42.277+08:00,provisional_UTC+08:00,provisional_UTC+08:00,22350.176253555073,22350,16,23,23:09:42.277,71.16174361111109,71
1307,2032-05-09T13:36:54.551,2032-05-25T02:38:24.422,2032-05-09T21:35:45.367+08:00,2032-05-25T10:37:15.238+08:00,provisional_UTC+08:00,provisional_UTC+08:00,22381.497848741667,22381,17,10,10:37:15.238,82.62089944444443,82
1308,2032-06-08T01:33:16.873,2032-06-23T11:33:43.478,2032-06-08T09:32:07.689+08:00,2032-06-23T19:32:34.294+08:00,provisional_UTC+08:00,provisional_UTC+08:00,22200.44341608729,22200,16,19,19:32:34.294,67.54285944444445,67
1309,2032-07-07T14:42:42.022,2032-07-22T18:52:45.063,2032-07-07T22:41:32.838+08:00,2032-07-23T02:51:35.879+08:00,provisional_UTC+08:00,provisional_UTC+08:00,21850.050683644666,21850,17,2,02:51:35.879,74.85996638888889,74
1310,2032-08-06T05:12:43.420,2032-08-21T01:48:02.212,2032-08-06T13:11:34.236+08:00,2032-08-21T09:46:53.028+08:00,provisional_UTC+08:00,provisional_UTC+08:00,21395.313196272982,21395,16,9,09:46:53.028,57.78139666666664,57
1311,2032-09-04T20:57:48.275,2032-09-19T09:31:26.839,2032-09-05T04:56:39.091+08:00,2032-09-19T17:30:17.655+08:00,provisional_UTC+08:00,provisional_UTC+08:00,20913.642720417647,20913,15,17,17:30:17.655,41.50490416666668,41
1312,2032-10-04T13:27:32.936,2032-10-18T18:59:18.831,2032-10-04T21:26:23.752+08:00,2032-10-19T02:58:09.647+08:00,provisional_UTC+08:00,provisional_UTC+08:00,20491.764931468206,20491,16,2,02:58:09.647,50.96934638888894,50
1313,2032-11-03T05:46:07.474,2032-11-17T06:43:14.094,2032-11-03T13:44:58.290+08:00,2032-11-17T14:42:04.910+08:00,provisional_UTC+08:00,provisional_UTC+08:00,20217.110347927137,20217,15,14,14:42:04.910,38.701363888888864,38
1314,2032-12-02T20:54:03.087,2032-12-16T20:50:10.928,2032-12-03T04:52:53.903+08:00,2032-12-17T04:49:01.744+08:00,provisional_UTC+08:00,provisional_UTC+08:00,20156.130691449212,20156,15,4,04:49:01.744,28.817151111111116,28
1315,2033-01-01T10:18:12.217,2033-01-15T13:08:17.550,2033-01-01T18:17:03.033+08:00,2033-01-15T21:07:08.366+08:00,provisional_UTC+08:00,provisional_UTC+08:00,20330.08887096062,20330,15,21,21:07:08.366,45.11899055555551,45
1316,2033-01-30T22:01:02.811,2033-02-14T07:05:23.173,2033-01-31T05:59:53.627+08:00,2033-02-14T15:04:13.989+08:00,provisional_UTC+08:00,provisional_UTC+08:00,20704.33936710363,20704,15,15,15:04:13.989,39.07055250000002,39
1317,2033-03-01T08:24:42.893,2033-03-16T01:38:36.149,2033-03-01T16:23:33.709+08:00,2033-03-16T09:37:26.965+08:00,provisional_UTC+08:00,provisional_UTC+08:00,21193.887605561264,21193,16,9,09:37:26.965,57.62415694444445,57
1318,2033-03-30T17:52:49.344,2033-04-14T19:18:33.796,2033-03-31T01:51:40.160+08:00,2033-04-15T03:17:24.612+08:00,provisional_UTC+08:00,provisional_UTC+08:00,21685.740859431928,21685,16,3,03:17:24.612,51.29016999999999,51
1319,2033-04-29T02:47:21.837,2033-05-14T10:43:54.438,2033-04-29T10:46:12.653+08:00,2033-05-14T18:42:45.254+08:00,provisional_UTC+08:00,provisional_UTC+08:00,22076.54335031846,22076,16,18,18:42:45.254,66.71257055555554,66
1320,2033-05-28T11:37:43.483,2033-06-12T23:20:23.974,2033-05-28T19:36:34.299+08:00,2033-06-13T07:19:14.790+08:00,provisional_UTC+08:00,provisional_UTC+08:00,22302.674851636213,22302,17,7,07:19:14.790,79.32077500000003,79
1321,2033-06-26T21:08:13.985,2033-07-12T09:29:45.893,2033-06-27T05:07:04.801+08:00,2033-07-12T17:28:36.709+08:00,provisional_UTC+08:00,provisional_UTC+08:00,22341.531802856945,22341,16,17,17:28:36.709,65.47686361111113,65
1322,2033-07-26T08:13:45.441,2033-08-10T18:08:53.623,2033-07-26T16:12:36.257+08:00,2033-08-11T02:07:44.439+08:00,provisional_UTC+08:00,provisional_UTC+08:00,22195.136365041515,22195,17,2,02:07:44.439,74.12901083333333,74
1323,2033-08-24T21:40:59.493,2033-09-09T02:21:45.258,2033-08-25T05:39:50.309+08:00,2033-09-09T10:20:36.074+08:00,provisional_UTC+08:00,provisional_UTC+08:00,21880.7627462693,21880,16,10,10:20:36.074,58.343353888888885,58
1324,2033-09-23T13:40:57.521,2033-10-08T10:59:19.454,2033-09-23T21:39:48.337+08:00,2033-10-08T18:58:10.270+08:00,provisional_UTC+08:00,provisional_UTC+08:00,21438.365564289725,21438,16,18,18:58:10.270,66.96951944444447,66
1325,2033-10-23T07:29:36.157,2033-11-06T20:33:16.585,2033-10-23T15:28:26.973+08:00,2033-11-07T04:32:07.401+08:00,provisional_UTC+08:00,provisional_UTC+08:00,20943.673800625493,20943,16,4,04:32:07.401,52.535389166666675,52
1326,2033-11-22T01:40:18.005,2033-12-06T07:23:15.500,2033-11-22T09:39:08.821+08:00,2033-12-06T15:22:06.316+08:00,provisional_UTC+08:00,provisional_UTC+08:00,20502.958240481497,20502,15,15,15:22:06.316,39.36842111111116,39
1327,2033-12-21T18:47:39.522,2034-01-04T19:48:17.547,2033-12-22T02:46:30.338+08:00,2034-01-05T03:47:08.363+08:00,provisional_UTC+08:00,provisional_UTC+08:00,20220.633744154773,20220,15,3,03:47:08.363,27.785656388888867,27
1328,2034-01-20T10:02:43.666,2034-02-03T10:05:43.631,2034-01-20T18:01:34.482+08:00,2034-02-03T18:04:34.447+08:00,provisional_UTC+08:00,provisional_UTC+08:00,20162.99941692688,20162,15,18,18:04:34.447,42.076235277777755,42
1329,2034-02-18T23:11:26.285,2034-03-05T02:11:20.409,2034-02-19T07:10:17.101+08:00,2034-03-05T10:10:11.225+08:00,provisional_UTC+08:00,provisional_UTC+08:00,20339.90206457337,20339,15,10,10:10:11.225,34.16978472222223,34
1330,2034-03-20T10:15:45.362,2034-04-03T19:20:03.848,2034-03-20T18:14:36.178+08:00,2034-04-04T03:18:54.664+08:00,provisional_UTC+08:00,provisional_UTC+08:00,20704.30810245701,20704,16,3,03:18:54.664,51.31518444444447,51
1331,2034-04-18T19:27:04.509,2034-05-03T12:16:53.120,2034-04-19T03:25:55.325+08:00,2034-05-03T20:15:43.936+08:00,provisional_UTC+08:00,provisional_UTC+08:00,21169.810178374566,21169,15,20,20:15:43.936,44.26220444444442,44
1332,2034-05-18T03:13:45.899,2034-06-02T03:55:11.182,2034-05-18T11:12:36.715+08:00,2034-06-02T11:54:01.998+08:00,provisional_UTC+08:00,provisional_UTC+08:00,21641.42137690438,21641,16,11,11:54:01.998,59.900555,59
1333,2034-06-16T10:27:07.280,2034-07-01T17:45:43.877,2034-06-16T18:25:58.096+08:00,2034-07-02T01:44:34.693+08:00,provisional_UTC+08:00,provisional_UTC+08:00,22038.609954623535,22038,17,1,01:44:34.693,73.74297027777777,73
1334,2034-07-15T18:16:26.976,2034-07-31T05:55:41.000,2034-07-16T02:15:17.792+08:00,2034-07-31T13:54:31.816+08:00,provisional_UTC+08:00,provisional_UTC+08:00,22299.233734453082,22299,16,13,13:54:31.816,61.90883777777782,61
1335,2034-08-14T03:54:14.522,2034-08-29T16:50:28.337,2034-08-14T11:53:05.338+08:00,2034-08-30T00:49:19.153+08:00,provisional_UTC+08:00,provisional_UTC+08:00,22376.23025730767,22376,17,0,00:49:19.153,72.8219869444444,72
1336,2034-09-12T16:14:59.589,2034-09-28T02:58:00.531,2034-09-13T00:13:50.405+08:00,2034-09-28T10:56:51.347+08:00,provisional_UTC+08:00,provisional_UTC+08:00,22243.01570638585,22243,16,10,10:56:51.347,58.94759638888888,58
1337,2034-10-12T07:33:50.600,2034-10-27T12:43:41.548,2034-10-12T15:32:41.416+08:00,2034-10-27T20:42:32.364+08:00,provisional_UTC+08:00,provisional_UTC+08:00,21909.84914330651,21909,16,20,20:42:32.364,68.70899000000003,68
1338,2034-11-11T01:17:25.219,2034-11-25T22:33:21.523,2034-11-11T09:16:16.035+08:00,2034-11-26T06:32:12.339+08:00,provisional_UTC+08:00,provisional_UTC+08:00,21435.938404740147,21435,16,6,06:32:12.339,54.53676083333329,54
1339,2034-12-10T20:15:36.099,2034-12-25T08:55:40.395,2034-12-11T04:14:26.915+08:00,2034-12-25T16:54:31.211+08:00,provisional_UTC+08:00,provisional_UTC+08:00,20920.07159606691,20920,15,16,16:54:31.211,40.908669722222214,40
1340,2035-01-09T15:04:17.348,2035-01-23T20:17:47.193,2035-01-09T23:03:08.164+08:00,2035-01-24T04:16:38.009+08:00,provisional_UTC+08:00,provisional_UTC+08:00,20473.497403951755,20473,16,4,04:16:38.009,52.27722472222223,52
1341,2035-02-08T08:23:19.520,2035-02-22T08:55:06.560,2035-02-08T16:22:10.336+08:00,2035-02-22T16:53:57.376+08:00,provisional_UTC+08:00,provisional_UTC+08:00,20191.784008754585,20191,15,16,16:53:57.376,40.89927111111109,40
1342,2035-03-09T23:10:39.461,2035-03-23T22:43:19.033,2035-03-10T07:09:30.277+08:00,2035-03-24T06:42:09.849+08:00,provisional_UTC+08:00,provisional_UTC+08:00,20132.659531642916,20132,15,6,06:42:09.849,30.702735833333293,30
1343,2035-04-08T10:58:59.625,2035-04-22T13:21:56.249,2035-04-08T18:57:50.441+08:00,2035-04-22T21:20:47.065+08:00,provisional_UTC+08:00,provisional_UTC+08:00,20302.943720371848,20302,15,21,21:20:47.065,45.346406944444425,45
1344,2035-05-07T20:05:05.492,2035-05-22T04:26:59.028,2035-05-08T04:03:56.308+08:00,2035-05-22T12:25:49.844+08:00,provisional_UTC+08:00,provisional_UTC+08:00,20661.892263437494,20661,15,12,12:25:49.844,36.430512222222205,36
1345,2035-06-06T03:21:54.633,2035-06-20T19:38:40.414,2035-06-06T11:20:45.449+08:00,2035-06-21T03:37:31.230+08:00,provisional_UTC+08:00,provisional_UTC+08:00,21136.763020119033,21136,16,3,03:37:31.230,51.62534166666666,51
1346,2035-07-05T10:00:31.079,2035-07-20T10:38:03.452,2035-07-05T17:59:21.895+08:00,2035-07-20T18:36:54.268+08:00,provisional_UTC+08:00,provisional_UTC+08:00,21637.539545580257,21637,16,18,18:36:54.268,66.61507444444442,66
1347,2035-08-03T17:13:00.343,2035-08-19T01:01:29.782,2035-08-04T01:11:51.159+08:00,2035-08-19T09:00:20.598+08:00,provisional_UTC+08:00,provisional_UTC+08:00,22068.490655082842,22068,16,9,09:00:20.598,57.00572166666666,57
1348,2035-09-02T02:00:44.066,2035-09-17T14:24:43.490,2035-09-02T09:59:34.882+08:00,2035-09-17T22:23:34.306+08:00,provisional_UTC+08:00,provisional_UTC+08:00,22343.9903991772,22343,16,22,22:23:34.306,70.3928627777778,70
1349,2035-10-01T13:08:00.497,2035-10-17T02:36:45.294,2035-10-01T21:06:51.313+08:00,2035-10-17T10:35:36.110+08:00,provisional_UTC+08:00,provisional_UTC+08:00,22408.746610155704,22408,17,10,10:35:36.110,82.59336388888892,82
1350,2035-10-31T02:59:54.113,2035-11-15T13:50:04.843,2035-10-31T10:58:44.929+08:00,2035-11-15T21:48:55.659+08:00,provisional_UTC+08:00,provisional_UTC+08:00,22250.178831726807,22250,16,21,21:48:55.659,69.8154608333333,69
1351,2035-11-29T19:38:47.374,2035-12-15T00:34:22.624,2035-11-30T03:37:38.190+08:00,2035-12-15T08:33:13.440+08:00,provisional_UTC+08:00,provisional_UTC+08:00,21895.587502670835,21895,16,8,08:33:13.440,56.5537333333333,56
1352,2035-12-29T14:32:07.369,2036-01-13T11:17:18.126,2035-12-29T22:30:58.185+08:00,2036-01-13T19:16:08.942+08:00,provisional_UTC+08:00,provisional_UTC+08:00,21405.179283692225,21405,16,19,19:16:08.942,67.26915055555554,67
1353,2036-01-28T10:18:23.230,2036-02-11T22:09:53.543,2036-01-28T18:17:14.046+08:00,2036-02-12T06:08:44.359+08:00,provisional_UTC+08:00,provisional_UTC+08:00,20871.505222116746,20871,16,6,06:08:44.359,54.145655277777735,54
1354,2036-02-27T05:00:28.050,2036-03-12T09:10:40.551,2036-02-27T12:59:18.866+08:00,2036-03-12T17:09:31.367+08:00,provisional_UTC+08:00,provisional_UTC+08:00,20410.208337198896,20410,15,17,17:09:31.367,41.15871305555555,41
1355,2036-03-27T20:57:55.884,2036-04-10T20:23:45.224,2036-03-28T04:56:46.700+08:00,2036-04-11T04:22:36.040+08:00,provisional_UTC+08:00,provisional_UTC+08:00,20125.822337575162,20125,15,4,04:22:36.040,28.376677777777786,28
1356,2036-04-26T09:34:25.041,2036-05-10T08:10:44.878,2036-04-26T17:33:15.857+08:00,2036-05-10T16:09:35.694+08:00,provisional_UTC+08:00,provisional_UTC+08:00,20076.330615450308,20076,15,16,16:09:35.694,40.159914999999955,40
1357,2036-05-25T19:18:09.893,2036-06-08T21:03:10.992,2036-05-26T03:17:00.709+08:00,2036-06-09T05:02:01.808+08:00,provisional_UTC+08:00,provisional_UTC+08:00,20265.018316902308,20265,15,5,05:02:01.808,29.033835555555527,29
1358,2036-06-24T03:10:49.931,2036-07-08T11:20:31.031,2036-06-24T11:09:40.747+08:00,2036-07-08T19:19:21.847+08:00,provisional_UTC+08:00,provisional_UTC+08:00,20649.68500885691,20649,15,19,19:19:21.847,43.32273527777778,43
1359,2036-07-23T10:18:12.477,2036-08-07T02:50:08.183,2036-07-23T18:17:03.293+08:00,2036-08-07T10:48:58.999+08:00,provisional_UTC+08:00,provisional_UTC+08:00,21151.928443792458,21151,16,10,10:48:58.999,58.81638861111111,58
1360,2036-08-21T17:36:32.981,2036-09-05T18:46:46.540,2036-08-22T01:35:23.797+08:00,2036-09-06T02:45:37.356+08:00,provisional_UTC+08:00,provisional_UTC+08:00,21670.22598664218,21670,16,2,02:45:37.356,50.760376666666616,50
1361,2036-09-20T01:52:46.970,2036-10-05T10:16:21.275,2036-09-20T09:51:37.786+08:00,2036-10-05T18:15:12.091+08:00,provisional_UTC+08:00,provisional_UTC+08:00,22103.571743991815,22103,16,18,18:15:12.091,66.25335861111114,66
1362,2036-10-19T11:51:12.715,2036-11-04T00:45:28.887,2036-10-19T19:50:03.531+08:00,2036-11-04T08:44:19.703+08:00,provisional_UTC+08:00,provisional_UTC+08:00,22374.269537145992,22374,17,8,08:44:19.703,80.73880638888886,80
1363,2036-11-18T00:15:42.011,2036-12-03T14:09:43.125,2036-11-18T08:14:32.827+08:00,2036-12-03T22:08:33.941+08:00,provisional_UTC+08:00,provisional_UTC+08:00,22434.018570922886,22434,16,22,22:08:33.941,70.14276138888891,70
1364,2036-12-17T15:35:39.597,2037-01-02T02:36:29.103,2036-12-17T23:34:30.413+08:00,2037-01-02T10:35:19.919+08:00,provisional_UTC+08:00,provisional_UTC+08:00,22260.82509478929,22260,17,10,10:35:19.919,82.5888663888889,82
1365,2037-01-16T09:35:36.092,2037-01-31T14:05:21.453,2037-01-16T17:34:26.908+08:00,2037-01-31T22:04:12.269+08:00,provisional_UTC+08:00,provisional_UTC+08:00,21869.756000764675,21869,16,22,22:04:12.269,70.07007472222227,70
1366,2037-02-15T04:55:16.726,2037-03-02T00:29:22.111,2037-02-15T12:54:07.542+08:00,2037-03-02T08:28:12.927+08:00,provisional_UTC+08:00,provisional_UTC+08:00,21334.089751640917,21334,16,8,08:28:12.927,56.4702575,56
1367,2037-03-16T23:37:25.456,2037-03-31T09:54:44.625,2037-03-17T07:36:16.272+08:00,2037-03-31T17:53:35.441+08:00,provisional_UTC+08:00,provisional_UTC+08:00,20777.31949260757,20777,15,17,17:53:35.441,41.89317805555561,41
1368,2037-04-15T16:08:54.356,2037-04-29T18:55:05.232,2037-04-16T00:07:45.172+08:00,2037-04-30T02:53:56.048+08:00,provisional_UTC+08:00,provisional_UTC+08:00,20326.181270311965,20326,15,2,02:53:56.048,26.898902222222205,26
1369,2037-05-15T05:55:33.138,2037-05-29T04:25:20.662,2037-05-15T13:54:23.954+08:00,2037-05-29T12:24:11.478+08:00,provisional_UTC+08:00,provisional_UTC+08:00,20069.792057445156,20069,15,12,12:24:11.478,36.403188333333276,36
1370,2037-06-13T17:11:27.915,2037-06-27T15:21:08.363,2037-06-14T01:10:18.731+08:00,2037-06-27T23:19:59.179+08:00,provisional_UTC+08:00,provisional_UTC+08:00,20049.674121684056,20049,14,23,23:19:59.179,23.333105277777804,23
1371,2037-07-13T02:33:00.251,2037-07-27T04:16:21.184,2037-07-13T10:31:51.067+08:00,2037-07-27T12:15:12.000+08:00,provisional_UTC+08:00,provisional_UTC+08:00,20263.348880809506,20263,15,12,12:15:12.000,36.25333333333333,36
1372,2037-08-11T10:42:47.323,2037-08-25T19:10:32.508,2037-08-11T18:41:38.139+08:00,2037-08-26T03:09:23.324+08:00,provisional_UTC+08:00,provisional_UTC+08:00,20667.753072196192,20667,16,3,03:09:23.324,51.1564788888889,51
1373,2037-09-09T18:26:41.061,2037-09-24T11:32:54.619,2037-09-10T02:25:31.877+08:00,2037-09-24T19:31:45.435+08:00,provisional_UTC+08:00,provisional_UTC+08:00,21186.225963829984,21186,15,19,19:31:45.435,43.52928750000001,43
1374,2037-10-09T02:35:43.981,2037-10-24T04:37:43.897,2037-10-09T10:34:34.797+08:00,2037-10-24T12:36:34.713+08:00,provisional_UTC+08:00,provisional_UTC+08:00,21721.998608787126,21721,16,12,12:36:34.713,60.60964250000001,60
1375,2037-11-07T12:04:19.939,2037-11-22T21:36:26.942,2037-11-07T20:03:10.755+08:00,2037-11-23T05:35:17.758+08:00,provisional_UTC+08:00,provisional_UTC+08:00,22172.116719346068,22172,17,5,05:35:17.758,77.58826611111107,77
1376,2037-12-06T23:39:33.517,2037-12-22T13:39:50.432,2037-12-07T07:38:24.333+08:00,2037-12-22T21:38:41.248+08:00,provisional_UTC+08:00,provisional_UTC+08:00,22440.281925344476,22440,16,21,21:38:41.248,69.64479111111109,69
1377,2038-01-05T13:42:33.591,2038-01-21T04:01:09.790,2038-01-05T21:41:24.407+08:00,2038-01-21T12:00:00.606+08:00,provisional_UTC+08:00,provisional_UTC+08:00,22458.60330701478,22458,17,12,12:00:00.606,84.0001683333333,84
1378,2038-02-04T05:53:22.802,2038-02-19T16:10:36.391,2038-02-04T13:52:13.618+08:00,2038-02-20T00:09:27.207+08:00,provisional_UTC+08:00,provisional_UTC+08:00,22217.226481111094,22217,17,0,00:09:27.207,72.1575575,72
1379,2038-03-05T23:16:11.814,2038-03-21T02:10:47.357,2038-03-06T07:15:02.630+08:00,2038-03-21T10:09:38.173+08:00,provisional_UTC+08:00,provisional_UTC+08:00,21774.59239207246,21774,16,10,10:09:38.173,58.16060361111107,58
1380,2038-04-04T16:44:11.610,2038-04-19T10:37:12.891,2038-04-05T00:43:02.426+08:00,2038-04-19T18:36:03.707+08:00,provisional_UTC+08:00,provisional_UTC+08:00,21233.02136094481,21233,15,18,18:36:03.707,42.60102972222222,42
1381,2038-05-04T09:20:51.257,2038-05-18T18:24:44.846,2038-05-04T17:19:42.073+08:00,2038-05-19T02:23:35.662+08:00,provisional_UTC+08:00,provisional_UTC+08:00,20703.893146970186,20703,16,2,02:23:35.662,50.393239444444475,50
1382,2038-06-03T00:25:25.848,2038-06-17T02:31:44.897,2038-06-03T08:24:16.664+08:00,2038-06-17T10:30:35.713+08:00,provisional_UTC+08:00,provisional_UTC+08:00,20286.31749076613,20286,15,10,10:30:35.713,34.50992027777778,34
1383,2038-07-02T13:33:21.878,2038-07-16T11:49:27.589,2038-07-02T21:32:12.694+08:00,2038-07-16T19:48:18.405+08:00,provisional_UTC+08:00,provisional_UTC+08:00,20056.095175836643,20056,15,19,19:48:18.405,43.80511250000001,43
1384,2038-08-01T00:41:32.421,2038-08-14T22:58:01.605,2038-08-01T08:40:23.237+08:00,2038-08-15T06:56:52.421+08:00,provisional_UTC+08:00,provisional_UTC+08:00,20056.48640006951,20056,15,6,06:56:52.421,30.94789472222226,30
1385,2038-08-30T10:13:58.743,2038-09-13T12:25:37.746,2038-08-30T18:12:49.559+08:00,2038-09-13T20:24:28.562+08:00,provisional_UTC+08:00,provisional_UTC+08:00,20291.650044373746,20291,15,20,20:24:28.562,44.40793388888886,44
1386,2038-09-28T18:58:48.032,2038-10-13T04:23:03.767,2038-09-29T02:57:38.848+08:00,2038-10-13T12:21:54.583+08:00,provisional_UTC+08:00,provisional_UTC+08:00,20724.26225628613,20724,15,12,12:21:54.583,36.36516194444448,36
1387,2038-10-28T03:54:04.030,2038-11-11T22:28:23.733,2038-10-28T11:52:54.846+08:00,2038-11-12T06:27:14.549+08:00,provisional_UTC+08:00,provisional_UTC+08:00,21274.328382733947,21274,16,6,06:27:14.549,54.454041388888925,54
1388,2038-11-26T13:47:55.636,2038-12-11T17:31:37.231,2038-11-26T21:46:46.452+08:00,2038-12-12T01:30:28.047+08:00,provisional_UTC+08:00,provisional_UTC+08:00,21823.69324209175,21823,17,1,01:30:28.047,73.50779083333333,73
1389,2038-12-26T01:03:10.492,2039-01-10T11:46:43.970,2038-12-26T09:02:01.308+08:00,2039-01-10T19:45:34.786+08:00,provisional_UTC+08:00,provisional_UTC+08:00,22243.557961269824,22243,16,19,19:45:34.786,67.7596627777778,67
1390,2039-01-24T13:37:19.031,2039-02-09T03:40:26.437,2039-01-24T21:36:09.847+08:00,2039-02-09T11:39:17.253+08:00,provisional_UTC+08:00,provisional_UTC+08:00,22443.123433556386,22443,17,11,11:39:17.253,83.65479249999999,83
1391,2039-02-23T03:18:43.746,2039-03-10T16:36:11.847,2039-02-23T11:17:34.562+08:00,2039-03-11T00:35:02.663+08:00,provisional_UTC+08:00,provisional_UTC+08:00,22397.468353070184,22397,17,0,00:35:02.663,72.58407305555556,72
1392,2039-03-24T18:00:42.791,2039-04-09T02:53:58.214,2039-03-25T01:59:33.607+08:00,2039-04-09T10:52:49.030+08:00,provisional_UTC+08:00,provisional_UTC+08:00,22133.257056415645,22133,16,10,10:52:49.030,58.880286111111104,58
1393,2039-04-23T09:35:57.528,2039-05-08T11:21:13.168,2039-04-23T17:34:48.344+08:00,2039-05-08T19:20:03.984+08:00,provisional_UTC+08:00,provisional_UTC+08:00,21705.26065875494,21705,16,19,19:20:03.984,67.33443999999997,67
1394,2039-05-23T01:39:14.046,2039-06-06T18:48:54.008,2039-05-23T09:38:04.862+08:00,2039-06-07T02:47:44.824+08:00,provisional_UTC+08:00,provisional_UTC+08:00,21189.66603530136,21189,16,2,02:47:44.824,50.79578444444445,50
1395,2039-06-21T17:22:38.989,2039-07-06T02:04:41.935,2039-06-22T01:21:29.805+08:00,2039-07-06T10:03:32.751+08:00,provisional_UTC+08:00,provisional_UTC+08:00,20682.0491039432,20682,15,10,10:03:32.751,34.05909750000001,34
1396,2039-07-21T07:55:17.556,2039-08-04T09:57:52.123,2039-07-21T15:54:08.372+08:00,2039-08-04T17:56:42.939+08:00,provisional_UTC+08:00,provisional_UTC+08:00,20282.576104929765,20282,15,17,17:56:42.939,41.94526083333335,41
1397,2039-08-19T20:51:44.962,2039-09-02T19:24:45.976,2039-08-20T04:50:35.778+08:00,2039-09-03T03:23:36.792+08:00,provisional_UTC+08:00,provisional_UTC+08:00,20073.016893699114,20073,15,3,03:23:36.792,27.39355333333333,27
1398,2039-09-18T08:24:14.085,2039-10-02T07:24:30.202,2039-09-18T16:23:04.901+08:00,2039-10-02T15:23:21.018+08:00,provisional_UTC+08:00,provisional_UTC+08:00,20100.268632190728,20100,15,15,15:23:21.018,39.38917166666664,39
1399,2039-10-17T19:10:13.576,2039-10-31T22:37:28.360,2039-10-18T03:09:04.392+08:00,2039-11-01T06:36:19.176+08:00,provisional_UTC+08:00,provisional_UTC+08:00,20367.246401905595,20367,15,6,06:36:19.176,30.605326666666656,30
1400,2039-11-16T05:47:17.999,2039-11-30T16:50:47.059,2039-11-16T13:46:08.815+08:00,2039-12-01T00:49:37.875+08:00,provisional_UTC+08:00,provisional_UTC+08:00,20823.484337616093,20823,16,0,00:49:37.875,48.82718749999998,48
1401,2039-12-15T16:33:15.130,2039-12-30T12:38:56.633,2039-12-16T00:32:05.946+08:00,2039-12-30T20:37:47.449+08:00,provisional_UTC+08:00,provisional_UTC+08:00,21365.69171494655,21365,15,20,20:37:47.449,44.629846944444466,44
1402,2040-01-14T03:26:28.174,2040-01-29T07:55:53.628,2040-01-14T11:25:18.990+08:00,2040-01-29T15:54:44.444+08:00,provisional_UTC+08:00,provisional_UTC+08:00,21869.42424338356,21869,16,15,15:54:44.444,63.91234555555553,63
1403,2040-02-12T14:25:38.818,2040-02-28T01:00:45.194,2040-02-12T22:24:29.634+08:00,2040-02-28T08:59:36.010+08:00,provisional_UTC+08:00,provisional_UTC+08:00,22235.106262986672,22235,17,8,08:59:36.010,80.99333611111109,80
1404,2040-03-13T01:47:19.166,2040-03-28T15:12:54.761,2040-03-13T09:46:09.982+08:00,2040-03-28T23:11:45.577+08:00,provisional_UTC+08:00,provisional_UTC+08:00,22405.59325576757,22405,16,23,23:11:45.577,71.19599361111113,71
1405,2040-04-11T14:01:24.908,2040-04-27T02:39:04.819,2040-04-11T22:00:15.724+08:00,2040-04-27T10:37:55.635+08:00,provisional_UTC+08:00,provisional_UTC+08:00,22357.665192793083,22357,17,10,10:37:55.635,82.63212083333332,82
1406,2040-05-11T03:29:05.245,2040-05-26T11:48:17.898,2040-05-11T11:27:56.061+08:00,2040-05-26T19:47:08.714+08:00,provisional_UTC+08:00,provisional_UTC+08:00,22099.210891331895,22099,16,19,19:47:08.714,67.78575388888885,67
1407,2040-06-09T18:04:16.702,2040-06-24T19:20:30.526,2040-06-10T02:03:07.518+08:00,2040-06-25T03:19:21.342+08:00,provisional_UTC+08:00,provisional_UTC+08:00,21676.23039936468,21676,16,3,03:19:21.342,51.32259499999998,51
1408,2040-07-09T09:15:56.690,2040-07-24T02:06:50.001,2040-07-09T17:14:47.506+08:00,2040-07-24T10:05:40.817+08:00,provisional_UTC+08:00,provisional_UTC+08:00,21170.88850990678,21170,16,10,10:05:40.817,58.09467138888891,58
1409,2040-08-08T00:27:36.833,2040-08-22T09:10:53.236,2040-08-08T08:26:27.649+08:00,2040-08-22T17:09:44.052+08:00,provisional_UTC+08:00,provisional_UTC+08:00,20683.273397626035,20683,15,17,17:09:44.052,41.162236666666615,41
1410,2040-09-06T15:14:53.651,2040-09-20T17:44:00.033,2040-09-06T23:13:44.467+08:00,2040-09-21T01:42:50.849+08:00,provisional_UTC+08:00,provisional_UTC+08:00,20309.106355681142,20309,16,1,01:42:50.849,49.71412472222221,49
1411,2040-10-06T05:27:06.798,2040-10-20T04:51:03.811,2040-10-06T13:25:57.614+08:00,2040-10-20T12:49:54.627+08:00,provisional_UTC+08:00,provisional_UTC+08:00,20123.950214806046,20123,15,12,12:49:54.627,36.83184083333339,36
1412,2040-11-04T18:57:12.183,2040-11-18T19:07:22.004,2040-11-05T02:56:02.999+08:00,2040-11-19T03:06:12.820+08:00,provisional_UTC+08:00,provisional_UTC+08:00,20170.163694684798,20170,15,3,03:06:12.820,27.103561111111105,27
1413,2040-12-04T07:34:21.834,2040-12-18T12:16:56.791,2040-12-04T15:33:12.650+08:00,2040-12-18T20:15:47.607+08:00,provisional_UTC+08:00,provisional_UTC+08:00,20442.582622639235,20442,15,20,20:15:47.607,44.2632241666667,44
1414,2041-01-02T19:08:58.776,2041-01-17T07:12:35.143,2041-01-03T03:07:49.592+08:00,2041-01-17T15:11:25.959+08:00,provisional_UTC+08:00,provisional_UTC+08:00,20883.606112875816,20883,15,15,15:11:25.959,39.190544166666655,39
1415,2041-02-01T05:44:06.984,2041-02-16T02:22:27.933,2041-02-01T13:42:57.800+08:00,2041-02-16T10:21:18.749+08:00,provisional_UTC+08:00,provisional_UTC+08:00,21398.349153513765,21398,16,10,10:21:18.749,58.35520805555558,58
1416,2041-03-02T15:40:31.750,2041-03-17T20:20:20.348,2041-03-02T23:39:22.566+08:00,2041-03-18T04:19:11.164+08:00,provisional_UTC+08:00,provisional_UTC+08:00,21879.809953497108,21879,17,4,04:19:11.164,76.31976777777783,76
1417,2041-04-01T01:30:39.527,2041-04-16T12:01:51.876,2041-04-01T09:29:30.343+08:00,2041-04-16T20:00:42.692+08:00,provisional_UTC+08:00,provisional_UTC+08:00,22231.205822262134,22231,16,20,20:00:42.692,68.01185888888892,68
1418,2041-04-30T11:47:32.955,2041-05-16T00:53:35.170,2041-04-30T19:46:23.771+08:00,2041-05-16T08:52:25.986+08:00,provisional_UTC+08:00,provisional_UTC+08:00,22386.036920557424,22386,17,8,08:52:25.986,80.87388500000003,80
1419,2041-05-29T22:57:11.221,2041-06-14T10:59:55.356,2041-05-30T06:56:02.037+08:00,2041-06-14T18:58:46.172+08:00,provisional_UTC+08:00,provisional_UTC+08:00,22322.735582697504,22322,16,18,18:58:46.172,66.97949222222223,66
1420,2041-06-28T11:18:06.748,2041-07-13T19:02:02.340,2041-06-28T19:16:57.564+08:00,2041-07-14T03:00:53.156+08:00,provisional_UTC+08:00,provisional_UTC+08:00,22063.926528867516,22063,17,3,03:00:53.156,75.01476555555553,75
1421,2041-07-28T01:03:31.486,2041-08-12T02:05:53.910,2041-07-28T09:02:22.302+08:00,2041-08-12T10:04:44.726+08:00,provisional_UTC+08:00,provisional_UTC+08:00,21662.373737272173,21662,16,10,10:04:44.726,58.07909055555558,58
1422,2041-08-26T16:17:22.321,2041-09-10T09:25:03.908,2041-08-27T00:16:13.137+08:00,2041-09-10T17:23:54.724+08:00,provisional_UTC+08:00,provisional_UTC+08:00,21187.69311872651,21187,15,17,17:23:54.724,41.39853444444441,41
1423,2041-09-25T08:42:29.356,2041-10-09T18:03:53.653,2041-09-25T16:41:20.172+08:00,2041-10-10T02:02:44.469+08:00,provisional_UTC+08:00,provisional_UTC+08:00,20721.404945022678,20721,16,2,02:02:44.469,50.04568583333332,50
1424,2041-10-25T01:31:31.792,2041-11-08T04:44:42.024,2041-10-25T09:30:22.608+08:00,2041-11-08T12:43:32.840+08:00,provisional_UTC+08:00,provisional_UTC+08:00,20353.170535159534,20353,15,12,12:43:32.840,36.72578888888893,36
1425,2041-11-23T17:37:56.145,2041-12-07T17:43:25.598,2041-11-24T01:36:46.961+08:00,2041-12-08T01:42:16.414+08:00,provisional_UTC+08:00,provisional_UTC+08:00,20165.490889143442,20165,15,1,01:42:16.414,25.7045594444445,25
1426,2041-12-23T08:07:34.994,2042-01-06T08:55:08.393,2041-12-23T16:06:25.810+08:00,2042-01-06T16:53:59.209+08:00,provisional_UTC+08:00,provisional_UTC+08:00,20207.556638814895,20207,15,16,16:53:59.209,40.89978027777778,40
1427,2042-01-21T20:43:18.566,2042-02-05T01:59:00.209,2042-01-22T04:42:09.382+08:00,2042-02-05T09:57:51.025+08:00,provisional_UTC+08:00,provisional_UTC+08:00,20475.694038813494,20475,15,9,09:57:51.025,33.96417361111111,33
1428,2042-02-20T07:40:07.819,2042-03-06T20:11:09.528,2042-02-20T15:38:58.635+08:00,2042-03-07T04:10:00.344+08:00,provisional_UTC+08:00,provisional_UTC+08:00,20911.028473107504,20911,16,4,04:10:00.344,52.166762222222246,52
1429,2042-03-21T17:24:13.848,2042-04-05T14:17:08.735,2042-03-22T01:23:04.664+08:00,2042-04-05T22:15:59.551+08:00,provisional_UTC+08:00,provisional_UTC+08:00,21412.914776146557,21412,15,22,22:15:59.551,46.26654194444444,46
1430,2042-04-20T02:20:31.773,2042-05-05T06:49:47.941,2042-04-20T10:19:22.589+08:00,2042-05-05T14:48:38.757+08:00,provisional_UTC+08:00,provisional_UTC+08:00,21869.269467377108,21869,16,14,14:48:38.757,62.810765833333335,62
1431,2042-05-19T10:56:03.718,2042-06-03T20:49:29.930,2042-05-19T18:54:54.534+08:00,2042-06-04T04:48:20.746+08:00,provisional_UTC+08:00,provisional_UTC+08:00,22193.43685940151,22193,17,4,04:48:20.746,76.80576277777777,76
1432,2042-06-17T19:49:23.382,2042-07-03T08:10:36.671,2042-06-18T03:48:14.198+08:00,2042-07-03T16:09:27.487+08:00,provisional_UTC+08:00,provisional_UTC+08:00,22341.221493236553,22341,16,16,16:09:27.487,64.15763527777779,64
1433,2042-07-17T05:53:05.555,2042-08-01T17:34:32.217,2042-07-17T13:51:56.371+08:00,2042-08-02T01:33:23.033+08:00,provisional_UTC+08:00,provisional_UTC+08:00,22301.444369047393,22301,17,1,01:33:23.033,73.55639805555558,73
1434,2042-08-15T18:02:31.288,2042-08-31T02:03:33.949,2042-08-16T02:01:22.104+08:00,2042-08-31T10:02:24.765+08:00,provisional_UTC+08:00,provisional_UTC+08:00,22081.04433902052,22081,16,10,10:02:24.765,58.040212499999996,58
1435,2042-09-14T08:51:24.189,2042-09-29T10:35:31.326,2042-09-14T16:50:15.005+08:00,2042-09-29T18:34:22.142+08:00,provisional_UTC+08:00,provisional_UTC+08:00,21704.118944287166,21704,16,18,18:34:22.142,66.57281722222223,66
1436,2042-10-14T02:04:20.526,2042-10-28T19:49:36.436,2042-10-14T10:03:11.342+08:00,2042-10-29T03:48:27.252+08:00,provisional_UTC+08:00,provisional_UTC+08:00,21225.26517833683,21225,16,3,03:48:27.252,51.80757,51
1437,2042-11-12T20:29:38.974,2042-11-27T06:07:13.595,2042-11-13T04:28:29.790+08:00,2042-11-27T14:06:04.411+08:00,provisional_UTC+08:00,provisional_UTC+08:00,20737.577017017866,20737,15,14,14:06:04.411,38.101225277777814,38
1438,2042-12-12T14:30:53.150,2042-12-26T17:43:57.567,2042-12-12T22:29:43.966+08:00,2042-12-27T01:42:48.383+08:00,provisional_UTC+08:00,provisional_UTC+08:00,20353.073625425674,20353,16,1,01:42:48.383,49.713439722222176,49
1439,2043-01-11T06:54:29.585,2043-01-25T06:57:50.854,2043-01-11T14:53:20.401+08:00,2043-01-25T14:56:41.670+08:00,provisional_UTC+08:00,provisional_UTC+08:00,20163.35448941141,20163,15,14,14:56:41.670,38.94490833333333,38
1440,2043-02-09T21:08:56.503,2043-02-23T21:59:10.955,2043-02-10T05:07:47.319+08:00,2043-02-24T05:58:01.771+08:00,provisional_UTC+08:00,provisional_UTC+08:00,20210.240863446423,20210,15,5,05:58:01.771,29.967158611111074,29
1441,2043-03-11T09:10:32.251,2043-03-25T14:27:30.984,2043-03-11T17:09:23.067+08:00,2043-03-25T22:26:21.800+08:00,provisional_UTC+08:00,provisional_UTC+08:00,20476.978877071044,20476,15,22,22:26:21.800,46.439388888888914,46
1442,2043-04-09T19:07:51.293,2043-04-24T07:24:14.652,2043-04-10T03:06:42.109+08:00,2043-04-24T15:23:05.468+08:00,provisional_UTC+08:00,provisional_UTC+08:00,20896.389309196864,20896,15,15,15:23:05.468,39.384852222222264,39
1443,2043-05-09T03:22:26.990,2043-05-23T23:38:11.532,2043-05-09T11:21:17.806+08:00,2043-05-24T07:37:02.348+08:00,provisional_UTC+08:00,provisional_UTC+08:00,21375.742370485998,21375,16,7,07:37:02.348,55.61731888888886,55
1444,2043-06-07T10:36:16.765,2043-06-22T14:21:51.310,2043-06-07T18:35:07.581+08:00,2043-06-22T22:20:42.126+08:00,provisional_UTC+08:00,provisional_UTC+08:00,21825.575736613773,21825,16,22,22:20:42.126,70.345035,70
1445,2043-07-06T17:52:10.256,2043-07-22T03:25:25.790,2043-07-07T01:51:01.072+08:00,2043-07-22T11:24:16.606+08:00,provisional_UTC+08:00,provisional_UTC+08:00,22173.25891259167,22173,16,11,11:24:16.606,59.40461277777774,59
1446,2043-08-05T02:23:58.403,2043-08-20T15:05:44.750,2043-08-05T10:22:49.219+08:00,2043-08-20T23:04:35.566+08:00,provisional_UTC+08:00,provisional_UTC+08:00,22361.772460358643,22361,16,23,23:04:35.566,71.07654611111116,71
1447,2043-09-03T13:18:34.392,2043-09-19T01:48:18.255,2043-09-03T21:17:25.208+08:00,2043-09-19T09:47:09.071+08:00,provisional_UTC+08:00,provisional_UTC+08:00,22349.73104712186,22349,17,9,09:47:09.071,81.78585305555555,81
1448,2043-10-03T03:13:23.493,2043-10-18T11:56:54.652,2043-10-03T11:12:14.309+08:00,2043-10-18T19:55:45.468+08:00,provisional_UTC+08:00,provisional_UTC+08:00,22123.519314105233,22123,16,19,19:55:45.468,67.92929666666669,67
1449,2043-11-01T19:58:40.779,2043-11-16T21:53:42.191,2043-11-02T03:57:31.595+08:00,2043-11-17T05:52:33.007+08:00,provisional_UTC+08:00,provisional_UTC+08:00,21715.02351948766,21715,16,5,05:52:33.007,53.87583527777775,53
1450,2043-12-01T14:38:11.655,2043-12-16T08:03:14.256,2043-12-01T22:37:02.471+08:00,2043-12-16T16:02:05.072+08:00,provisional_UTC+08:00,provisional_UTC+08:00,21205.043354316695,21205,16,16,16:02:05.072,64.03474222222218,64
1451,2043-12-31T09:49:18.056,2044-01-14T18:52:22.123,2043-12-31T17:48:08.872+08:00,2044-01-15T02:51:12.939+08:00,provisional_UTC+08:00,provisional_UTC+08:00,20703.06777097114,20703,16,2,02:51:12.939,50.85359416666665,50
1452,2044-01-30T04:05:44.566,2044-02-13T06:43:00.760,2044-01-30T12:04:35.382+08:00,2044-02-13T14:41:51.576+08:00,provisional_UTC+08:00,provisional_UTC+08:00,20317.269896359834,20317,15,14,14:41:51.576,38.697659999999985,38
1453,2044-02-28T20:13:36.261,2044-03-13T19:42:24.327,2044-02-29T04:12:27.077+08:00,2044-03-14T03:41:15.143+08:00,provisional_UTC+08:00,provisional_UTC+08:00,20128.80109011606,20128,15,3,03:41:15.143,27.687539722222198,27
1454,2044-03-29T09:27:13.728,2044-04-12T09:40:22.801,2044-03-29T17:26:04.544+08:00,2044-04-12T17:39:13.617+08:00,provisional_UTC+08:00,provisional_UTC+08:00,20173.15121839967,20173,15,17,17:39:13.617,41.653782500000034,41
1455,2044-04-27T19:43:20.936,2044-05-12T00:17:53.991,2044-04-28T03:42:11.752+08:00,2044-05-12T08:16:44.807+08:00,provisional_UTC+08:00,provisional_UTC+08:00,20434.55091633192,20434,15,8,08:16:44.807,32.27911305555557,32
1456,2044-05-27T03:40:50.251,2044-06-10T15:17:22.123,2044-05-27T11:39:41.067+08:00,2044-06-10T23:16:12.939+08:00,provisional_UTC+08:00,provisional_UTC+08:00,20856.53119570118,20856,15,23,23:16:12.939,47.27026083333334,47
1457,2044-06-25T10:25:34.210,2044-07-10T06:23:15.357,2044-06-25T18:24:25.026+08:00,2044-07-10T14:22:06.173+08:00,provisional_UTC+08:00,provisional_UTC+08:00,21357.68577796399,21357,16,14,14:22:06.173,62.36838138888885,62
1458,2044-07-24T17:11:43.822,2044-08-08T21:15:07.415,2044-07-25T01:10:34.638+08:00,2044-08-09T05:13:58.231+08:00,provisional_UTC+08:00,provisional_UTC+08:00,21843.39321327713,21843,16,5,05:13:58.231,53.23284194444443,53
1459,2044-08-23T01:07:14.230,2044-09-07T11:25:39.235,2044-08-23T09:06:05.046+08:00,2044-09-07T19:24:30.051+08:00,provisional_UTC+08:00,provisional_UTC+08:00,22218.41675715079,22218,16,19,19:24:30.051,67.40834749999999,67
1460,2044-09-21T11:04:42.933,2044-10-07T00:31:17.679,2044-09-21T19:03:33.749+08:00,2044-10-07T08:30:08.495+08:00,provisional_UTC+08:00,provisional_UTC+08:00,22406.579105835062,22406,17,8,08:30:08.495,80.50235972222225,80
1461,2044-10-20T23:37:40.032,2044-11-05T12:27:58.760,2044-10-21T07:36:30.848+08:00,2044-11-05T20:26:49.576+08:00,provisional_UTC+08:00,provisional_UTC+08:00,22370.31212647338,22370,16,20,20:26:49.576,68.44710444444439,68
1462,2044-11-19T14:59:02.224,2044-12-04T23:35:08.904,2044-11-19T22:57:53.040+08:00,2044-12-05T07:33:59.720+08:00,provisional_UTC+08:00,provisional_UTC+08:00,22116.111333557375,22116,17,7,07:33:59.720,79.56658888888887,79
1463,2044-12-19T08:54:24.354,2045-01-03T10:21:42.903,2044-12-19T16:53:15.170+08:00,2045-01-03T18:20:33.719+08:00,provisional_UTC+08:00,provisional_UTC+08:00,21687.30914959111,21687,16,18,18:20:33.719,66.34269972222222,66
1464,2045-01-18T04:26:44.199,2045-02-01T21:06:46.330,2045-01-18T12:25:35.015+08:00,2045-02-02T05:05:37.146+08:00,provisional_UTC+08:00,provisional_UTC+08:00,21160.035516037853,21160,16,5,05:05:37.146,53.09365166666663,53
1465,2045-02-16T23:52:22.591,2045-03-03T07:53:53.838,2045-02-17T07:51:13.407+08:00,2045-03-03T15:52:44.654+08:00,provisional_UTC+08:00,provisional_UTC+08:00,20641.520774593886,20641,15,15,15:52:44.654,39.879070555555586,39
1466,2045-03-18T17:16:06.862,2045-04-01T18:44:13.619,2045-03-19T01:14:57.678+08:00,2045-04-02T02:43:04.435+08:00,provisional_UTC+08:00,provisional_UTC+08:00,20248.112615501857,20248,15,2,02:43:04.435,26.71789861111114,26
1467,2045-04-17T07:27:55.970,2045-05-01T05:53:25.175,2045-04-17T15:26:46.786+08:00,2045-05-01T13:52:15.991+08:00,provisional_UTC+08:00,provisional_UTC+08:00,20065.486744882946,20065,15,13,13:52:15.991,37.87110861111108,37
1468,2045-05-16T18:27:51.556,2045-05-30T17:53:39.548,2045-05-17T02:26:42.372+08:00,2045-05-31T01:52:30.364+08:00,provisional_UTC+08:00,provisional_UTC+08:00,20125.79987611399,20125,15,1,01:52:30.364,25.87510111111112,25
1469,2045-06-15T03:06:03.798,2045-06-29T07:17:03.050,2045-06-15T11:04:54.614+08:00,2045-06-29T15:15:53.866+08:00,provisional_UTC+08:00,provisional_UTC+08:00,20410.98753115364,20410,15,15,15:15:53.866,39.26496277777778,39
1470,2045-07-14T10:29:37.780,2045-07-28T22:11:50.520,2045-07-14T18:28:28.596+08:00,2045-07-29T06:10:41.336+08:00,provisional_UTC+08:00,provisional_UTC+08:00,20862.212323441763,20862,16,6,06:10:41.336,54.17814888888887,54
1471,2045-08-12T17:40:30.144,2045-08-27T14:08:54.732,2045-08-13T01:39:20.960+08:00,2045-08-27T22:07:45.548+08:00,provisional_UTC+08:00,provisional_UTC+08:00,21388.409802250226,21388,15,22,22:07:45.548,46.12931888888886,46
1472,2045-09-11T01:28:58.624,2045-09-26T06:12:47.217,2045-09-11T09:27:49.440+08:00,2045-09-26T14:11:38.033+08:00,provisional_UTC+08:00,provisional_UTC+08:00,21883.809886223335,21883,16,14,14:11:38.033,62.193898055555564,62
1473,2045-10-10T10:38:07.130,2045-10-25T21:32:26.201,2045-10-10T18:36:57.946+08:00,2045-10-26T05:31:17.017+08:00,provisional_UTC+08:00,provisional_UTC+08:00,22254.317854783276,22254,17,5,05:31:17.017,77.52139361111114,77
1474,2045-11-08T21:50:10.956,2045-11-24T11:44:47.753,2045-11-09T05:49:01.772+08:00,2045-11-24T19:43:38.569+08:00,provisional_UTC+08:00,provisional_UTC+08:00,22434.613282121518,22434,16,19,19:43:38.569,67.72738027777774,67
1475,2045-12-08T11:42:37.550,2045-12-24T00:50:30.804,2045-12-08T19:41:28.366+08:00,2045-12-24T08:49:21.620+08:00,provisional_UTC+08:00,provisional_UTC+08:00,22387.887563553853,22387,17,8,08:49:21.620,80.82267222222225,80
1476,2046-01-07T04:25:17.455,2046-01-22T12:52:33.152,2046-01-07T12:24:08.271+08:00,2046-01-22T20:51:23.968+08:00,provisional_UTC+08:00,provisional_UTC+08:00,22107.261623190177,22107,16,20,20:51:23.968,68.8566577777778,68
1477,2046-02-05T23:10:57.293,2046-02-20T23:45:32.266,2046-02-06T07:09:48.109+08:00,2046-02-21T07:44:23.082+08:00,provisional_UTC+08:00,provisional_UTC+08:00,21634.58288103195,21634,16,7,07:44:23.082,55.73974499999997,55
1478,2046-03-07T18:16:35.803,2046-03-22T09:28:11.620,2046-03-08T02:15:26.619+08:00,2046-03-22T17:27:02.436+08:00,provisional_UTC+08:00,provisional_UTC+08:00,21071.59695416598,21071,15,17,17:27:02.436,41.45067666666665,41
1479,2046-04-06T11:52:55.229,2046-04-20T18:22:20.463,2046-04-06T19:51:46.045+08:00,2046-04-21T02:21:11.279+08:00,provisional_UTC+08:00,provisional_UTC+08:00,20549.42055706946,20549,16,2,02:21:11.279,50.35313305555559,50
1480,2046-05-06T02:57:19.861,2046-05-20T03:16:31.886,2046-05-06T10:56:10.677+08:00,2046-05-20T11:15:22.702+08:00,provisional_UTC+08:00,provisional_UTC+08:00,20179.200425997933,20179,15,11,11:15:22.702,35.256306111111144,35
1481,2046-06-04T15:23:42.269,2046-06-18T13:11:16.496,2046-06-04T23:22:33.085+08:00,2046-06-18T21:10:07.312+08:00,provisional_UTC+08:00,provisional_UTC+08:00,20027.57044337346,20027,15,21,21:10:07.312,45.168697777777766,45
1482,2046-07-04T01:40:08.427,2046-07-18T00:56:16.968,2046-07-04T09:38:59.243+08:00,2046-07-18T08:55:07.784+08:00,provisional_UTC+08:00,provisional_UTC+08:00,20116.142354831918,20116,15,8,08:55:07.784,32.91882888888887,32
1483,2046-08-02T10:26:44.353,2046-08-16T14:51:21.722,2046-08-02T18:25:35.169+08:00,2046-08-16T22:50:12.538+08:00,provisional_UTC+08:00,provisional_UTC+08:00,20424.62282247552,20424,15,22,22:50:12.538,46.83681611111109,46
1484,2046-08-31T18:26:41.245,2046-09-15T06:40:37.107,2046-09-01T02:25:32.061+08:00,2046-09-15T14:39:27.923+08:00,provisional_UTC+08:00,provisional_UTC+08:00,20893.931043663015,20893,15,14,14:39:27.923,38.657756388888856,38
1485,2046-09-30T02:26:46.109,2046-10-14T23:42:32.885,2046-09-30T10:25:36.925+08:00,2046-10-15T07:41:23.701+08:00,provisional_UTC+08:00,provisional_UTC+08:00,21435.779604549116,21435,16,7,07:41:23.701,55.689916944444406,55
1486,2046-10-29T11:18:17.412,2046-11-13T17:05:42.200,2046-10-29T19:17:08.228+08:00,2046-11-14T01:04:33.016+08:00,provisional_UTC+08:00,provisional_UTC+08:00,21947.413125327657,21947,17,1,01:04:33.016,73.07583777777779,73
1487,2046-11-27T21:51:21.384,2046-12-13T09:56:41.998,2046-11-28T05:50:12.200+08:00,2046-12-13T17:55:32.814+08:00,provisional_UTC+08:00,provisional_UTC+08:00,22325.343577078118,22325,16,17,17:55:32.814,65.9257816666667,65
1488,2046-12-27T10:40:08.695,2047-01-12T01:22:35.562,2046-12-27T18:38:59.511+08:00,2047-01-12T09:21:26.378+08:00,provisional_UTC+08:00,provisional_UTC+08:00,22482.44778590814,22482,17,9,09:21:26.378,81.35732722222224,81
1489,2047-01-26T01:45:01.196,2047-02-10T14:41:04.731,2047-01-26T09:43:52.012+08:00,2047-02-10T22:39:55.547+08:00,provisional_UTC+08:00,provisional_UTC+08:00,22376.058920642186,22376,16,22,22:39:55.547,70.6654297222222,70
1490,2047-02-24T18:27:08.338,2047-03-12T01:38:14.137,2047-02-25T02:25:59.154+08:00,2047-03-12T09:37:04.953+08:00,provisional_UTC+08:00,provisional_UTC+08:00,22031.096654570458,22031,16,9,09:37:04.953,57.6180425,57
1491,2047-03-26T11:45:26.022,2047-04-10T10:36:32.274,2047-03-26T19:44:16.838+08:00,2047-04-10T18:35:23.090+08:00,provisional_UTC+08:00,provisional_UTC+08:00,21531.104199494977,21531,16,18,18:35:23.090,66.58974722222223,66
1492,2047-04-25T04:41:04.404,2047-05-09T18:25:43.020,2047-04-25T12:39:55.220+08:00,2047-05-10T02:24:33.836+08:00,provisional_UTC+08:00,provisional_UTC+08:00,20984.643601723474,20984,16,2,02:24:33.836,50.40939888888886,50
1493,2047-05-24T20:28:47.936,2047-06-08T02:06:07.930,2047-05-25T04:27:38.752+08:00,2047-06-08T10:04:58.746+08:00,provisional_UTC+08:00,provisional_UTC+08:00,20497.33322904707,20497,15,10,10:04:58.746,34.08298500000001,34
1494,2047-06-23T10:37:04.727,2047-07-07T10:35:04.727,2047-06-23T18:35:55.543+08:00,2047-07-07T18:33:55.543+08:00,provisional_UTC+08:00,provisional_UTC+08:00,20157.999997198804,20157,15,18,18:33:55.543,42.565428611111145,42
1495,2047-07-22T22:50:34.960,2047-08-05T20:39:44.266,2047-07-23T06:49:25.776+08:00,2047-08-06T04:38:35.082+08:00,provisional_UTC+08:00,provisional_UTC+08:00,20029.155102122386,20029,15,4,04:38:35.082,28.643078333333335,28
1496,2047-08-21T09:17:29.953,2047-09-04T08:55:26.147,2047-08-21T17:16:20.769+08:00,2047-09-04T16:54:16.963+08:00,provisional_UTC+08:00,provisional_UTC+08:00,20137.936555823417,20137,15,16,16:54:16.963,40.90471194444444,40
1497,2047-09-19T18:32:40.431,2047-10-03T23:43:17.531,2047-09-20T02:31:31.247+08:00,2047-10-04T07:42:08.347+08:00,provisional_UTC+08:00,provisional_UTC+08:00,20470.61832481142,20470,15,7,07:42:08.347,31.70231861111114,31
1498,2047-10-19T03:29:11.973,2047-11-02T16:59:23.913,2047-10-19T11:28:02.789+08:00,2047-11-03T00:58:14.729+08:00,provisional_UTC+08:00,provisional_UTC+08:00,20970.198993546837,20970,16,0,00:58:14.729,48.970758055555564,48
1499,2047-11-17T13:00:11.473,2047-12-02T11:56:20.504,2047-11-17T20:59:02.289+08:00,2047-12-02T19:55:11.320+08:00,provisional_UTC+08:00,provisional_UTC+08:00,21536.150517588558,21536,16,19,19:55:11.320,67.91981111111113,67
1500,2047-12-16T23:39:29.851,2048-01-01T06:58:19.861,2047-12-17T07:38:20.667+08:00,2048-01-01T14:57:10.677+08:00,provisional_UTC+08:00,provisional_UTC+08:00,22038.83350218186,22038,16,14,14:57:10.677,62.95296583333328,62
1501,2048-01-15T11:33:41.292,2048-01-31T00:15:32.545,2048-01-15T19:32:32.108+08:00,2048-01-31T08:14:23.361+08:00,provisional_UTC+08:00,provisional_UTC+08:00,22361.854217943026,22361,17,8,08:14:23.361,80.2398225,80
1502,2048-02-14T00:32:46.129,2048-02-29T14:39:21.822,2048-02-14T08:31:36.945+08:00,2048-02-29T22:38:12.638+08:00,provisional_UTC+08:00,provisional_UTC+08:00,22446.594876379488,22446,16,22,22:38:12.638,70.6368438888889,70
1503,2048-03-14T14:28:54.590,2048-03-30T02:05:37.757,2048-03-14T22:27:45.406+08:00,2048-03-30T10:04:28.573+08:00,provisional_UTC+08:00,provisional_UTC+08:00,22296.719448648153,22296,17,10,10:04:28.573,82.07460361111112,82
1504,2048-04-13T05:20:57.940,2048-04-28T11:14:13.007,2048-04-13T13:19:48.756+08:00,2048-04-28T19:13:03.823+08:00,provisional_UTC+08:00,provisional_UTC+08:00,21953.251109827026,21953,16,19,19:13:03.823,67.21772861111111,67
1505,2048-05-12T20:59:25.829,2048-05-27T18:58:29.365,2048-05-13T04:58:16.645+08:00,2048-05-28T02:57:20.181+08:00,provisional_UTC+08:00,provisional_UTC+08:00,21479.058934693312,21479,16,2,02:57:20.181,50.95560583333338,50
1506,2048-06-11T12:51:11.201,2048-06-26T02:09:20.577,2048-06-11T20:50:02.017+08:00,2048-06-26T10:08:11.393+08:00,provisional_UTC+08:00,provisional_UTC+08:00,20958.156257164428,20958,16,10,10:08:11.393,58.136498055555535,58
1507,2048-07-11T04:05:26.597,2048-07-25T09:35:09.501,2048-07-11T12:04:17.413+08:00,2048-07-25T17:34:00.317+08:00,provisional_UTC+08:00,provisional_UTC+08:00,20489.715080387497,20489,15,17,17:34:00.317,41.56675472222224,41
1508,2048-08-09T18:00:10.070,2048-08-23T18:08:24.420,2048-08-10T01:59:00.886+08:00,2048-08-24T02:07:15.236+08:00,provisional_UTC+08:00,provisional_UTC+08:00,20168.239158282995,20168,15,2,02:07:15.236,26.120898888888917,26
1509,2048-09-08T06:25:49.765,2048-09-22T04:47:47.663,2048-09-08T14:24:40.581+08:00,2048-09-22T12:46:38.479+08:00,provisional_UTC+08:00,provisional_UTC+08:00,20061.9649691797,20061,15,12,12:46:38.479,36.777355277777815,36
1510,2048-10-07T17:46:27.911,2048-10-21T18:26:11.886,2048-10-08T01:45:18.727+08:00,2048-10-22T02:25:02.702+08:00,provisional_UTC+08:00,provisional_UTC+08:00,20199.732922436342,20199,15,2,02:25:02.702,26.41741722222224,26
1511,2048-11-06T04:39:36.235,2048-11-20T11:20:45.263,2048-11-06T12:38:27.051+08:00,2048-11-20T19:19:36.079+08:00,provisional_UTC+08:00,provisional_UTC+08:00,20561.150465587143,20561,15,19,19:19:36.079,43.32668861111108,43
1512,2048-12-05T15:31:22.206,2048-12-20T06:40:26.696,2048-12-05T23:30:13.022+08:00,2048-12-20T14:39:17.512+08:00,provisional_UTC+08:00,provisional_UTC+08:00,21069.074836193427,21069,16,14,14:39:17.512,62.654864444444456,62
1513,2049-01-04T02:25:44.106,2049-01-19T02:30:20.424,2049-01-04T10:24:34.922+08:00,2049-01-19T10:29:11.240+08:00,provisional_UTC+08:00,provisional_UTC+08:00,21604.605302850396,21604,16,10,10:29:11.240,58.48645555555555,58
1514,2049-02-02T13:17:05.529,2049-02-17T20:48:39.455,2049-02-02T21:15:56.345+08:00,2049-02-18T04:47:30.271+08:00,provisional_UTC+08:00,provisional_UTC+08:00,22051.56542661655,22051,17,4,04:47:30.271,76.79174194444442,76
1515,2049-03-04T00:12:46.611,2049-03-19T12:24:32.271,2049-03-04T08:11:37.427+08:00,2049-03-19T20:23:23.087+08:00,provisional_UTC+08:00,provisional_UTC+08:00,22331.761003251253,22331,16,20,20:23:23.087,68.38974638888891,68
1516,2049-04-02T11:40:26.816,2049-04-18T01:05:57.025,2049-04-02T19:39:17.632+08:00,2049-04-18T09:04:47.841+08:00,provisional_UTC+08:00,provisional_UTC+08:00,22405.503473946505,22405,17,9,09:04:47.841,81.07995583333332,81
1517,2049-05-02T00:12:16.438,2049-05-17T11:15:00.588,2049-05-02T08:11:07.254+08:00,2049-05-17T19:13:51.404+08:00,provisional_UTC+08:00,provisional_UTC+08:00,22262.735823528055,22262,16,19,19:13:51.404,67.23094555555559,67
1518,2049-05-31T14:01:21.940,2049-06-15T19:28:02.532,2049-05-31T22:00:12.756+08:00,2049-06-16T03:26:53.348+08:00,provisional_UTC+08:00,provisional_UTC+08:00,21926.67653370294,21926,17,3,03:26:53.348,75.44815222222223,75
1519,2049-06-30T04:51:33.646,2049-07-15T02:30:53.156,2049-06-30T12:50:24.462+08:00,2049-07-15T10:29:43.972+08:00,provisional_UTC+08:00,provisional_UTC+08:00,21459.325159275657,21459,16,10,10:29:43.972,58.4955477777778,58
1520,2049-07-29T20:08:29.680,2049-08-13T09:20:49.615,2049-07-30T04:07:20.496+08:00,2049-08-13T17:19:40.431+08:00,provisional_UTC+08:00,provisional_UTC+08:00,20952.332251056196,20952,15,17,17:19:40.431,41.327897500000006,41
1521,2049-08-28T11:19:54.351,2049-09-11T17:05:37.786,2049-08-28T19:18:45.167+08:00,2049-09-12T01:04:28.602+08:00,provisional_UTC+08:00,provisional_UTC+08:00,20505.723923922524,20505,16,1,01:04:28.602,49.07461166666667,49
1522,2049-09-27T02:06:19.965,2049-10-11T02:54:31.392,2049-09-27T10:05:10.781+08:00,2049-10-11T10:53:22.208+08:00,provisional_UTC+08:00,provisional_UTC+08:00,20208.19045749813,20208,15,10,10:53:22.208,34.889502222222234,34
1523,2049-10-26T16:16:21.517,2049-11-09T15:39:09.859,2049-10-27T00:15:12.333+08:00,2049-11-09T23:38:00.675+08:00,provisional_UTC+08:00,provisional_UTC+08:00,20122.805693989667,20122,14,23,23:38:00.675,23.633520833333364,23
1524,2049-11-25T05:36:57.056,2049-12-09T07:29:17.300,2049-11-25T13:35:47.872+08:00,2049-12-09T15:28:08.116+08:00,provisional_UTC+08:00,provisional_UTC+08:00,20272.337404073616,20272,15,15,15:28:08.116,39.468921111111115,39
1525,2049-12-24T17:53:01.008,2050-01-08T01:40:16.243,2049-12-25T01:51:51.824+08:00,2050-01-08T09:39:07.059+08:00,provisional_UTC+08:00,provisional_UTC+08:00,20627.253916070116,20627,15,9,09:39:07.059,33.651960833333305,33
1526,2050-01-23T04:58:12.335,2050-02-06T20:48:43.622,2050-01-23T12:57:03.151+08:00,2050-02-07T04:47:34.438+08:00,provisional_UTC+08:00,provisional_UTC+08:00,21110.521439157324,21110,16,4,04:47:34.438,52.79289944444446,52
1527,2050-02-21T15:04:44.915,2050-03-08T15:24:29.399,2050-02-21T23:03:35.731+08:00,2050-03-08T23:23:20.215+08:00,provisional_UTC+08:00,provisional_UTC+08:00,21619.74141458383,21619,16,23,23:23:20.215,71.38894861111112,71
1528,2050-03-23T00:42:09.536,2050-04-07T08:13:21.131,2050-03-23T08:41:00.352+08:00,2050-04-07T16:12:11.947+08:00,provisional_UTC+08:00,provisional_UTC+08:00,22051.193259946354,22051,16,16,16:12:11.947,64.20331861111111,64
1529,2050-04-21T10:26:59.752,2050-05-06T22:27:19.895,2050-04-21T18:25:50.568+08:00,2050-05-07T06:26:10.711+08:00,provisional_UTC+08:00,provisional_UTC+08:00,22320.33571696258,22320,17,6,06:26:10.711,78.43630861111109,78
1530,2050-05-20T20:52:15.660,2050-06-05T09:52:22.998,2050-05-21T04:51:06.476+08:00,2050-06-05T17:51:13.814+08:00,provisional_UTC+08:00,provisional_UTC+08:00,22380.122300326773,22380,16,17,17:51:13.814,65.85383722222224,65
1531,2050-06-19T08:23:04.707,2050-07-04T18:52:11.369,2050-06-19T16:21:55.523+08:00,2050-07-05T02:51:02.185+08:00,provisional_UTC+08:00,provisional_UTC+08:00,22229.111037588682,22229,17,2,02:51:02.185,74.85060694444445,74
1532,2050-07-18T21:18:02.993,2050-08-03T02:21:42.556,2050-07-19T05:16:53.809+08:00,2050-08-03T10:20:33.372+08:00,provisional_UTC+08:00,provisional_UTC+08:00,21903.659383515507,21903,16,10,10:20:33.372,58.34260333333333,58
1533,2050-08-17T11:48:42.129,2050-09-01T09:32:05.069,2050-08-17T19:47:32.945+08:00,2050-09-01T17:30:55.885+08:00,provisional_UTC+08:00,provisional_UTC+08:00,21463.382339383443,21463,16,17,17:30:55.885,65.51552361111112,65
1534,2050-09-16T03:50:33.162,2050-09-30T17:33:00.991,2050-09-16T11:49:23.978+08:00,2050-10-01T01:31:51.807+08:00,provisional_UTC+08:00,provisional_UTC+08:00,20982.463826295607,20982,16,1,01:31:51.807,49.53105750000003,49
1535,2050-10-15T20:49:51.193,2050-10-30T03:17:09.469,2050-10-16T04:48:42.009+08:00,2050-10-30T11:16:00.285+08:00,provisional_UTC+08:00,provisional_UTC+08:00,20547.304591397988,20547,15,11,11:16:00.285,35.26674583333329,35
1536,2050-11-14T13:42:38.213,2050-11-28T15:10:59.563,2050-11-14T21:41:29.029+08:00,2050-11-28T23:09:50.379+08:00,provisional_UTC+08:00,provisional_UTC+08:00,20248.35581817235,20248,15,23,23:09:50.379,47.16399416666667,47
1537,2050-12-14T05:19:19.552,2050-12-28T05:16:47.866,2050-12-14T13:18:10.368+08:00,2050-12-28T13:15:38.682+08:00,provisional_UTC+08:00,provisional_UTC+08:00,20157.471912775876,20157,15,13,13:15:38.682,37.260744999999986,37
1538,2051-01-12T18:59:22.134,2051-01-26T21:21:04.903,2051-01-13T02:58:12.950+08:00,2051-01-27T05:19:55.719+08:00,provisional_UTC+08:00,provisional_UTC+08:00,20301.712821632438,20301,15,5,05:19:55.719,29.332144166666694,29
1539,2051-02-11T06:42:50.486,2051-02-25T14:54:34.120,2051-02-11T14:41:41.302+08:00,2051-02-25T22:53:24.936+08:00,provisional_UTC+08:00,provisional_UTC+08:00,20651.72723051023,20651,15,22,22:53:24.936,46.89026000000001,46
1540,2051-03-12T16:53:48.786,2051-03-27T09:01:21.648,2051-03-13T00:52:39.602+08:00,2051-03-27T17:00:12.464+08:00,provisional_UTC+08:00,provisional_UTC+08:00,21127.547696181202,21127,15,17,17:00:12.464,41.0034622222222,41
1541,2051-04-11T02:00:30.522,2051-04-26T02:20:28.914,2051-04-11T09:59:21.338+08:00,2051-04-26T10:19:19.730+08:00,provisional_UTC+08:00,provisional_UTC+08:00,21619.97319978968,21619,16,10,10:19:19.730,58.32214722222221,58
1542,2051-05-10T10:30:26.656,2051-05-25T17:36:19.800,2051-05-10T18:29:17.472+08:00,2051-05-26T01:35:10.616+08:00,provisional_UTC+08:00,provisional_UTC+08:00,22025.88572363947,22025,17,1,01:35:10.616,73.58628222222222,73
1543,2051-06-08T18:57:49.753,2051-06-24T06:15:36.909,2051-06-09T02:56:40.569+08:00,2051-06-24T14:14:27.725+08:00,provisional_UTC+08:00,provisional_UTC+08:00,22277.785930807095,22277,16,14,14:14:27.725,62.24103472222225,62
1544,2051-07-08T04:10:31.817,2051-07-23T16:37:42.118,2051-07-08T12:09:22.633+08:00,2051-07-24T00:36:32.934+08:00,provisional_UTC+08:00,provisional_UTC+08:00,22347.17167833657,22347,17,0,00:36:32.934,72.60914833333328,72
1545,2051-08-06T15:06:17.319,2051-08-22T01:36:26.063,2051-08-06T23:05:08.135+08:00,2051-08-22T09:35:16.879+08:00,provisional_UTC+08:00,provisional_UTC+08:00,22230.145748003142,22230,17,9,09:35:16.879,81.58802194444445,81
1546,2051-09-05T04:34:35.964,2051-09-20T10:12:53.235,2051-09-05T12:33:26.780+08:00,2051-09-20T18:11:44.051+08:00,provisional_UTC+08:00,provisional_UTC+08:00,21938.287849974167,21938,16,18,18:11:44.051,66.19556972222222,66
1547,2051-10-04T20:48:07.318,2051-10-19T19:14:25.406,2051-10-05T04:46:58.134+08:00,2051-10-20T03:13:16.222+08:00,provisional_UTC+08:00,provisional_UTC+08:00,21506.301464519147,21506,16,3,03:13:16.222,51.22117277777778,51
1548,2051-11-03T15:00:34.320,2051-11-18T05:07:36.842,2051-11-03T22:59:25.136+08:00,2051-11-18T13:06:27.658+08:00,provisional_UTC+08:00,provisional_UTC+08:00,21007.042042695084,21007,16,13,13:06:27.658,61.10768277777777,61
1549,2051-12-03T09:38:11.419,2051-12-17T16:06:24.617,2051-12-03T17:37:02.235+08:00,2051-12-18T00:05:15.433+08:00,provisional_UTC+08:00,provisional_UTC+08:00,20548.21996262929,20548,16,0,00:05:15.433,48.08762027777777,48
1550,2052-01-02T03:06:48.957,2052-01-16T04:25:43.253,2052-01-02T11:05:39.773+08:00,2052-01-16T12:24:34.069+08:00,provisional_UTC+08:00,provisional_UTC+08:00,20238.90493166211,20238,15,12,12:24:34.069,36.40946361111111,36
1551,2052-01-31T18:31:34.927,2052-02-14T18:22:17.612,2052-02-01T02:30:25.743+08:00,2052-02-15T02:21:08.428+08:00,provisional_UTC+08:00,provisional_UTC+08:00,20150.711429132618,20150,15,2,02:21:08.428,26.352341111111116,26
1552,2052-03-01T07:37:11.089,2052-03-15T09:56:00.410,2052-03-01T15:36:01.905+08:00,2052-03-15T17:54:51.226+08:00,provisional_UTC+08:00,provisional_UTC+08:00,20298.822015581878,20298,15,17,17:54:51.226,41.91422944444446,41
1553,2052-03-30T18:28:31.365,2052-04-14T02:30:33.034,2052-03-31T02:27:22.181+08:00,2052-04-14T10:29:23.850+08:00,provisional_UTC+08:00,provisional_UTC+08:00,20642.027806065402,20642,15,10,10:29:23.850,34.489958333333334,34
1554,2052-04-29T03:22:12.320,2052-05-13T19:01:14.990,2052-04-29T11:21:03.136+08:00,2052-05-14T03:00:05.806+08:00,provisional_UTC+08:00,provisional_UTC+08:00,21099.044486172817,21099,16,3,03:00:05.806,51.00161277777778,51
1555,2052-05-28T10:51:36.806,2052-06-12T10:28:29.563,2052-05-28T18:50:27.622+08:00,2052-06-12T18:27:20.379+08:00,provisional_UTC+08:00,provisional_UTC+08:00,21576.879291407804,21576,16,18,18:27:20.379,66.4556608333333,66
1556,2052-06-26T17:51:19.188,2052-07-12T00:24:30.598,2052-06-27T01:50:10.004+08:00,2052-07-12T08:23:21.414+08:00,provisional_UTC+08:00,provisional_UTC+08:00,21993.19016994693,21993,16,8,08:23:21.414,56.389281666666704,56
1557,2052-07-26T01:32:19.839,2052-08-10T12:53:45.140,2052-07-26T09:31:10.655+08:00,2052-08-10T20:52:35.956+08:00,provisional_UTC+08:00,provisional_UTC+08:00,22281.421678417828,22281,16,20,20:52:35.956,68.87665444444445,68
1558,2052-08-24T11:08:11.272,2052-09-09T00:16:53.049,2052-08-24T19:07:02.088+08:00,2052-09-09T08:15:43.865+08:00,provisional_UTC+08:00,provisional_UTC+08:00,22388.696282858982,22388,17,8,08:15:43.865,80.26218472222223,80
1559,2052-09-22T23:34:06.018,2052-10-08T10:56:00.906,2052-09-23T07:32:56.834+08:00,2052-10-08T18:54:51.722+08:00,provisional_UTC+08:00,provisional_UTC+08:00,22281.914795521116,22281,16,18,18:54:51.722,66.91436722222227,66
1560,2052-10-22T15:04:43.219,2052-11-06T21:10:13.831,2052-10-22T23:03:34.035+08:00,2052-11-07T05:09:04.647+08:00,provisional_UTC+08:00,provisional_UTC+08:00,21965.510201832003,21965,17,5,05:09:04.647,77.15129083333335,77
1561,2052-11-21T09:03:49.225,2052-12-06T07:19:21.160,2052-11-21T17:02:40.041+08:00,2052-12-06T15:18:11.976+08:00,provisional_UTC+08:00,provisional_UTC+08:00,21495.53224636009,21495,16,15,15:18:11.976,63.30332666666669,63
1562,2052-12-21T04:16:24.388,2053-01-04T17:47:21.526,2052-12-21T12:15:15.204+08:00,2053-01-05T01:46:12.342+08:00,provisional_UTC+08:00,provisional_UTC+08:00,20970.95231147143,20970,16,1,01:46:12.342,49.77009499999997,49
1563,2053-01-19T23:13:37.253,2053-02-03T04:59:03.210,2053-01-20T07:12:28.069+08:00,2053-02-03T12:57:54.026+08:00,provisional_UTC+08:00,provisional_UTC+08:00,20505.432607841914,20505,15,12,12:57:54.026,36.965007222222255,36
1564,2053-02-18T16:32:48.672,2053-03-04T17:10:57.502,2053-02-19T00:31:39.488+08:00,2053-03-05T01:09:48.318+08:00,provisional_UTC+08:00,provisional_UTC+08:00,20198.14716462307,20198,15,1,01:09:48.318,25.163421666666636,25
1565,2053-03-20T07:12:48.072,2053-04-03T06:24:03.161,2053-03-20T15:11:38.888+08:00,2053-04-03T14:22:53.977+08:00,provisional_UTC+08:00,provisional_UTC+08:00,20111.251497054025,20111,15,14,14:22:53.977,38.38166027777777,38
1566,2053-04-18T18:49:45.167,2053-05-02T20:26:27.583,2053-04-19T02:48:35.983+08:00,2053-05-03T04:25:18.399+08:00,provisional_UTC+08:00,provisional_UTC+08:00,20256.706925389764,20256,15,4,04:25:18.399,28.42177750000002,28
1567,2053-05-18T03:44:23.957,2053-06-01T11:03:24.788,2053-05-18T11:43:14.773+08:00,2053-06-01T19:02:15.604+08:00,provisional_UTC+08:00,provisional_UTC+08:00,20599.013851948894,20599,15,19,19:02:15.604,43.03766777777781,43
1568,2053-06-16T10:52:46.286,2053-07-01T02:02:17.951,2053-06-16T18:51:37.102+08:00,2053-07-01T10:01:08.767+08:00,provisional_UTC+08:00,provisional_UTC+08:00,21069.527757418236,21069,16,10,10:01:08.767,58.01910194444446,58
1569,2053-07-15T17:27:50.226,2053-07-30T17:07:35.394,2053-07-16T01:26:41.042+08:00,2053-07-31T01:06:26.210+08:00,provisional_UTC+08:00,provisional_UTC+08:00,21579.75281120328,21579,16,1,01:06:26.210,49.10728055555552,49
1570,2053-08-14T00:42:28.089,2053-08-29T07:54:13.213,2053-08-14T08:41:18.905+08:00,2053-08-29T15:53:04.029+08:00,provisional_UTC+08:00,provisional_UTC+08:00,22031.752059731825,22031,16,15,15:53:04.029,63.88445250000001,63
1571,2053-09-12T09:37:28.614,2053-09-27T21:51:38.048,2053-09-12T17:36:19.430+08:00,2053-09-28T05:50:28.864+08:00,provisional_UTC+08:00,provisional_UTC+08:00,22334.157230336405,22334,17,5,05:50:28.864,77.84135111111112,77
1572,2053-10-11T20:55:02.542,2053-10-27T10:39:50.671,2053-10-12T04:53:53.358+08:00,2053-10-27T18:38:41.487+08:00,provisional_UTC+08:00,provisional_UTC+08:00,22424.802137250263,22424,16,18,18:38:41.487,66.6448575,66
1573,2053-11-10T10:56:53.199,2053-11-25T22:22:55.202,2053-11-10T18:55:44.015+08:00,2053-11-26T06:21:46.018+08:00,provisional_UTC+08:00,provisional_UTC+08:00,22286.033395187296,22286,17,6,06:21:46.018,78.36278277777774,78
1574,2053-12-10T03:41:55.435,2053-12-25T09:24:34.814,2053-12-10T11:40:46.251+08:00,2053-12-25T17:23:25.630+08:00,provisional_UTC+08:00,provisional_UTC+08:00,21942.656310720387,21942,16,17,17:23:25.630,65.39045277777774,65
1575,2054-01-08T22:35:17.390,2054-01-23T20:09:18.709,2054-01-09T06:34:08.206+08:00,2054-01-24T04:08:09.525+08:00,provisional_UTC+08:00,provisional_UTC+08:00,21454.021992301958,21454,16,4,04:08:09.525,52.13597916666663,52
1576,2054-02-07T18:15:17.856,2054-02-22T06:48:06.566,2054-02-08T02:14:08.672+08:00,2054-02-22T14:46:57.382+08:00,provisional_UTC+08:00,provisional_UTC+08:00,20912.811827755293,20912,15,14,14:46:57.382,38.78260611111108,38
1577,2054-03-09T12:47:06.497,2054-03-23T17:22:51.966,2054-03-09T20:45:57.313+08:00,2054-03-24T01:21:42.782+08:00,provisional_UTC+08:00,provisional_UTC+08:00,20435.757817054164,20435,16,1,01:21:42.782,49.36188388888888,49
1578,2054-04-08T04:33:52.973,2054-04-22T04:03:23.971,2054-04-08T12:32:43.789+08:00,2054-04-22T12:02:14.787+08:00,provisional_UTC+08:00,provisional_UTC+08:00,20129.51663437203,20129,15,12,12:02:14.787,36.037440833333335,36
1579,2054-05-07T17:02:09.821,2054-05-21T15:17:47.445,2054-05-08T01:01:00.637+08:00,2054-05-21T23:16:38.261+08:00,provisional_UTC+08:00,provisional_UTC+08:00,20055.62705978006,20055,14,23,23:16:38.261,23.277294722222223,23
1580,2054-06-06T02:41:48.089,2054-06-20T03:44:10.335,2054-06-06T10:40:38.905+08:00,2054-06-20T11:43:01.151+08:00,provisional_UTC+08:00,provisional_UTC+08:00,20222.370767370623,20222,15,11,11:43:01.151,35.71698638888893,35
1581,2054-07-05T10:35:26.719,2054-07-19T17:48:33.381,2054-07-05T18:34:17.535+08:00,2054-07-20T01:47:24.197+08:00,provisional_UTC+08:00,provisional_UTC+08:00,20593.111033322002,20593,16,1,01:47:24.197,49.79005472222218,49
1582,2054-08-03T17:49:29.909,2054-08-18T09:23:08.073,2054-08-04T01:48:20.725+08:00,2054-08-18T17:21:58.889+08:00,provisional_UTC+08:00,provisional_UTC+08:00,21093.63607578317,21093,15,17,17:21:58.889,41.366358055555565,41
1583,2054-09-02T01:19:45.897,2054-09-17T01:42:27.911,2054-09-02T09:18:36.713+08:00,2054-09-17T09:41:18.727+08:00,provisional_UTC+08:00,provisional_UTC+08:00,21622.700234578788,21622,16,9,09:41:18.727,57.68853527777776,57
1584,2054-10-01T09:50:50.895,2054-10-16T17:46:00.306,2054-10-01T17:49:41.711+08:00,2054-10-17T01:44:51.122+08:00,provisional_UTC+08:00,provisional_UTC+08:00,22075.156853942135,22075,17,1,01:44:51.122,73.74753388888888,73
1585,2054-10-30T20:02:57.168,2054-11-15T08:50:29.044,2054-10-31T04:01:47.984+08:00,2054-11-15T16:49:19.860+08:00,provisional_UTC+08:00,provisional_UTC+08:00,22367.531269541687,22367,16,16,16:49:19.860,64.82218333333338,64
1586,2054-11-29T08:35:12.719,2054-12-14T22:42:20.432,2054-11-29T16:34:03.535+08:00,2054-12-15T06:41:11.248+08:00,provisional_UTC+08:00,provisional_UTC+08:00,22447.128542883904,22447,17,6,06:41:11.248,78.68645777777778,78
1587,2054-12-28T23:53:17.698,2055-01-13T11:22:56.898,2054-12-29T07:52:08.514+08:00,2055-01-13T19:21:47.714+08:00,provisional_UTC+08:00,provisional_UTC+08:00,22289.653339746394,22289,16,19,19:21:47.714,67.36325388888889,67
1588,2055-01-27T17:40:43.987,2055-02-11T22:49:54.971,2055-01-28T01:39:34.803+08:00,2055-02-12T06:48:45.787+08:00,provisional_UTC+08:00,provisional_UTC+08:00,21909.18306761751,21909,16,6,06:48:45.787,54.81271861111111,54
1589,2055-02-26T12:40:33.790,2055-03-13T08:58:34.069,2055-02-26T20:39:24.606+08:00,2055-03-13T16:57:24.885+08:00,provisional_UTC+08:00,provisional_UTC+08:00,21378.00465043493,21378,16,16,16:57:24.885,64.95691249999999,64
1590,2055-03-28T07:02:09.290,2055-04-11T18:00:04.471,2055-03-28T15:01:00.106+08:00,2055-04-12T01:58:55.287+08:00,provisional_UTC+08:00,provisional_UTC+08:00,20817.919677291462,20817,16,1,01:58:55.287,49.98202416666669,49
1591,2055-04-26T23:18:34.107,2055-05-11T02:33:13.192,2055-04-27T07:17:24.923+08:00,2055-05-11T10:32:04.008+08:00,provisional_UTC+08:00,provisional_UTC+08:00,20354.65142302507,20354,15,10,10:32:04.008,34.53444666666667,34
1592,2055-05-26T12:58:43.209,2055-06-09T11:37:29.058,2055-05-26T20:57:34.025+08:00,2055-06-09T19:36:19.874+08:00,provisional_UTC+08:00,provisional_UTC+08:00,20078.764146700687,20078,15,19,19:36:19.874,43.605520555555586,43
1593,2055-06-25T00:17:10.256,2055-07-08T22:13:04.984,2055-06-25T08:16:01.072+08:00,2055-07-09T06:11:55.800+08:00,provisional_UTC+08:00,provisional_UTC+08:00,20035.91212851464,20035,15,6,06:11:55.800,30.19883333333337,30
1594,2055-07-24T09:49:25.280,2055-08-07T10:58:48.995,2055-07-24T17:48:16.096+08:00,2055-08-07T18:57:39.811+08:00,provisional_UTC+08:00,provisional_UTC+08:00,20229.39526121386,20229,15,18,18:57:39.811,42.96105861111113,42
1595,2055-08-22T18:16:22.157,2055-09-06T01:57:56.914,2055-08-23T02:15:12.973+08:00,2055-09-06T09:56:47.730+08:00,provisional_UTC+08:00,provisional_UTC+08:00,20621.57927601056,20621,15,9,09:56:47.730,33.94659166666668,33
1596,2055-09-21T02:21:10.248,2055-10-05T18:39:36.519,2055-09-21T10:20:01.064+08:00,2055-10-06T02:38:27.335+08:00,provisional_UTC+08:00,provisional_UTC+08:00,21138.437855498905,21138,16,2,02:38:27.335,50.640926388888886,50
1597,2055-10-20T10:51:03.936,2055-11-04T12:13:08.777,2055-10-20T18:49:54.752+08:00,2055-11-04T20:11:59.593+08:00,provisional_UTC+08:00,provisional_UTC+08:00,21682.080676312216,21682,16,20,20:11:59.593,68.19988694444447,68
1598,2055-11-18T20:35:40.911,2055-12-04T05:41:41.598,2055-11-19T04:34:31.727+08:00,2055-12-04T13:40:32.414+08:00,provisional_UTC+08:00,provisional_UTC+08:00,22146.011443706884,22146,16,13,13:40:32.414,61.6756705555556,61
1599,2055-12-18T08:16:56.788,2056-01-02T22:07:16.904,2055-12-18T16:15:47.604+08:00,2056-01-03T06:06:07.720+08:00,provisional_UTC+08:00,provisional_UTC+08:00,22430.33525409894,22430,17,6,06:06:07.720,78.10214444444443,78
1600,2056-01-16T22:12:06.869,2056-02-01T12:37:24.654,2056-01-17T06:10:57.685+08:00,2056-02-01T20:36:15.470+08:00,provisional_UTC+08:00,provisional_UTC+08:00,22465.296427615787,22465,16,20,20:36:15.470,68.60429722222221,68
1601,2056-02-15T14:01:13.335,2056-03-02T00:41:41.866,2056-02-15T22:00:04.151+08:00,2056-03-02T08:40:32.682+08:00,provisional_UTC+08:00,provisional_UTC+08:00,22240.475523209752,22240,17,8,08:40:32.682,80.675745,80
1602,2056-03-16T06:53:50.826,2056-03-31T10:26:30.652,2056-03-16T14:52:41.642+08:00,2056-03-31T18:25:21.468+08:00,provisional_UTC+08:00,provisional_UTC+08:00,21812.663768362912,21812,16,18,18:25:21.468,66.42263000000003,66
1603,2056-04-14T23:52:02.981,2056-04-29T18:32:34.878,2056-04-15T07:50:53.797+08:00,2056-04-30T02:31:25.694+08:00,provisional_UTC+08:00,provisional_UTC+08:00,21280.531619401772,21280,16,2,02:31:25.694,50.523803888888835,50
1604,2056-05-14T16:07:46.406,2056-05-29T01:59:28.351,2056-05-15T00:06:37.222+08:00,2056-05-29T09:58:19.167+08:00,provisional_UTC+08:00,provisional_UTC+08:00,20751.699075083263,20751,15,9,09:58:19.167,33.97199083333328,33
1605,2056-06-13T07:05:29.271,2056-06-27T09:49:16.420,2056-06-13T15:04:20.087+08:00,2056-06-27T17:48:07.236+08:00,provisional_UTC+08:00,provisional_UTC+08:00,20323.785811504975,20323,15,17,17:48:07.236,41.802009999999996,41
1606,2056-07-12T20:21:30.376,2056-07-26T18:56:06.079,2056-07-13T04:20:21.192+08:00,2056-07-27T02:54:56.895+08:00,provisional_UTC+08:00,provisional_UTC+08:00,20074.59504342629,20074,15,2,02:54:56.895,26.915804166666646,26
1607,2056-08-11T07:49:40.793,2056-08-25T06:02:02.396,2056-08-11T15:48:31.609+08:00,2056-08-25T14:00:53.212+08:00,provisional_UTC+08:00,provisional_UTC+08:00,20052.36004292943,20052,15,14,14:00:53.212,38.01478111111112,38
1608,2056-09-09T17:48:54.962,2056-09-23T19:36:00.936,2056-09-10T01:47:45.778+08:00,2056-09-24T03:34:51.752+08:00,provisional_UTC+08:00,provisional_UTC+08:00,20267.09956067618,20267,15,3,03:34:51.752,27.581042222222266,27
1609,2056-10-09T03:02:03.646,2056-10-23T11:48:00.982,2056-10-09T11:00:54.462+08:00,2056-10-23T19:46:51.798+08:00,provisional_UTC+08:00,provisional_UTC+08:00,20685.95559485715,20685,15,19,19:46:51.798,43.78105499999998,43
1610,2056-11-07T12:22:15.495,2056-11-22T06:13:02.431,2056-11-07T20:21:06.311+08:00,2056-11-22T14:11:53.247+08:00,provisional_UTC+08:00,provisional_UTC+08:00,21230.782257382216,21230,16,14,14:11:53.247,62.19812416666667,62
1611,2056-12-06T22:32:33.476,2056-12-22T01:35:23.221,2056-12-07T06:31:24.292+08:00,2056-12-22T09:34:14.037+08:00,provisional_UTC+08:00,provisional_UTC+08:00,21782.82908989013,21782,16,9,09:34:14.037,57.57056583333332,57
1612,2057-01-05T09:50:49.800,2057-01-20T20:02:40.873,2057-01-05T17:49:40.616+08:00,2057-01-21T04:01:31.689+08:00,provisional_UTC+08:00,provisional_UTC+08:00,22211.851213380804,22211,17,4,04:01:31.689,76.02546916666665,76
1613,2057-02-03T22:11:59.882,2057-02-19T11:58:14.098,2057-02-04T06:10:50.698+08:00,2057-02-19T19:57:04.914+08:00,provisional_UTC+08:00,provisional_UTC+08:00,22426.23692843561,22426,16,19,19:57:04.914,67.95136500000001,67
1614,2057-03-05T11:26:14.543,2057-03-21T00:46:27.567,2057-03-05T19:25:05.359+08:00,2057-03-21T08:45:18.383+08:00,provisional_UTC+08:00,provisional_UTC+08:00,22400.217059701434,22400,17,8,08:45:18.383,80.75510638888886,80
1615,2057-04-04T01:32:56.369,2057-04-19T10:51:02.517,2057-04-04T09:31:47.185+08:00,2057-04-19T18:49:53.333+08:00,provisional_UTC+08:00,provisional_UTC+08:00,22158.102473502728,22158,16,18,18:49:53.333,66.8314813888889,66
1616,2057-05-03T16:33:36.193,2057-05-18T19:03:56.359,2057-05-04T00:32:27.009+08:00,2057-05-19T03:02:47.175+08:00,provisional_UTC+08:00,provisional_UTC+08:00,21750.336105498118,21750,16,3,03:02:47.175,51.046437500000025,51
1617,2057-06-02T08:12:33.249,2057-06-17T02:20:06.541,2057-06-02T16:11:24.065+08:00,2057-06-17T10:18:57.357+08:00,provisional_UTC+08:00,provisional_UTC+08:00,21247.554854618276,21247,16,10,10:18:57.357,58.31593250000003,58
1618,2057-07-01T23:49:02.547,2057-07-16T09:29:48.818,2057-07-02T07:47:53.363+08:00,2057-07-16T17:28:39.634+08:00,provisional_UTC+08:00,provisional_UTC+08:00,20740.77117410888,20740,15,17,17:28:39.634,41.47767611111112,41
1619,2057-07-31T14:33:34.462,2057-08-14T17:22:57.707,2057-07-31T22:32:25.278+08:00,2057-08-15T01:21:48.523+08:00,provisional_UTC+08:00,provisional_UTC+08:00,20329.387411801225,20329,16,1,01:21:48.523,49.363478611111134,49
1620,2057-08-30T03:56:14.100,2057-09-13T02:54:57.095,2057-08-30T11:55:04.916+08:00,2057-09-13T10:53:47.911+08:00,provisional_UTC+08:00,provisional_UTC+08:00,20098.71658257487,20098,15,10,10:53:47.911,34.89664194444447,34
1621,2057-09-28T16:01:53.400,2057-10-12T15:03:09.537,2057-09-29T00:00:44.216+08:00,2057-10-12T23:02:00.353+08:00,provisional_UTC+08:00,provisional_UTC+08:00,20101.26895149375,20101,14,23,23:02:00.353,23.033431388888857,23
1622,2057-10-28T03:20:46.360,2057-11-11T06:25:56.418,2057-10-28T11:19:37.176+08:00,2057-11-11T14:24:47.234+08:00,provisional_UTC+08:00,provisional_UTC+08:00,20345.167628607032,20345,15,14,14:24:47.234,38.413120555555565,38
1623,2057-11-26T14:24:02.761,2057-12-11T00:47:48.320,2057-11-26T22:22:53.577+08:00,2057-12-11T08:46:39.136+08:00,provisional_UTC+08:00,provisional_UTC+08:00,20783.759317614404,20783,16,8,08:46:39.136,56.77753777777775,56
1624,2057-12-26T01:24:01.550,2058-01-09T20:40:20.660,2057-12-26T09:22:52.366+08:00,2058-01-10T04:39:11.476+08:00,provisional_UTC+08:00,provisional_UTC+08:00,21316.318510374615,21316,16,4,04:39:11.476,52.65318777777776,52
1625,2058-01-24T12:15:48.080,2058-02-08T15:55:51.816,2058-01-24T20:14:38.896+08:00,2058-02-08T23:54:42.632+08:00,provisional_UTC+08:00,provisional_UTC+08:00,21820.062253536347,21820,16,23,23:54:42.632,71.91184222222222,71
1626,2058-02-22T22:58:16.503,2058-03-10T08:54:09.429,2058-02-23T06:57:07.319+08:00,2058-03-10T16:53:00.245+08:00,provisional_UTC+08:00,provisional_UTC+08:00,22195.882096220772,22195,16,16,16:53:00.245,64.8834013888889,64
1627,2058-03-24T09:51:22.316,2058-04-08T22:56:55.617,2058-03-24T17:50:13.132+08:00,2058-04-09T06:55:46.433+08:00,provisional_UTC+08:00,provisional_UTC+08:00,22385.55502884951,22385,17,6,06:55:46.433,78.92956472222221,78
1628,2058-04-22T21:30:39.059,2058-05-08T10:13:53.024,2058-04-23T05:29:29.875+08:00,2058-05-08T18:12:43.840+08:00,provisional_UTC+08:00,provisional_UTC+08:00,22363.232754105575,22363,16,18,18:12:43.840,66.21217777777781,66
1629,2058-05-22T10:24:51.758,2058-06-06T19:17:01.623,2058-05-22T18:23:42.574+08:00,2058-06-07T03:15:52.439+08:00,provisional_UTC+08:00,provisional_UTC+08:00,22132.164415705538,22132,17,3,03:15:52.439,75.26456638888891,75
1630,2058-06-21T00:36:33.904,2058-07-06T02:48:20.199,2058-06-21T08:35:24.720+08:00,2058-07-06T10:47:11.015+08:00,provisional_UTC+08:00,provisional_UTC+08:00,21731.771574509676,21731,16,10,10:47:11.015,58.78639305555555,58
1631,2058-07-20T15:41:27.370,2058-08-04T09:39:26.204,2058-07-20T23:40:18.186+08:00,2058-08-04T17:38:17.020+08:00,provisional_UTC+08:00,provisional_UTC+08:00,21237.980563453355,21237,16,17,17:38:17.020,65.63806111111114,65
1632,2058-08-19T07:04:57.578,2058-09-02T16:52:55.138,2058-08-19T15:03:48.394+08:00,2058-09-03T00:51:45.954+08:00,provisional_UTC+08:00,provisional_UTC+08:00,20747.959343178518,20747,16,0,00:51:45.954,48.86276499999997,48
1633,2058-09-17T22:19:15.705,2058-10-02T01:37:52.904,2058-09-18T06:18:06.521+08:00,2058-10-02T09:36:43.720+08:00,provisional_UTC+08:00,provisional_UTC+08:00,20358.61999506982,20358,15,9,09:36:43.720,33.612144444444425,33
1634,2058-10-17T13:06:33.823,2058-10-31T12:56:01.199,2058-10-17T21:05:24.639+08:00,2058-10-31T20:54:52.015+08:00,provisional_UTC+08:00,provisional_UTC+08:00,20149.456265613007,20149,15,20,20:54:52.015,44.914448611111084,44
1635,2058-11-16T03:10:59.756,2058-11-30T03:18:48.442,2058-11-16T11:09:50.572+08:00,2058-11-30T11:17:39.258+08:00,provisional_UTC+08:00,provisional_UTC+08:00,20167.811440845126,20167,15,11,11:17:39.258,35.29423833333328,35
1636,2058-12-15T16:13:24.437,2058-12-29T20:27:02.575,2058-12-16T00:12:15.253+08:00,2058-12-30T04:25:53.391+08:00,provisional_UTC+08:00,provisional_UTC+08:00,20413.63563604831,20413,15,4,04:25:53.391,28.431497500000035,28
1637,2059-01-14T03:58:44.589,2059-01-28T15:12:54.252,2059-01-14T11:57:35.405+08:00,2059-01-28T23:11:45.068+08:00,provisional_UTC+08:00,provisional_UTC+08:00,20834.161052969375,20834,15,23,23:11:45.068,47.195852222222186,47
1638,2059-02-12T14:28:56.666,2059-02-27T10:07:27.094,2059-02-12T22:27:47.482+08:00,2059-02-27T18:06:17.910+08:00,provisional_UTC+08:00,provisional_UTC+08:00,21338.50712608682,21338,16,18,18:06:17.910,66.10497499999997,66
1639,2059-03-14T00:07:12.227,2059-03-29T03:49:20.204,2059-03-14T08:06:03.043+08:00,2059-03-29T11:48:11.020+08:00,provisional_UTC+08:00,provisional_UTC+08:00,21822.13295482849,21822,16,11,11:48:11.020,59.803061111111106,59
1640,2059-04-12T09:30:21.534,2059-04-27T19:18:52.188,2059-04-12T17:29:12.350+08:00,2059-04-28T03:17:43.004+08:00,provisional_UTC+08:00,provisional_UTC+08:00,22188.510895586933,22188,17,3,03:17:43.004,75.2952788888889,75
1641,2059-05-11T19:16:52.046,2059-05-27T08:05:28.856,2059-05-12T03:15:42.862+08:00,2059-05-27T16:04:19.672+08:00,provisional_UTC+08:00,provisional_UTC+08:00,22368.6135064872,22368,16,16,16:04:19.672,64.0721311111111,64
1642,2059-06-10T05:58:42.784,2059-06-25T18:14:15.870,2059-06-10T13:57:33.600+08:00,2059-06-26T02:13:06.686+08:00,provisional_UTC+08:00,provisional_UTC+08:00,22335.551430833602,22335,17,2,02:13:06.686,74.21852388888891,74
1643,2059-07-09T18:00:15.743,2059-07-25T02:25:28.648,2059-07-10T01:59:06.559+08:00,2059-07-25T10:24:19.464+08:00,provisional_UTC+08:00,provisional_UTC+08:00,22105.21507997305,22105,16,10,10:24:19.464,58.405406666666636,58
1644,2059-08-08T07:39:22.399,2059-08-23T09:43:35.403,2059-08-08T15:38:13.215+08:00,2059-08-23T17:42:26.219+08:00,provisional_UTC+08:00,provisional_UTC+08:00,21724.216734092013,21724,16,17,17:42:26.219,65.70728305555559,65
1645,2059-09-06T23:02:29.937,2059-09-21T17:20:16.347,2059-09-07T07:01:20.753+08:00,2059-09-22T01:19:07.163+08:00,provisional_UTC+08:00,provisional_UTC+08:00,21257.773496277587,21257,16,1,01:19:07.163,49.31865638888888,49
1646,2059-10-06T15:51:27.483,2059-10-21T02:16:51.810,2059-10-06T23:50:18.299+08:00,2059-10-21T10:15:42.626+08:00,provisional_UTC+08:00,provisional_UTC+08:00,20785.405458548867,20785,16,10,10:15:42.626,58.26184055555552,58
1647,2059-11-05T09:13:00.985,2059-11-19T13:10:59.401,2059-11-05T17:11:51.801+08:00,2059-11-19T21:09:50.217+08:00,provisional_UTC+08:00,provisional_UTC+08:00,20397.973595338426,20397,15,21,21:09:50.217,45.16394916666667,45
1648,2059-12-05T01:50:54.257,2059-12-19T02:13:17.170,2059-12-05T09:49:45.073+08:00,2059-12-19T10:12:07.986+08:00,provisional_UTC+08:00,provisional_UTC+08:00,20182.381877281485,20182,15,10,10:12:07.986,34.20221833333335,34
1649,2060-01-03T16:41:51.773,2060-01-17T17:15:34.215,2060-01-04T00:40:42.589+08:00,2060-01-18T01:14:25.031+08:00,provisional_UTC+08:00,provisional_UTC+08:00,20193.707371398275,20193,15,1,01:14:25.031,25.240286388888876,25
1650,2060-02-02T05:24:09.970,2060-02-16T09:58:04.685,2060-02-02T13:23:00.786+08:00,2060-02-16T17:56:55.501+08:00,provisional_UTC+08:00,provisional_UTC+08:00,20433.9119224426,20433,15,17,17:56:55.501,41.948750277777776,41
1651,2060-03-02T16:13:17.339,2060-03-17T03:42:38.993,2060-03-03T00:12:08.155+08:00,2060-03-17T11:41:29.809+08:00,provisional_UTC+08:00,provisional_UTC+08:00,20849.36089976558,20849,15,11,11:41:29.809,35.69161361111111,35
1652,2060-04-01T01:39:16.930,2060-04-15T21:23:25.276,2060-04-01T09:38:07.746+08:00,2060-04-16T05:22:16.092+08:00,provisional_UTC+08:00,provisional_UTC+08:00,21344.139094705348,21344,16,5,05:22:16.092,53.371136666666644,53
1653,2060-04-30T10:12:28.369,2060-05-15T13:40:57.587,2060-04-30T18:11:19.185+08:00,2060-05-15T21:39:48.403+08:00,provisional_UTC+08:00,provisional_UTC+08:00,21808.486960967195,21808,16,21,21:39:48.403,69.66344527777778,69
1654,2060-05-29T18:25:05.771,2060-06-14T03:38:52.768,2060-05-30T02:23:56.587+08:00,2060-06-14T11:37:43.584+08:00,provisional_UTC+08:00,provisional_UTC+08:00,22153.783278583523,22153,16,11,11:37:43.584,59.628773333333356,59
1655,2060-06-28T02:59:36.443,2060-07-13T15:10:08.819,2060-06-28T10:58:27.259+08:00,2060-07-13T23:08:59.635+08:00,provisional_UTC+08:00,provisional_UTC+08:00,22330.53960128175,22330,16,23,23:08:59.635,71.1498986111111,71
1656,2060-07-27T12:51:19.040,2060-08-12T00:52:45.331,2060-07-27T20:50:09.856+08:00,2060-08-12T08:51:36.147+08:00,provisional_UTC+08:00,provisional_UTC+08:00,22321.438185228708,22321,17,8,08:51:36.147,80.86004083333336,80
1657,2060-08-26T00:57:57.696,2060-09-10T09:45:34.616,2060-08-26T08:56:48.512+08:00,2060-09-10T17:44:25.432+08:00,provisional_UTC+08:00,provisional_UTC+08:00,22127.61534560501,22127,16,17,17:44:25.432,65.74039777777779,65
1658,2060-09-24T15:55:14.244,2060-10-09T18:42:51.954,2060-09-24T23:54:05.060+08:00,2060-10-10T02:41:42.770+08:00,provisional_UTC+08:00,provisional_UTC+08:00,21767.628485486348,21767,17,2,02:41:42.770,74.69521388888887,74
1659,2060-10-24T09:27:20.002,2060-11-08T04:19:06.722,2060-10-24T17:26:10.818+08:00,2060-11-08T12:17:57.538+08:00,provisional_UTC+08:00,provisional_UTC+08:00,21291.77866519345,21291,16,12,12:17:57.538,60.29931611111107,60
1660,2060-11-23T04:17:34.394,2060-12-07T14:50:01.424,2060-11-23T12:16:25.210+08:00,2060-12-07T22:48:52.240+08:00,provisional_UTC+08:00,provisional_UTC+08:00,20792.45049455388,20792,15,22,22:48:52.240,46.81451111111113,46
1661,2060-12-22T22:41:16.810,2061-01-06T02:26:18.949,2060-12-23T06:40:07.626+08:00,2061-01-06T10:25:09.765+08:00,provisional_UTC+08:00,provisional_UTC+08:00,20385.03565502284,20385,15,10,10:25:09.765,34.41937916666666,34
1662,2061-01-21T15:17:53.921,2061-02-04T15:24:07.059,2061-01-21T23:16:44.737+08:00,2061-02-04T23:22:57.875+08:00,provisional_UTC+08:00,provisional_UTC+08:00,20166.218960599195,20166,15,23,23:22:57.875,47.38274305555558,47
1663,2061-02-20T05:33:06.998,2061-03-06T05:56:06.171,2061-02-20T13:31:57.814+08:00,2061-03-06T13:54:56.987+08:00,provisional_UTC+08:00,provisional_UTC+08:00,20182.986211900796,20182,15,13,13:54:56.987,37.91582972222221,37
1664,2061-03-21T17:24:53.307,2061-04-04T21:49:01.597,2061-03-22T01:23:44.123+08:00,2061-04-05T05:47:52.413+08:00,provisional_UTC+08:00,provisional_UTC+08:00,20424.138167100715,20424,15,5,05:47:52.413,29.79789249999999,29
1665,2061-04-20T03:06:25.286,2061-05-04T14:14:40.942,2061-04-20T11:05:16.102+08:00,2061-05-04T22:13:31.758+08:00,provisional_UTC+08:00,provisional_UTC+08:00,20828.260923315545,20828,15,22,22:13:31.758,46.22548833333332,46
1666,2061-05-19T11:04:29.166,2061-06-03T06:10:55.299,2061-05-19T19:03:19.982+08:00,2061-06-03T14:09:46.115+08:00,provisional_UTC+08:00,provisional_UTC+08:00,21306.4355528508,21306,16,14,14:09:46.115,62.16280972222222,62
1667,2061-06-17T18:04:48.529,2061-07-02T20:54:00.707,2061-06-18T02:03:39.345+08:00,2061-07-03T04:52:51.523+08:00,provisional_UTC+08:00,provisional_UTC+08:00,21769.202964551878,21769,16,4,04:52:51.523,52.88097861111112,52
1668,2061-07-17T01:12:07.551,2061-08-01T10:12:44.877,2061-07-17T09:10:58.367+08:00,2061-08-01T18:11:35.693+08:00,provisional_UTC+08:00,provisional_UTC+08:00,22140.622100154862,22140,16,18,18:11:35.693,66.19324805555556,66
1669,2061-08-15T09:41:07.122,2061-08-30T22:19:34.316,2061-08-15T17:39:57.938+08:00,2061-08-31T06:18:25.132+08:00,provisional_UTC+08:00,provisional_UTC+08:00,22358.453232615473,22358,17,6,06:18:25.132,78.3069811111111,78
1670,2061-09-13T20:39:06.104,2061-09-29T09:34:09.105,2061-09-14T04:37:56.920+08:00,2061-09-29T17:32:59.921+08:00,provisional_UTC+08:00,provisional_UTC+08:00,22375.050011564,22375,16,17,17:32:59.921,65.54997805555558,65
1671,2061-10-13T10:43:11.671,2061-10-28T20:13:44.269,2061-10-13T18:42:02.487+08:00,2061-10-29T04:12:35.085+08:00,provisional_UTC+08:00,provisional_UTC+08:00,22170.543295267307,22170,17,4,04:12:35.085,76.20974583333333,76
1672,2061-11-12T03:41:37.625,2061-11-27T06:34:03.443,2061-11-12T11:40:28.441+08:00,2061-11-27T14:32:54.259+08:00,provisional_UTC+08:00,provisional_UTC+08:00,21772.43029770947,21772,16,14,14:32:54.259,62.54840527777782,62
1673,2061-12-11T22:34:15.507,2061-12-26T16:54:32.370,2061-12-12T06:33:06.323+08:00,2061-12-27T00:53:23.186+08:00,provisional_UTC+08:00,provisional_UTC+08:00,21260.28105965001,21260,16,0,00:53:23.186,48.8897738888889,48
1674,2062-01-10T17:54:09.048,2062-01-25T03:39:06.445,2062-01-11T01:52:59.864+08:00,2062-01-25T11:37:57.261+08:00,provisional_UTC+08:00,provisional_UTC+08:00,20744.956613961527,20744,15,11,11:37:57.261,35.63257249999998,35
1675,2062-02-09T12:12:19.841,2062-02-23T15:09:42.548,2062-02-09T20:11:10.657+08:00,2062-02-23T23:08:33.364+08:00,provisional_UTC+08:00,provisional_UTC+08:00,20337.37845272698,20337,15,23,23:08:33.364,47.142601111111105,47
1676,2062-03-11T04:14:52.509,2062-03-25T03:37:18.323,2062-03-11T12:13:43.325+08:00,2062-03-25T11:36:09.139+08:00,provisional_UTC+08:00,provisional_UTC+08:00,20122.430240796926,20122,15,11,11:36:09.139,35.60253861111113,35
1677,2062-04-09T17:18:45.474,2062-04-23T16:59:01.740,2062-04-10T01:17:36.290+08:00,2062-04-24T00:57:52.556+08:00,provisional_UTC+08:00,provisional_UTC+08:00,20140.27109658708,20140,15,0,00:57:52.556,24.96459888888893,24
1678,2062-05-09T03:24:24.181,2062-05-23T07:04:49.697,2062-05-09T11:23:14.997+08:00,2062-05-23T15:03:40.513+08:00,provisional_UTC+08:00,provisional_UTC+08:00,20380.425261398785,20380,15,15,15:03:40.513,39.06125361111111,39
1679,2062-06-07T11:13:45.967,2062-06-21T21:45:03.431,2062-06-07T19:12:36.783+08:00,2062-06-22T05:43:54.247+08:00,provisional_UTC+08:00,provisional_UTC+08:00,20791.29106561437,20791,16,5,05:43:54.247,53.73173527777777,53
1680,2062-07-06T17:54:39.989,2062-07-21T12:49:07.518,2062-07-07T01:53:30.805+08:00,2062-07-21T20:47:58.334+08:00,provisional_UTC+08:00,provisional_UTC+08:00,21294.458813683123,21294,15,20,20:47:58.334,44.79953722222223,44
1681,2062-08-05T00:42:12.318,2062-08-20T03:57:22.323,2062-08-05T08:41:03.134+08:00,2062-08-20T11:56:13.139+08:00,provisional_UTC+08:00,provisional_UTC+08:00,21795.166738320993,21795,16,11,11:56:13.139,59.93698305555557,59
1682,2062-09-03T08:44:07.685,2062-09-18T18:38:18.653,2062-09-03T16:42:58.501+08:00,2062-09-19T02:37:09.469+08:00,provisional_UTC+08:00,provisional_UTC+08:00,22194.18280399126,22194,17,2,02:37:09.469,74.61929694444444,74
1683,2062-10-02T18:51:26.016,2062-10-18T08:20:11.228,2062-10-03T02:50:16.832+08:00,2062-10-18T16:19:02.044+08:00,provisional_UTC+08:00,provisional_UTC+08:00,22408.753535328306,22408,16,16,16:19:02.044,64.31723444444447,64
1684,2062-11-01T07:34:31.089,2062-11-16T20:49:46.118,2062-11-01T15:33:21.905+08:00,2062-11-17T04:48:36.934+08:00,provisional_UTC+08:00,provisional_UTC+08:00,22395.250483858017,22395,17,4,04:48:36.934,76.8102594444444,76
1685,2062-11-30T23:02:39.552,2062-12-16T08:19:18.777,2062-12-01T07:01:30.368+08:00,2062-12-16T16:18:09.593+08:00,provisional_UTC+08:00,provisional_UTC+08:00,22156.653748003562,22156,16,16,16:18:09.593,64.30266472222223,64
1686,2062-12-30T16:58:40.134,2063-01-14T19:13:32.359,2062-12-31T00:57:30.950+08:00,2063-01-15T03:12:23.175+08:00,provisional_UTC+08:00,provisional_UTC+08:00,21734.870413171135,21734,16,3,03:12:23.175,51.20643749999999,51
1687,2063-01-29T12:24:49.872,2063-02-13T05:50:28.632,2063-01-29T20:23:40.688+08:00,2063-02-13T13:49:19.448+08:00,provisional_UTC+08:00,provisional_UTC+08:00,21205.646004388167,21205,16,13,13:49:19.448,61.82206888888891,61
1688,2063-02-28T07:39:28.934,2063-03-14T16:16:00.018,2063-02-28T15:38:19.750+08:00,2063-03-15T00:14:50.834+08:00,provisional_UTC+08:00,provisional_UTC+08:00,20676.518067847486,20676,16,0,00:14:50.834,48.24745388888891,48
1689,2063-03-30T00:51:17.289,2063-04-13T02:36:15.837,2063-03-30T08:50:08.105+08:00,2063-04-13T10:35:06.653+08:00,provisional_UTC+08:00,provisional_UTC+08:00,20264.97580551935,20264,15,10,10:35:06.653,34.585181388888884,34
1690,2063-04-28T14:53:46.020,2063-05-12T13:13:02.512,2063-04-28T22:52:36.836+08:00,2063-05-12T21:11:53.328+08:00,provisional_UTC+08:00,provisional_UTC+08:00,20059.274865087482,20059,15,21,21:11:53.328,45.19814666666667,45
1691,2063-05-28T01:48:48.204,2063-06-11T00:44:42.751,2063-05-28T09:47:39.020+08:00,2063-06-11T08:43:33.567+08:00,provisional_UTC+08:00,provisional_UTC+08:00,20095.909113346745,20095,15,8,08:43:33.567,32.725990833333356,32
1692,2063-06-26T10:27:20.568,2063-07-10T13:49:40.229,2063-06-26T18:26:11.384+08:00,2063-07-10T21:48:31.045+08:00,provisional_UTC+08:00,provisional_UTC+08:00,20362.327672708998,20362,15,21,21:48:31.045,45.8086236111111,45
1693,2063-07-25T17:56:55.823,2063-08-09T04:41:50.966,2063-07-26T01:55:46.639+08:00,2063-08-09T12:40:41.782+08:00,provisional_UTC+08:00,provisional_UTC+08:00,20804.91903695407,20804,15,12,12:40:41.782,36.67827277777775,36
1694,2063-08-24T01:19:21.733,2063-09-07T20:54:32.522,2063-08-24T09:18:12.549+08:00,2063-09-08T04:53:23.338+08:00,provisional_UTC+08:00,provisional_UTC+08:00,21335.17981008339,21335,16,4,04:53:23.338,52.88981611111109,52
1695,2063-09-22T09:23:16.016,2063-10-07T13:28:35.556,2063-09-22T17:22:06.832+08:00,2063-10-07T21:27:26.372+08:00,provisional_UTC+08:00,provisional_UTC+08:00,21845.325667211,21845,16,21,21:27:26.372,69.45732555555554,69
1696,2063-10-21T18:48:05.507,2063-11-06T05:24:02.650,2063-10-22T02:46:56.323+08:00,2063-11-06T13:22:53.466+08:00,provisional_UTC+08:00,provisional_UTC+08:00,22235.952382491978,22235,16,13,13:22:53.466,61.38151833333336,61
1697,2063-11-20T06:11:14.331,2063-12-05T20:07:49.659,2063-11-20T14:10:05.147+08:00,2063-12-06T04:06:40.475+08:00,provisional_UTC+08:00,provisional_UTC+08:00,22436.58880230556,22436,17,4,04:06:40.475,76.11124305555558,76
1698,2063-12-19T20:05:37.295,2064-01-04T09:32:59.029,2063-12-20T04:04:28.111+08:00,2064-01-04T17:31:49.845+08:00,provisional_UTC+08:00,provisional_UTC+08:00,22407.362237214507,22407,16,17,17:31:49.845,65.53051249999999,65
1699,2064-01-18T12:38:39.546,2064-02-02T21:38:47.339,2064-01-18T20:37:30.362+08:00,2064-02-03T05:37:38.155+08:00,provisional_UTC+08:00,provisional_UTC+08:00,22140.129879375956,22140,17,5,05:37:38.155,77.62726527777778,77
1700,2064-02-17T07:04:41.695,2064-03-03T08:20:42.964,2064-02-17T15:03:32.511+08:00,2064-03-03T16:19:33.780+08:00,provisional_UTC+08:00,provisional_UTC+08:00,21676.021160984197,21676,16,16,16:19:33.780,64.32605000000001,64
1701,2064-03-18T01:46:50.057,2064-04-01T17:41:57.643,2064-03-18T09:45:40.873+08:00,2064-04-02T01:40:48.459+08:00,provisional_UTC+08:00,provisional_UTC+08:00,21115.12642282374,21115,16,1,01:40:48.459,49.680127500000026,49
1702,2064-04-16T19:03:24.807,2064-05-01T02:09:52.481,2064-04-17T03:02:15.623+08:00,2064-05-01T10:08:43.297+08:00,provisional_UTC+08:00,provisional_UTC+08:00,20586.461235063834,20586,15,10,10:08:43.297,34.1453602777778,34
1703,2064-05-16T09:56:49.678,2064-05-30T10:37:47.250,2064-05-16T17:55:40.494+08:00,2064-05-30T18:36:38.066+08:00,provisional_UTC+08:00,provisional_UTC+08:00,20200.959531623368,20200,15,18,18:36:38.066,42.610573888888894,42
1704,2064-06-14T22:22:25.440,2064-06-28T20:10:28.434,2064-06-15T06:21:16.256+08:00,2064-06-29T04:09:19.250+08:00,provisional_UTC+08:00,provisional_UTC+08:00,20028.04991287153,20028,15,4,04:09:19.250,28.155347222222247,28
1705,2064-07-14T08:47:40.286,2064-07-28T07:42:10.917,2064-07-14T16:46:31.102+08:00,2064-07-28T15:41:01.733+08:00,provisional_UTC+08:00,provisional_UTC+08:00,20094.51052726247,20094,15,15,15:41:01.733,39.68381472222222,39
1706,2064-08-12T17:50:55.573,2064-08-26T21:36:51.907,2064-08-13T01:49:46.389+08:00,2064-08-27T05:35:42.723+08:00,provisional_UTC+08:00,provisional_UTC+08:00,20385.93890453434,20385,15,5,05:35:42.723,29.59520083333331,29
1707,2064-09-11T02:12:36.388,2064-09-25T13:40:06.356,2064-09-11T10:11:27.204+08:00,2064-09-25T21:38:57.172+08:00,provisional_UTC+08:00,provisional_UTC+08:00,20847.499479536018,20847,15,21,21:38:57.172,45.64921444444445,45
1708,2064-10-10T10:35:39.819,2064-10-25T07:07:21.105,2064-10-10T18:34:30.635+08:00,2064-10-25T15:06:11.921+08:00,provisional_UTC+08:00,provisional_UTC+08:00,21391.68809784911,21391,16,15,15:06:11.921,63.103311388888926,63
1709,2064-11-08T19:46:40.781,2064-11-24T01:00:01.940,2064-11-09T03:45:31.597+08:00,2064-11-24T08:58:52.756+08:00,provisional_UTC+08:00,provisional_UTC+08:00,21913.352640395096,21913,16,8,08:58:52.756,56.98132111111113,56
1710,2064-12-08T06:30:31.496,2064-12-23T18:16:00.265,2064-12-08T14:29:22.312+08:00,2064-12-24T02:14:51.081+08:00,provisional_UTC+08:00,provisional_UTC+08:00,22305.479473228886,22305,17,2,02:14:51.081,74.2475225,74
1711,2065-01-06T19:16:44.383,2065-01-22T09:55:15.359,2065-01-07T03:15:35.199+08:00,2065-01-22T17:54:06.175+08:00,provisional_UTC+08:00,provisional_UTC+08:00,22478.516261936038,22478,16,17,17:54:06.175,65.90171527777778,65
1712,2065-02-05T10:03:58.523,2065-02-20T23:13:03.358,2065-02-05T18:02:49.339+08:00,2065-02-21T07:11:54.174+08:00,provisional_UTC+08:00,provisional_UTC+08:00,22389.080581919283,22389,17,7,07:11:54.174,79.1983816666667,79
1713,2065-03-07T02:16:54.190,2065-03-22T09:58:03.392,2065-03-07T10:15:45.006+08:00,2065-03-22T17:56:54.208+08:00,provisional_UTC+08:00,provisional_UTC+08:00,22061.1533760571,22061,16,17,17:56:54.208,65.94839111111116,65
1714,2065-04-05T19:02:43.129,2065-04-20T18:37:49.636,2065-04-06T03:01:33.945+08:00,2065-04-21T02:36:40.452+08:00,provisional_UTC+08:00,provisional_UTC+08:00,21575.10845328922,21575,16,2,02:36:40.452,50.611236666666684,50
1715,2065-05-05T11:32:01.060,2065-05-20T02:07:05.820,2065-05-05T19:30:51.876+08:00,2065-05-20T10:05:56.636+08:00,provisional_UTC+08:00,provisional_UTC+08:00,21035.079334775844,21035,16,10,10:05:56.636,58.09906555555551,58
1716,2065-06-04T03:06:31.345,2065-06-18T09:30:08.546,2065-06-04T11:05:22.161+08:00,2065-06-18T17:28:59.362+08:00,provisional_UTC+08:00,provisional_UTC+08:00,20543.62002612257,20543,15,17,17:28:59.362,41.4831561111111,41
1717,2065-07-03T17:17:29.567,2065-07-17T17:47:11.106,2065-07-04T01:16:20.383+08:00,2065-07-18T01:46:01.922+08:00,provisional_UTC+08:00,provisional_UTC+08:00,20189.692318534246,20189,15,1,01:46:01.922,25.767200555555576,25
1718,2065-08-02T05:47:56.057,2065-08-16T03:47:23.318,2065-08-02T13:46:46.873+08:00,2065-08-16T11:46:14.134+08:00,provisional_UTC+08:00,provisional_UTC+08:00,20039.45434894896,20039,15,11,11:46:14.134,35.77059277777778,35
1719,2065-08-31T16:41:09.270,2065-09-14T16:06:52.905,2065-09-01T00:40:00.086+08:00,2065-09-15T00:05:43.721+08:00,provisional_UTC+08:00,provisional_UTC+08:00,20125.727252501147,20125,15,0,00:05:43.721,24.09547805555553,24
1720,2065-09-30T02:26:04.168,2065-10-14T07:06:11.987,2065-09-30T10:24:54.984+08:00,2065-10-14T15:05:02.803+08:00,provisional_UTC+08:00,provisional_UTC+08:00,20440.13031126,20440,15,15,15:05:02.803,39.08411194444449,39
1721,2065-10-29T11:50:15.518,2065-11-13T00:39:10.112,2065-10-29T19:49:06.334+08:00,2065-11-13T08:38:00.928+08:00,provisional_UTC+08:00,provisional_UTC+08:00,20928.909887573718,20928,16,8,08:38:00.928,56.633591111111116,56
1722,2065-11-27T21:41:40.732,2065-12-12T19:53:59.099,2065-11-28T05:40:31.548+08:00,2065-12-13T03:52:49.915+08:00,provisional_UTC+08:00,provisional_UTC+08:00,21492.30611897193,21492,16,3,03:52:49.915,51.88053194444444,51
1723,2065-12-27T08:29:12.560,2066-01-11T15:09:08.954,2065-12-27T16:28:03.376+08:00,2066-01-11T23:07:59.770+08:00,provisional_UTC+08:00,provisional_UTC+08:00,21999.93989769805,21999,16,23,23:07:59.770,71.13326944444447,71
1724,2066-01-25T20:16:01.925,2066-02-10T08:30:42.586,2066-01-26T04:14:52.741+08:00,2066-02-10T16:29:33.402+08:00,provisional_UTC+08:00,provisional_UTC+08:00,22334.6776853318,22334,16,16,16:29:33.402,64.49261166666668,64
1725,2066-02-24T08:52:30.377,2066-03-11T22:49:45.296,2066-02-24T16:51:21.193+08:00,2066-03-12T06:48:36.112+08:00,provisional_UTC+08:00,provisional_UTC+08:00,22437.248646406162,22437,17,6,06:48:36.112,78.81003111111113,78
1726,2066-03-25T22:15:26.636,2066-04-10T10:04:55.001,2066-03-26T06:14:17.452+08:00,2066-04-10T18:03:45.817+08:00,provisional_UTC+08:00,provisional_UTC+08:00,22309.47275682052,22309,16,18,18:03:45.817,66.06272694444448,66
1727,2066-04-24T12:31:24.862,2066-05-09T19:00:07.123,2066-04-24T20:30:15.678+08:00,2066-05-10T02:58:57.939+08:00,provisional_UTC+08:00,provisional_UTC+08:00,21988.70434406482,21988,17,2,02:58:57.939,74.98276083333332,74
1728,2066-05-24T03:40:10.151,2066-06-08T02:32:43.345,2066-05-24T11:39:00.967+08:00,2066-06-08T10:31:34.161+08:00,provisional_UTC+08:00,provisional_UTC+08:00,21532.55323583501,21532,16,10,10:31:34.161,58.52615583333335,58
1729,2066-06-22T19:17:05.774,2066-07-07T09:36:37.133,2066-06-23T03:15:56.590+08:00,2066-07-07T17:35:27.949+08:00,provisional_UTC+08:00,provisional_UTC+08:00,21019.522654857974,21019,15,17,17:35:27.949,41.59109694444447,41
1730,2066-07-22T10:35:39.626,2066-08-05T17:01:27.483,2066-07-22T18:34:30.442+08:00,2066-08-06T01:00:18.299+08:00,provisional_UTC+08:00,provisional_UTC+08:00,20545.797624762654,20545,16,1,01:00:18.299,49.00508305555559,49
1731,2066-08-21T00:51:46.926,2066-09-04T01:39:10.096,2066-08-21T08:50:37.742+08:00,2066-09-04T09:38:00.912+08:00,provisional_UTC+08:00,provisional_UTC+08:00,20207.38616646223,20207,15,9,09:38:00.912,33.633586666666645,33
1732,2066-09-19T13:49:18.856,2066-10-03T12:26:44.191,2066-09-19T21:48:09.672+08:00,2066-10-03T20:25:35.007+08:00,provisional_UTC+08:00,provisional_UTC+08:00,20077.422242460307,20077,15,20,20:25:35.007,44.4263908333333,44
1733,2066-10-19T01:44:32.567,2066-11-02T02:14:51.688,2066-10-19T09:43:23.383+08:00,2066-11-02T10:13:42.504+08:00,provisional_UTC+08:00,provisional_UTC+08:00,20190.318689189044,20190,15,10,10:13:42.504,34.22847333333334,34
1734,2066-11-17T13:07:56.606,2066-12-01T19:18:08.460,2066-11-17T21:06:47.422+08:00,2066-12-02T03:16:59.276+08:00,provisional_UTC+08:00,provisional_UTC+08:00,20530.19755847892,20530,16,3,03:16:59.276,51.283132222222264,51
1735,2066-12-17T00:19:30.747,2066-12-31T14:42:42.199,2066-12-17T08:18:21.563+08:00,2066-12-31T22:41:33.015+08:00,provisional_UTC+08:00,provisional_UTC+08:00,21023.19087288503,21023,15,22,22:41:33.015,46.69250416666665,46
1736,2067-01-15T11:18:51.662,2067-01-30T10:31:43.632,2067-01-15T19:17:42.478+08:00,2067-01-30T18:30:34.448+08:00,provisional_UTC+08:00,provisional_UTC+08:00,21552.866164821975,21552,16,18,18:30:34.448,66.50956888888891,66
1737,2067-02-13T21:59:21.370,2067-03-01T04:43:50.025,2067-02-14T05:58:12.186+08:00,2067-03-01T12:42:40.841+08:00,provisional_UTC+08:00,provisional_UTC+08:00,22004.477582345284,22004,16,12,12:42:40.841,60.711344722222236,60
1738,2067-03-15T08:30:49.106,2067-03-30T20:10:20.992,2067-03-15T16:29:39.922+08:00,2067-03-31T04:09:11.808+08:00,provisional_UTC+08:00,provisional_UTC+08:00,22299.53143150949,22299,17,4,04:09:11.808,76.15328,76
1739,2067-04-13T19:25:41.250,2067-04-29T08:42:01.228,2067-04-14T03:24:32.066+08:00,2067-04-29T16:40:52.044+08:00,provisional_UTC+08:00,provisional_UTC+08:00,22396.332955555077,22396,16,16,16:40:52.044,64.68112333333335,64
1740,2067-05-13T07:22:38.457,2067-05-28T18:43:48.230,2067-05-13T15:21:29.273+08:00,2067-05-29T02:42:39.046+08:00,provisional_UTC+08:00,provisional_UTC+08:00,22281.162886106147,22281,17,2,02:42:39.046,74.71084611111115,74
1741,2067-06-11T20:42:53.396,2067-06-27T02:54:21.466,2067-06-12T04:41:44.212+08:00,2067-06-27T10:53:12.282+08:00,provisional_UTC+08:00,provisional_UTC+08:00,21971.46783496046,21971,16,10,10:53:12.282,58.88674499999996,58
1742,2067-07-11T11:18:10.569,2067-07-26T10:00:34.297,2067-07-11T19:17:01.385+08:00,2067-07-26T17:59:25.113+08:00,provisional_UTC+08:00,provisional_UTC+08:00,21522.39546953723,21522,16,17,17:59:25.113,65.99030916666663,65
1743,2067-08-10T02:38:34.565,2067-08-24T16:59:12.929,2067-08-10T10:37:25.381+08:00,2067-08-25T00:58:03.745+08:00,provisional_UTC+08:00,provisional_UTC+08:00,21020.639400290383,21020,16,0,00:58:03.745,48.9677069444445,48
1744,2067-09-08T18:10:52.732,2067-09-23T00:56:11.000,2067-09-09T02:09:43.548+08:00,2067-09-23T08:55:01.816+08:00,provisional_UTC+08:00,provisional_UTC+08:00,20565.30445939421,20565,15,8,08:55:01.816,32.917171111111145,32
1745,2067-10-08T09:29:58.431,2067-10-22T10:57:43.098,2067-10-08T17:28:49.247+08:00,2067-10-22T18:56:33.914+08:00,provisional_UTC+08:00,provisional_UTC+08:00,20247.744439609178,20247,15,18,18:56:33.914,42.942753888888944,42
1746,2067-11-07T00:15:59.710,2067-11-20T23:51:34.709,2067-11-07T08:14:50.526+08:00,2067-11-21T07:50:25.525+08:00,provisional_UTC+08:00,provisional_UTC+08:00,20135.583309624526,20135,15,7,07:50:25.525,31.840423611111078,31
1747,2067-12-06T14:06:46.839,2067-12-20T15:43:31.379,2067-12-06T22:05:37.655+08:00,2067-12-20T23:42:22.195+08:00,provisional_UTC+08:00,provisional_UTC+08:00,20256.742320926103,20256,15,23,23:42:22.195,47.706165277777814,47
1748,2068-01-05T02:40:03.366,2068-01-19T09:46:54.230,2068-01-05T10:38:54.182+08:00,2068-01-19T17:45:45.046+08:00,provisional_UTC+08:00,provisional_UTC+08:00,20586.847732252987,20586,15,17,17:45:45.046,41.76251277777783,41
1749,2068-02-03T13:46:30.341,2068-02-18T04:40:05.069,2068-02-03T21:45:21.157+08:00,2068-02-18T12:38:55.885+08:00,provisional_UTC+08:00,provisional_UTC+08:00,21053.57879688532,21053,16,12,12:38:55.885,60.64885694444445,60
1750,2068-03-03T23:39:44.181,2068-03-18T22:57:46.496,2068-03-04T07:38:34.997+08:00,2068-03-19T06:56:37.312+08:00,provisional_UTC+08:00,provisional_UTC+08:00,21558.038585817998,21558,16,6,06:56:37.312,54.94369777777774,54
1751,2068-04-02T08:53:17.447,2068-04-17T15:31:19.319,2068-04-02T16:52:08.263+08:00,2068-04-17T23:30:10.135+08:00,provisional_UTC+08:00,provisional_UTC+08:00,21998.03118568913,21998,16,23,23:30:10.135,71.50281527777776,71
1752,2068-05-01T18:08:53.685,2068-05-17T05:36:49.358,2068-05-02T02:07:44.501+08:00,2068-05-17T13:35:40.174+08:00,provisional_UTC+08:00,provisional_UTC+08:00,22287.92788338259,22287,16,13,13:35:40.174,61.594492777777816,61
1753,2068-05-31T04:05:16.088,2068-06-15T17:01:50.059,2068-05-31T12:04:06.904+08:00,2068-06-16T01:00:40.875+08:00,provisional_UTC+08:00,provisional_UTC+08:00,22376.566186865195,22376,17,1,01:00:40.875,73.01135416666665,73
1754,2068-06-29T15:13:20.374,2068-07-15T02:09:26.383,2068-06-29T23:12:11.190+08:00,2068-07-15T10:08:17.199+08:00,provisional_UTC+08:00,provisional_UTC+08:00,22256.10014237841,22256,17,10,10:08:17.199,82.13811083333331,82
1755,2068-07-29T03:56:44.733,2068-08-13T09:52:53.709,2068-07-29T11:55:35.549+08:00,2068-08-13T17:51:44.525+08:00,provisional_UTC+08:00,provisional_UTC+08:00,21956.14960932826,21956,16,17,17:51:44.525,65.86236805555552,65
1756,2068-08-27T18:30:21.389,2068-09-11T17:21:17.462,2068-08-28T02:29:12.205+08:00,2068-09-12T01:20:08.278+08:00,provisional_UTC+08:00,provisional_UTC+08:00,21530.93453810241,21530,16,1,01:20:08.278,49.33563277777773,49
1757,2068-09-26T10:50:15.191,2068-10-11T01:41:34.843,2068-09-26T18:49:06.007+08:00,2068-10-11T09:40:25.659+08:00,provisional_UTC+08:00,provisional_UTC+08:00,21051.327528920847,21051,16,9,09:40:25.659,57.67379416666665,57
1758,2068-10-26T04:18:58.259,2068-11-09T11:42:09.860,2068-10-26T12:17:49.075+08:00,2068-11-09T19:41:00.676+08:00,provisional_UTC+08:00,provisional_UTC+08:00,20603.19334831731,20603,15,19,19:41:00.676,43.68352111111108,43
1759,2068-11-24T21:44:08.667,2068-12-08T23:44:04.200,2068-11-25T05:42:59.483+08:00,2068-12-09T07:42:55.016+08:00,provisional_UTC+08:00,provisional_UTC+08:00,20279.92554581353,20279,15,7,07:42:55.016,31.715282222222243,31
1760,2068-12-24T13:46:16.809,2069-01-07T13:45:07.785,2068-12-24T21:45:07.625+08:00,2069-01-07T21:43:58.601+08:00,provisional_UTC+08:00,provisional_UTC+08:00,20158.84959529619,20158,15,21,21:43:58.601,45.732944722222214,45
1761,2069-01-23T03:38:15.525,2069-02-06T05:31:09.516,2069-01-23T11:37:06.341+08:00,2069-02-06T13:30:00.332+08:00,provisional_UTC+08:00,provisional_UTC+08:00,20272.899835530163,20272,15,13,13:30:00.332,37.50009222222218,37
1762,2069-02-21T15:18:54.169,2069-03-07T22:37:03.029,2069-02-21T23:17:44.985+08:00,2069-03-08T06:35:53.845+08:00,provisional_UTC+08:00,provisional_UTC+08:00,20598.14767185113,20598,16,6,06:35:53.845,54.59829027777778,54
1763,2069-03-23T01:15:13.180,2069-04-06T16:15:01.780,2069-03-23T09:14:03.996+08:00,2069-04-07T00:13:52.596+08:00,provisional_UTC+08:00,provisional_UTC+08:00,21059.809990335943,21059,16,0,00:13:52.596,48.231276666666645,48
1764,2069-04-21T10:00:35.526,2069-05-06T09:13:11.187,2069-04-21T17:59:26.342+08:00,2069-05-06T17:12:02.003+08:00,provisional_UTC+08:00,provisional_UTC+08:00,21552.594343795565,21552,16,17,17:12:02.003,65.20055638888891,65
1765,2069-05-20T18:07:59.573,2069-06-05T00:21:36.173,2069-05-21T02:06:50.389+08:00,2069-06-05T08:20:26.989+08:00,provisional_UTC+08:00,provisional_UTC+08:00,21973.609986106876,21973,16,8,08:20:26.989,56.3408302777778,56
1766,2069-06-19T02:15:54.853,2069-07-04T13:07:14.842,2069-06-19T10:14:45.669+08:00,2069-07-04T21:06:05.658+08:00,provisional_UTC+08:00,provisional_UTC+08:00,22251.333148087804,22251,16,21,21:06:05.658,69.1015716666667,69
1767,2069-07-18T11:15:00.566,2069-08-02T23:46:14.097,2069-07-18T19:13:51.382+08:00,2069-08-03T07:45:04.913+08:00,provisional_UTC+08:00,provisional_UTC+08:00,22351.22550789881,22351,17,7,07:45:04.913,79.7513647222222,79
1768,2069-08-16T22:05:03.678,2069-09-01T09:08:27.823,2069-08-17T06:03:54.494+08:00,2069-09-01T17:07:18.639+08:00,provisional_UTC+08:00,provisional_UTC+08:00,22263.402411402367,22263,16,17,17:07:18.639,65.12184416666668,65
1769,2069-09-15T11:37:24.882,2069-09-30T18:11:12.705,2069-09-15T19:36:15.698+08:00,2069-10-01T02:10:03.521+08:00,provisional_UTC+08:00,provisional_UTC+08:00,21993.797056218045,21993,17,2,02:10:03.521,74.16764472222224,74
1770,2069-10-15T04:05:21.418,2069-10-30T03:37:24.574,2069-10-15T12:04:12.234+08:00,2069-10-30T11:36:15.390+08:00,provisional_UTC+08:00,provisional_UTC+08:00,21572.052595514087,21572,16,11,11:36:15.390,59.60427499999997,59
1771,2069-11-13T22:39:44.336,2069-11-28T13:48:08.919,2069-11-14T06:38:35.152+08:00,2069-11-28T21:46:59.735+08:00,provisional_UTC+08:00,provisional_UTC+08:00,21068.409720852032,21068,15,21,21:46:59.735,45.783259722222226,45
1772,2069-12-13T17:39:59.971,2069-12-28T00:52:07.085,2069-12-14T01:38:50.787+08:00,2069-12-28T08:50:57.901+08:00,provisional_UTC+08:00,provisional_UTC+08:00,20592.11856752725,20592,15,8,08:50:57.901,32.84941694444444,32
1773,2070-01-12T11:24:34.527,2070-01-26T13:01:16.526,2070-01-12T19:23:25.343+08:00,2070-01-26T21:00:07.342+08:00,provisional_UTC+08:00,provisional_UTC+08:00,20256.69997887607,20256,15,21,21:00:07.342,45.00203944444445,45
1774,2070-02-11T02:54:23.687,2070-02-25T02:33:08.395,2070-02-11T10:53:14.503+08:00,2070-02-25T10:31:59.211+08:00,provisional_UTC+08:00,provisional_UTC+08:00,20138.745125741203,20138,15,10,10:31:59.211,34.53311416666662,34
1775,2070-03-12T15:54:11.554,2070-03-26T17:32:47.026,2070-03-12T23:53:02.370+08:00,2070-03-27T01:31:37.842+08:00,provisional_UTC+08:00,provisional_UTC+08:00,20258.591201889853,20258,16,1,01:31:37.842,49.527178333333325,49
1776,2070-04-11T02:32:21.870,2070-04-25T09:33:09.255,2070-04-11T10:31:12.686+08:00,2070-04-25T17:32:00.071+08:00,provisional_UTC+08:00,provisional_UTC+08:00,20580.789764151283,20580,15,17,17:32:00.071,41.53335305555555,41
1777,2070-05-10T11:10:32.301,2070-05-25T01:39:41.887,2070-05-10T19:09:23.117+08:00,2070-05-25T09:38:32.703+08:00,provisional_UTC+08:00,provisional_UTC+08:00,21029.159774090786,21029,16,9,09:38:32.703,57.64241750000002,57
1778,2070-06-08T18:26:20.945,2070-06-23T16:59:04.832,2070-06-09T02:25:11.761+08:00,2070-06-24T00:57:55.648+08:00,provisional_UTC+08:00,provisional_UTC+08:00,21512.731439233,21512,16,0,00:57:55.648,48.96545777777777,48
1779,2070-07-08T01:16:44.192,2070-07-23T07:04:07.740,2070-07-08T09:15:35.008+08:00,2070-07-23T15:02:58.556+08:00,provisional_UTC+08:00,provisional_UTC+08:00,21947.39247785603,21947,16,15,15:02:58.556,63.04959888888891,63
1780,2070-08-06T08:53:36.176,2070-08-21T19:55:53.672,2070-08-06T16:52:26.992+08:00,2070-08-22T03:54:44.488+08:00,provisional_UTC+08:00,provisional_UTC+08:00,22262.291609453896,22262,17,3,03:54:44.488,75.91235777777774,75
1781,2070-09-04T18:30:47.158,2070-09-20T07:49:37.324,2070-09-05T02:29:37.974+08:00,2070-09-20T15:48:28.140+08:00,provisional_UTC+08:00,provisional_UTC+08:00,22398.836090658606,22398,16,15,15:48:28.140,63.80781666666661,63
1782,2070-10-04T07:03:22.762,2070-10-19T19:00:58.003,2070-10-04T15:02:13.578+08:00,2070-10-20T02:59:48.819+08:00,provisional_UTC+08:00,provisional_UTC+08:00,22317.58735178817,22317,17,2,02:59:48.819,74.99689416666666,74
1783,2070-11-02T22:44:45.977,2070-11-18T05:42:18.220,2070-11-03T06:43:36.793+08:00,2070-11-18T13:41:09.036+08:00,provisional_UTC+08:00,provisional_UTC+08:00,22017.537380088925,22017,16,13,13:41:09.036,61.685843333333366,61
1784,2070-12-02T16:55:42.456,2070-12-17T16:07:40.856,2070-12-03T00:54:33.272+08:00,2070-12-18T00:06:31.672+08:00,provisional_UTC+08:00,provisional_UTC+08:00,21551.973331141155,21551,16,0,00:06:31.672,48.108797777777795,48
1785,2071-01-01T12:17:18.383,2071-01-16T02:37:21.072,2071-01-01T20:16:09.199+08:00,2071-01-16T10:36:11.888+08:00,provisional_UTC+08:00,provisional_UTC+08:00,21020.04480646743,21020,16,10,10:36:11.888,58.603302222222226,58
1786,2071-01-31T07:17:41.773,2071-02-14T13:35:07.214,2071-01-31T15:16:32.589+08:00,2071-02-14T21:33:58.030+08:00,provisional_UTC+08:00,provisional_UTC+08:00,20537.4240134022,20537,15,21,21:33:58.030,45.56611944444444,45
1787,2071-03-02T00:33:27.879,2071-03-16T01:19:46.349,2071-03-02T08:32:18.695+08:00,2071-03-16T09:18:37.165+08:00,provisional_UTC+08:00,provisional_UTC+08:00,20206.307824259355,20206,15,9,09:18:37.165,33.31032361111113,33
1788,2071-03-31T15:05:12.999,2071-04-14T13:58:02.965,2071-03-31T23:04:03.815+08:00,2071-04-14T21:56:53.781+08:00,provisional_UTC+08:00,provisional_UTC+08:00,20092.832768158216,20092,15,21,21:56:53.781,45.94827249999997,45
1789,2071-04-30T02:32:23.355,2071-05-14T03:26:19.061,2071-04-30T10:31:14.171+08:00,2071-05-14T11:25:09.877+08:00,provisional_UTC+08:00,provisional_UTC+08:00,20213.928437811002,20213,15,11,11:25:09.877,35.419410277777786,35
1790,2071-05-29T11:18:51.653,2071-06-12T17:38:13.328,2071-05-29T19:17:42.469+08:00,2071-06-13T01:37:04.144+08:00,provisional_UTC+08:00,provisional_UTC+08:00,20539.361237061476,20539,16,1,01:37:04.144,49.617817777777816,49
1791,2071-06-27T18:22:49.374,2071-07-12T08:27:30.444,2071-06-28T02:21:40.190+08:00,2071-07-12T16:26:21.260+08:00,provisional_UTC+08:00,provisional_UTC+08:00,21004.68450694404,21004,15,16,16:26:21.260,40.439238888888895,40
1792,2071-07-27T00:58:24.276,2071-08-10T23:41:28.701,2071-07-27T08:57:15.092+08:00,2071-08-11T07:40:19.517+08:00,provisional_UTC+08:00,provisional_UTC+08:00,21523.073741639353,21523,16,7,07:40:19.517,55.67208805555555,55
1793,2071-08-25T08:18:39.159,2071-09-09T14:53:16.090,2071-08-25T16:17:29.975+08:00,2071-09-09T22:52:06.906+08:00,provisional_UTC+08:00,provisional_UTC+08:00,21994.615517715083,21994,16,22,22:52:06.906,70.868585,70
1794,2071-09-23T17:23:14.287,2071-10-09T05:25:38.593,2071-09-24T01:22:05.103+08:00,2071-10-09T13:24:29.409+08:00,provisional_UTC+08:00,provisional_UTC+08:00,22322.405095108952,22322,16,13,13:24:29.409,61.40816916666665,61
1795,2071-10-23T04:51:36.756,2071-11-07T18:49:15.987,2071-10-23T12:50:27.572+08:00,2071-11-08T02:48:06.803+08:00,provisional_UTC+08:00,provisional_UTC+08:00,22437.653849030467,22437,17,2,02:48:06.803,74.80188972222226,74
1796,2071-11-21T19:01:42.145,2071-12-07T06:59:42.081,2071-11-22T03:00:32.961+08:00,2071-12-07T14:58:32.897+08:00,provisional_UTC+08:00,provisional_UTC+08:00,22317.998935387986,22317,16,14,14:58:32.897,62.97580472222228,62
1797,2071-12-21T11:48:59.911,2072-01-05T18:15:05.411,2071-12-21T19:47:50.727+08:00,2072-01-06T02:13:56.227+08:00,provisional_UTC+08:00,provisional_UTC+08:00,21986.091654652064,21986,17,2,02:13:56.227,74.23228527777775,74
1798,2072-01-20T06:37:06.249,2072-02-04T04:57:39.507,2072-01-20T14:35:57.065+08:00,2072-02-04T12:56:30.323+08:00,provisional_UTC+08:00,provisional_UTC+08:00,21500.55429688208,21500,16,12,12:56:30.323,60.941756388888905,60
1799,2072-02-19T02:05:36.505,2072-03-04T15:19:35.462,2072-02-19T10:04:27.321+08:00,2072-03-04T23:18:26.278+08:00,provisional_UTC+08:00,provisional_UTC+08:00,20953.982618915586,20953,15,23,23:18:26.278,47.307299444444425,47
1800,2072-03-19T20:23:38.852,2072-04-03T01:27:05.056,2072-03-20T04:22:29.668+08:00,2072-04-03T09:25:55.872+08:00,provisional_UTC+08:00,provisional_UTC+08:00,20463.4367287867,20463,15,9,09:25:55.872,33.43218666666667,33
1801,2072-04-18T11:58:52.668,2072-05-02T11:35:51.897,2072-04-18T19:57:43.484+08:00,2072-05-02T19:34:42.713+08:00,provisional_UTC+08:00,provisional_UTC+08:00,20136.98714560852,20136,15,19,19:34:42.713,43.578531388888905,43
1802,2072-05-18T00:20:31.251,2072-05-31T22:20:02.394,2072-05-18T08:19:22.067+08:00,2072-06-01T06:18:53.210+08:00,provisional_UTC+08:00,provisional_UTC+08:00,20039.51905502965,20039,15,6,06:18:53.210,30.314780555555558,30
1803,2072-06-16T09:59:17.139,2072-06-30T10:23:41.554,2072-06-16T17:58:07.955+08:00,2072-06-30T18:22:32.370+08:00,provisional_UTC+08:00,provisional_UTC+08:00,20184.406907318826,20184,15,18,18:22:32.370,42.37565833333338,42
1804,2072-07-15T17:58:02.848,2072-07-30T00:18:43.557,2072-07-16T01:56:53.664+08:00,2072-07-30T08:17:34.373+08:00,provisional_UTC+08:00,provisional_UTC+08:00,20540.67849238283,20540,15,8,08:17:34.373,32.29288138888887,32
1805,2072-08-14T01:23:05.809,2072-08-28T16:01:25.645,2072-08-14T09:21:56.625+08:00,2072-08-29T00:00:16.461+08:00,provisional_UTC+08:00,provisional_UTC+08:00,21038.330591256727,21038,16,0,00:00:16.461,48.004572499999995,48
1806,2072-09-12T09:08:59.969,2072-09-27T08:45:27.464,2072-09-12T17:07:50.785+08:00,2072-09-27T16:44:18.280+08:00,provisional_UTC+08:00,provisional_UTC+08:00,21576.458253720084,21576,16,16,16:44:18.280,64.73841111111113,64
1807,2072-10-11T17:57:13.535,2072-10-27T01:23:13.360,2072-10-12T01:56:04.351+08:00,2072-10-27T09:22:04.176+08:00,provisional_UTC+08:00,provisional_UTC+08:00,22045.997097025956,22045,16,9,09:22:04.176,57.367826666666645,57
1808,2072-11-10T04:23:13.202,2072-11-25T17:01:19.436,2072-11-10T12:22:04.018+08:00,2072-11-26T01:00:10.252+08:00,provisional_UTC+08:00,provisional_UTC+08:00,22358.10389020422,22358,17,1,01:00:10.252,73.00284777777779,73
1809,2072-12-09T17:01:05.630,2072-12-25T07:17:19.388,2072-12-10T00:59:56.446+08:00,2072-12-25T15:16:10.204+08:00,provisional_UTC+08:00,provisional_UTC+08:00,22456.229308034934,22456,16,15,15:16:10.204,63.26950111111108,63
1810,2073-01-08T08:13:01.662,2073-01-23T20:07:21.622,2073-01-08T16:11:52.478+08:00,2073-01-24T04:06:12.438+08:00,provisional_UTC+08:00,provisional_UTC+08:00,22314.33265939712,22314,17,4,04:06:12.438,76.103455,76
1811,2073-02-07T01:42:33.832,2073-02-22T07:28:22.071,2073-02-07T09:41:24.648+08:00,2073-02-22T15:27:12.887+08:00,provisional_UTC+08:00,provisional_UTC+08:00,21945.803988387666,21945,16,15,15:27:12.887,63.45357972222223,63
1812,2073-03-08T20:17:40.072,2073-03-23T17:19:14.915,2073-03-09T04:16:30.888+08:00,2073-03-24T01:18:05.731+08:00,provisional_UTC+08:00,provisional_UTC+08:00,21421.580706617264,21421,16,1,01:18:05.731,49.3015919444444,49
1813,2073-04-07T14:15:56.120,2073-04-22T01:56:45.342,2073-04-07T22:14:46.936+08:00,2073-04-22T09:55:36.158+08:00,provisional_UTC+08:00,provisional_UTC+08:00,20860.820353084473,20860,16,9,09:55:36.158,57.92671055555559,57
1814,2073-05-07T06:17:16.205,2073-05-21T10:04:43.880,2073-05-07T14:16:07.021+08:00,2073-05-21T18:03:34.696+08:00,provisional_UTC+08:00,provisional_UTC+08:00,20387.46124740057,20387,15,18,18:03:34.696,42.059637777777766,42
1815,2073-06-05T19:53:20.777,2073-06-19T18:46:38.735,2073-06-06T03:52:11.593+08:00,2073-06-20T02:45:29.551+08:00,provisional_UTC+08:00,provisional_UTC+08:00,20093.299304976572,20093,15,2,02:45:29.551,26.758208611111115,26
1816,2073-07-05T07:18:24.305,2073-07-19T05:06:34.297,2073-07-05T15:17:15.121+08:00,2073-07-19T13:05:25.113+08:00,provisional_UTC+08:00,provisional_UTC+08:00,20028.16652039979,20028,15,13,13:05:25.113,37.09030916666666,37
1817,2073-08-03T17:06:09.275,2073-08-17T17:47:18.052,2073-08-04T01:05:00.091+08:00,2073-08-18T01:46:08.868+08:00,provisional_UTC+08:00,provisional_UTC+08:00,20201.146276531144,20201,15,1,01:46:08.868,25.76913000000002,25
1818,2073-09-02T01:54:43.768,2073-09-16T08:54:37.482,2073-09-02T09:53:34.584+08:00,2073-09-16T16:53:28.298+08:00,provisional_UTC+08:00,provisional_UTC+08:00,20579.89523246153,20579,15,16,16:53:28.298,40.89119388888889,40
1819,2073-10-01T10:23:31.068,2073-10-16T01:56:32.000,2073-10-01T18:22:21.884+08:00,2073-10-16T09:55:22.816+08:00,provisional_UTC+08:00,provisional_UTC+08:00,21093.015541906752,21093,16,9,09:55:22.816,57.92300444444447,57
1820,2073-10-30T19:15:07.927,2073-11-14T19:56:58.317,2073-10-31T03:13:58.743+08:00,2073-11-15T03:55:49.133+08:00,provisional_UTC+08:00,provisional_UTC+08:00,21641.839842994414,21641,16,3,03:55:49.133,51.93031472222219,51
1821,2073-11-29T05:14:04.350,2073-12-14T13:51:05.376,2073-11-29T13:12:55.166+08:00,2073-12-14T21:49:56.192+08:00,provisional_UTC+08:00,provisional_UTC+08:00,22117.01711058795,22117,16,21,21:49:56.192,69.83227555555555,69
1822,2073-12-28T16:57:24.593,2074-01-13T06:33:21.407,2073-12-29T00:56:15.409+08:00,2074-01-13T14:32:12.223+08:00,provisional_UTC+08:00,provisional_UTC+08:00,22415.946911615647,22415,16,14,14:32:12.223,62.53672861111113,62
1823,2074-01-27T06:39:34.775,2074-02-11T21:07:14.443,2074-01-27T14:38:25.591+08:00,2074-02-12T05:06:05.259+08:00,provisional_UTC+08:00,provisional_UTC+08:00,22467.66113396155,22467,17,5,05:06:05.259,77.10146083333336,77
1824,2074-02-25T22:02:14.113,2074-03-13T09:03:17.528,2074-02-26T06:01:04.929+08:00,2074-03-13T17:02:08.344+08:00,provisional_UTC+08:00,provisional_UTC+08:00,22261.056912006694,22261,16,17,17:02:08.344,65.03565111111112,65
1825,2074-03-27T14:21:45.876,2074-04-11T18:32:14.997,2074-03-27T22:20:36.692+08:00,2074-04-12T02:31:05.813+08:00,provisional_UTC+08:00,provisional_UTC+08:00,21850.485347596434,21850,17,2,02:31:05.813,74.51828138888891,74
1826,2074-04-26T06:49:42.174,2074-05-11T02:19:52.699,2074-04-26T14:48:32.990+08:00,2074-05-11T10:18:43.515+08:00,provisional_UTC+08:00,provisional_UTC+08:00,21330.17541788918,21330,16,10,10:18:43.515,58.31208749999996,58
1827,2074-05-25T22:46:18.337,2074-06-09T09:29:50.175,2074-05-26T06:45:09.153+08:00,2074-06-09T17:28:40.991+08:00,provisional_UTC+08:00,provisional_UTC+08:00,20803.53063055328,20803,15,17,17:28:40.991,41.478053055555506,41
1828,2074-06-24T13:40:39.818,2074-07-08T17:07:09.681,2074-06-24T21:39:30.634+08:00,2074-07-09T01:06:00.497+08:00,provisional_UTC+08:00,provisional_UTC+08:00,20366.497725660476,20366,16,1,01:06:00.497,49.10013805555553,49
1829,2074-07-24T03:09:07.188,2074-08-07T02:07:57.117,2074-07-24T11:07:58.004+08:00,2074-08-07T10:06:47.933+08:00,provisional_UTC+08:00,provisional_UTC+08:00,20098.8321550621,20098,15,10,10:06:47.933,34.113314722222185,34
1830,2074-08-22T15:01:32.685,2074-09-05T13:15:15.685,2074-08-22T23:00:23.501+08:00,2074-09-05T21:14:06.501+08:00,provisional_UTC+08:00,provisional_UTC+08:00,20053.716661827893,20053,15,21,21:14:06.501,45.23513916666667,45
1831,2074-09-21T01:30:49.546,2074-10-05T02:57:46.911,2074-09-21T09:29:40.362+08:00,2074-10-05T10:56:37.727+08:00,provisional_UTC+08:00,provisional_UTC+08:00,20246.956079671018,20246,15,10,10:56:37.727,34.94381305555555,34
1832,2074-10-20T11:13:47.319,2074-11-03T19:23:54.707,2074-10-20T19:12:38.135+08:00,2074-11-04T03:22:45.523+08:00,provisional_UTC+08:00,provisional_UTC+08:00,20650.123140730484,20650,16,3,03:22:45.523,51.37931194444445,51
1833,2074-11-18T20:58:11.660,2074-12-03T14:05:20.171,2074-11-19T04:57:02.476+08:00,2074-12-03T22:04:10.987+08:00,provisional_UTC+08:00,provisional_UTC+08:00,21187.14184724675,21187,15,22,22:04:10.987,46.069718611111114,46
1834,2074-12-18T07:22:00.607,2075-01-02T09:41:23.014,2074-12-18T15:20:51.423+08:00,2075-01-02T17:40:13.830+08:00,provisional_UTC+08:00,provisional_UTC+08:00,21739.37345061451,21739,16,17,17:40:13.830,65.67050833333337,65
1835,2075-01-16T18:38:59.168,2075-02-01T04:15:06.561,2075-01-17T02:37:49.984+08:00,2075-02-01T12:13:57.377+08:00,provisional_UTC+08:00,provisional_UTC+08:00,22176.12321305105,22176,16,12,12:13:57.377,60.23260472222228,60
1836,2075-02-15T06:42:56.475,2075-03-02T20:08:21.041,2075-02-15T14:41:47.291+08:00,2075-03-03T04:07:11.857+08:00,provisional_UTC+08:00,provisional_UTC+08:00,22405.40944525502,22405,17,4,04:07:11.857,76.1199602777778,76
1837,2075-03-16T19:27:12.326,2075-04-01T08:47:23.772,2075-03-17T03:26:03.142+08:00,2075-04-01T16:46:14.588+08:00,provisional_UTC+08:00,provisional_UTC+08:00,22400.190778191347,22400,16,16,16:46:14.588,64.7707188888889,64
1838,2075-04-15T08:57:43.296,2075-04-30T18:39:28.707,2075-04-15T16:56:34.112+08:00,2075-05-01T02:38:19.523+08:00,provisional_UTC+08:00,provisional_UTC+08:00,22181.75684627197,22181,17,2,02:38:19.523,74.63875638888891,74
1839,2075-05-14T23:24:34.941,2075-05-30T02:40:27.513,2075-05-15T07:23:25.757+08:00,2075-05-30T10:39:18.329+08:00,provisional_UTC+08:00,provisional_UTC+08:00,21795.876189705577,21795,16,10,10:39:18.329,58.65509138888888,58
1840,2075-06-13T14:41:12.742,2075-06-28T09:48:38.760,2075-06-13T22:40:03.558+08:00,2075-06-28T17:47:29.576+08:00,provisional_UTC+08:00,provisional_UTC+08:00,21307.433620672637,21307,16,17,17:47:29.576,65.79154888888888,65
1841,2075-07-13T06:13:31.337,2075-07-27T16:56:12.798,2075-07-13T14:12:22.153+08:00,2075-07-28T00:55:03.614+08:00,provisional_UTC+08:00,provisional_UTC+08:00,20802.69102006997,20802,16,0,00:55:03.614,48.91767055555556,48
1842,2075-08-11T21:12:57.008,2075-08-26T00:53:03.662,2075-08-12T05:11:47.824+08:00,2075-08-26T08:51:54.478+08:00,provisional_UTC+08:00,provisional_UTC+08:00,20380.110896978058,20380,15,8,08:51:54.478,32.865132777777774,32
1843,2075-09-10T11:04:32.414,2075-09-24T10:32:59.631,2075-09-10T19:03:23.230+08:00,2075-09-24T18:31:50.447+08:00,provisional_UTC+08:00,provisional_UTC+08:00,20128.453625717684,20128,15,18,18:31:50.447,42.5306797222222,42
1844,2075-10-09T23:45:15.496,2075-10-23T22:51:00.806,2075-10-10T07:44:06.312+08:00,2075-10-24T06:49:51.622+08:00,provisional_UTC+08:00,provisional_UTC+08:00,20105.755172185436,20105,15,6,06:49:51.622,30.831006111111094,30
1845,2075-11-08T11:37:32.150,2075-11-22T14:22:47.838,2075-11-08T19:36:22.966+08:00,2075-11-22T22:21:38.654+08:00,provisional_UTC+08:00,provisional_UTC+08:00,20325.261460141446,20325,15,22,22:21:38.654,46.36073722222227,46
1846,2075-12-07T23:05:44.310,2075-12-22T08:49:59.258,2075-12-08T07:04:35.126+08:00,2075-12-22T16:48:50.074+08:00,provisional_UTC+08:00,provisional_UTC+08:00,20744.249127349678,20744,15,16,16:48:50.074,40.81390944444445,40
1847,2076-01-06T10:16:52.189,2076-01-21T04:41:59.374,2076-01-06T18:15:43.005+08:00,2076-01-21T12:40:50.190+08:00,provisional_UTC+08:00,provisional_UTC+08:00,21265.119749217185,21265,16,12,12:40:50.190,60.68060833333334,60
1848,2076-02-04T21:03:39.244,2076-02-19T23:51:09.100,2076-02-05T05:02:30.060+08:00,2076-02-20T07:49:59.916+08:00,provisional_UTC+08:00,provisional_UTC+08:00,21767.4976114624,21767,16,7,07:49:59.916,55.83330999999998,55
1849,2076-03-05T07:26:27.153,2076-03-20T16:39:31.689,2076-03-05T15:25:17.969+08:00,2076-03-21T00:38:22.505+08:00,provisional_UTC+08:00,provisional_UTC+08:00,22153.07559850649,22153,17,0,00:38:22.505,72.6395847222222,72
1850,2076-04-03T17:49:25.871,2076-04-19T06:31:48.479,2076-04-04T01:48:16.687+08:00,2076-04-19T14:30:39.295+08:00,provisional_UTC+08:00,provisional_UTC+08:00,22362.37679637363,22362,16,14,14:30:39.295,62.51091527777777,62
1851,2076-05-03T04:53:58.415,2076-05-18T17:40:33.929,2076-05-03T12:52:49.231+08:00,2076-05-19T01:39:24.745+08:00,provisional_UTC+08:00,provisional_UTC+08:00,22366.59190029376,22366,17,1,01:39:24.745,73.65687361111117,73
1852,2076-06-01T17:16:09.906,2076-06-17T02:40:14.727,2076-06-02T01:15:00.722+08:00,2076-06-17T10:39:05.543+08:00,provisional_UTC+08:00,provisional_UTC+08:00,22164.08033795192,22164,16,10,10:39:05.543,58.65153972222225,58
1853,2076-07-01T07:06:44.838,2076-07-16T10:14:14.663,2076-07-01T15:05:35.654+08:00,2076-07-16T18:13:05.479+08:00,provisional_UTC+08:00,provisional_UTC+08:00,21787.497083023263,21787,16,18,18:13:05.479,66.21818861111115,66
1854,2076-07-30T22:07:41.173,2076-08-14T17:14:02.678,2076-07-31T06:06:31.989+08:00,2076-08-15T01:12:53.494+08:00,provisional_UTC+08:00,provisional_UTC+08:00,21306.35842627551,21306,16,1,01:12:53.494,49.214859444444414,49
1855,2076-08-29T13:45:49.703,2076-09-13T00:40:32.877,2076-08-29T21:44:40.519+08:00,2076-09-13T08:39:23.693+08:00,provisional_UTC+08:00,provisional_UTC+08:00,20814.719564650375,20814,16,8,08:39:23.693,56.65658138888887,56
1856,2076-09-28T05:29:22.562,2076-10-12T09:39:53.555,2076-09-28T13:28:13.378+08:00,2076-10-12T17:38:44.371+08:00,provisional_UTC+08:00,provisional_UTC+08:00,20410.51655539568,20410,15,17,17:38:44.371,41.645658611111116,41
1857,2076-10-27T20:52:44.659,2076-11-10T21:09:46.650,2076-10-28T04:51:35.475+08:00,2076-11-11T05:08:37.466+08:00,provisional_UTC+08:00,provisional_UTC+08:00,20177.033188440528,20177,15,5,05:08:37.466,29.143740555555553,29
1858,2076-11-26T11:30:38.877,2076-12-10T11:37:14.383,2076-11-26T19:29:29.693+08:00,2076-12-10T19:36:05.199+08:00,provisional_UTC+08:00,provisional_UTC+08:00,20166.591756830458,20166,15,19,19:36:05.199,43.60144416666668,43
1859,2076-12-26T00:55:31.305,2077-01-09T04:39:58.398,2076-12-26T08:54:22.121+08:00,2077-01-09T12:38:49.214+08:00,provisional_UTC+08:00,provisional_UTC+08:00,20384.451539658196,20384,15,12,12:38:49.214,36.64700388888889,36
1860,2077-01-24T12:47:39.220,2077-02-07T23:10:41.885,2077-01-24T20:46:30.036+08:00,2077-02-08T07:09:32.701+08:00,provisional_UTC+08:00,provisional_UTC+08:00,20783.04441219424,20783,16,7,07:09:32.701,55.1590836111111,55
1861,2077-02-22T23:09:07.836,2077-03-09T17:45:03.631,2077-02-23T07:07:58.652+08:00,2077-03-10T01:43:54.447+08:00,provisional_UTC+08:00,provisional_UTC+08:00,21275.929911587322,21275,16,1,01:43:54.447,49.73179083333332,49
1862,2077-03-24T08:26:44.925,2077-04-08T11:08:03.905,2077-03-24T16:25:35.741+08:00,2077-04-08T19:06:54.721+08:00,provisional_UTC+08:00,provisional_UTC+08:00,21761.316334741026,21761,16,19,19:06:54.721,67.11520027777777,67
1863,2077-04-22T17:22:24.713,2077-05-08T02:25:21.905,2077-04-23T01:21:15.529+08:00,2077-05-08T10:24:12.721+08:00,provisional_UTC+08:00,provisional_UTC+08:00,22142.953205008445,22142,16,10,10:24:12.721,58.40353361111107,58
1864,2077-05-22T02:40:02.932,2077-06-06T15:09:03.583,2077-05-22T10:38:53.748+08:00,2077-06-06T23:07:54.399+08:00,provisional_UTC+08:00,provisional_UTC+08:00,22349.01085051558,22349,16,23,23:07:54.399,71.1317775,71
1865,2077-06-20T12:57:09.770,2077-07-06T01:24:05.140,2077-06-20T20:56:00.586+08:00,2077-07-06T09:22:55.956+08:00,provisional_UTC+08:00,provisional_UTC+08:00,22346.922820286327,22346,17,9,09:22:55.956,81.38220999999999,81
1866,2077-07-20T00:43:10.971,2077-08-04T09:48:50.918,2077-07-20T08:42:01.787+08:00,2077-08-04T17:47:41.734+08:00,provisional_UTC+08:00,provisional_UTC+08:00,22145.66579190293,22145,16,17,17:47:41.734,65.79492611111107,65
1867,2077-08-18T14:19:48.354,2077-09-02T17:25:28.489,2077-08-18T22:18:39.170+08:00,2077-09-03T01:24:19.305+08:00,provisional_UTC+08:00,provisional_UTC+08:00,21785.668922829354,21785,17,1,01:24:19.305,73.40536249999997,73
1868,2077-09-17T05:55:10.712,2077-10-02T01:22:55.542,2077-09-17T13:54:01.528+08:00,2077-10-02T09:21:46.358+08:00,provisional_UTC+08:00,provisional_UTC+08:00,21327.747168550086,21327,16,9,09:21:46.358,57.36287722222221,57
1869,2077-10-16T23:09:17.335,2077-10-31T10:38:41.342,2077-10-17T07:08:08.151+08:00,2077-10-31T18:37:32.158+08:00,provisional_UTC+08:00,provisional_UTC+08:00,20849.400124625954,20849,15,18,18:37:32.158,42.62559944444445,42
1870,2077-11-15T17:02:23.773,2077-11-29T21:45:06.247,2077-11-16T01:01:14.589+08:00,2077-11-30T05:43:57.063+08:00,provisional_UTC+08:00,provisional_UTC+08:00,20442.70789463604,20442,15,5,05:43:57.063,29.73251750000003,29
1871,2077-12-15T10:08:35.040,2077-12-29T10:47:38.977,2077-12-15T18:07:25.856+08:00,2077-12-29T18:46:29.793+08:00,provisional_UTC+08:00,provisional_UTC+08:00,20199.065621032223,20199,15,18,18:46:29.793,42.77494250000001,42
1872,2078-01-14T01:16:28.160,2078-01-28T01:35:56.415,2078-01-14T09:15:18.976+08:00,2078-01-28T09:34:47.231+08:00,provisional_UTC+08:00,provisional_UTC+08:00,20179.470913208286,20179,15,9,09:34:47.231,33.57978638888886,33
1873,2078-02-12T14:01:13.187,2078-02-26T17:52:42.223,2078-02-12T22:00:04.003+08:00,2078-02-27T01:51:33.039+08:00,provisional_UTC+08:00,provisional_UTC+08:00,20391.48392969191,20391,16,1,01:51:33.039,49.859177500000044,49
1874,2078-03-14T00:39:56.998,2078-03-28T11:06:42.553,2078-03-14T08:38:47.814+08:00,2078-03-28T19:05:33.369+08:00,provisional_UTC+08:00,provisional_UTC+08:00,20786.759260427985,20786,15,19,19:05:33.369,43.0926025,43
1875,2078-04-12T09:47:13.097,2078-04-27T04:21:25.678,2078-04-12T17:46:03.913+08:00,2078-04-27T12:20:16.494+08:00,provisional_UTC+08:00,provisional_UTC+08:00,21274.20967311175,21274,16,12,12:20:16.494,60.33791500000001,60
1876,2078-05-11T17:58:47.309,2078-05-26T20:25:12.762,2078-05-12T01:57:38.125+08:00,2078-05-27T04:24:03.578+08:00,provisional_UTC+08:00,provisional_UTC+08:00,21746.42422596773,21746,16,4,04:24:03.578,52.40099388888888,52
1877,2078-06-10T01:51:33.862,2078-06-25T10:24:17.096,2078-06-10T09:50:24.678+08:00,2078-06-25T18:23:07.912+08:00,provisional_UTC+08:00,provisional_UTC+08:00,22112.720569199802,22112,16,18,18:23:07.912,66.3855311111111,66
1878,2078-07-09T10:11:04.002,2078-07-24T22:09:16.860,2078-07-09T18:09:54.818+08:00,2078-07-25T06:08:07.676+08:00,provisional_UTC+08:00,provisional_UTC+08:00,22318.214298651747,22318,17,6,06:08:07.676,78.13546555555553,78
1879,2078-08-07T19:54:29.650,2078-08-23T08:13:59.736,2078-08-08T03:53:20.466+08:00,2078-08-23T16:12:50.552+08:00,provisional_UTC+08:00,provisional_UTC+08:00,22339.501436159997,22339,16,16,16:12:50.552,64.21404222222219,64
1880,2078-09-06T08:01:12.382,2078-09-21T17:33:13.067,2078-09-06T16:00:03.198+08:00,2078-09-22T01:32:03.883+08:00,provisional_UTC+08:00,provisional_UTC+08:00,22172.011421181614,22172,17,1,01:32:03.883,73.5344119444444,73
1881,2078-10-05T23:08:08.512,2078-10-21T02:57:01.571,2078-10-06T07:06:59.328+08:00,2078-10-21T10:55:52.387+08:00,provisional_UTC+08:00,provisional_UTC+08:00,21828.88431517049,21828,16,10,10:55:52.387,58.93121861111115,58
1882,2078-11-04T16:58:29.610,2078-11-19T12:54:46.187,2078-11-05T00:57:20.426+08:00,2078-11-19T20:53:37.003+08:00,provisional_UTC+08:00,provisional_UTC+08:00,21356.276286600096,21356,15,20,20:53:37.003,44.893611944444444,44
1883,2078-12-04T12:10:36.310,2078-12-18T23:36:32.344,2078-12-04T20:09:27.126+08:00,2078-12-19T07:35:23.160+08:00,provisional_UTC+08:00,provisional_UTC+08:00,20845.933889020416,20845,16,7,07:35:23.160,55.58976666666666,55
1884,2079-01-03T06:52:27.964,2079-01-17T11:08:58.407,2079-01-03T14:51:18.780+08:00,2079-01-17T19:07:49.223+08:00,provisional_UTC+08:00,provisional_UTC+08:00,20416.50738453612,20416,15,19,19:07:49.223,43.13033972222223,43
1885,2079-02-01T23:37:56.003,2079-02-15T23:47:27.945,2079-02-02T07:36:46.819+08:00,2079-02-16T07:46:18.761+08:00,provisional_UTC+08:00,provisional_UTC+08:00,20169.532362234437,20169,15,7,07:46:18.761,31.771878055555533,31
1886,2079-03-03T13:51:09.961,2079-03-17T13:48:03.577,2079-03-03T21:50:00.777+08:00,2079-03-17T21:46:54.393+08:00,provisional_UTC+08:00,provisional_UTC+08:00,20156.89359150786,20156,15,21,21:46:54.393,45.78177583333331,45
1887,2079-04-02T01:32:23.222,2079-04-16T05:05:08.343,2079-04-02T09:31:14.038+08:00,2079-04-16T13:03:59.159+08:00,provisional_UTC+08:00,provisional_UTC+08:00,20372.752020803935,20372,15,13,13:03:59.159,37.066433055555535,37
1888,2079-05-01T10:59:20.804,2079-05-15T21:00:43.532,2079-05-01T18:58:11.620+08:00,2079-05-16T04:59:34.348+08:00,provisional_UTC+08:00,provisional_UTC+08:00,20761.378791063187,20761,16,4,04:59:34.348,52.99287444444445,52
1889,2079-05-30T18:43:28.593,2079-06-14T12:41:13.399,2079-05-31T02:42:19.409+08:00,2079-06-14T20:40:04.215+08:00,provisional_UTC+08:00,provisional_UTC+08:00,21237.74676151783,21237,15,20,20:40:04.215,44.66783750000002,44
1890,2079-06-29T01:33:36.277,2079-07-14T03:26:11.948,2079-06-29T09:32:27.093+08:00,2079-07-14T11:25:02.764+08:00,provisional_UTC+08:00,provisional_UTC+08:00,21712.594512541247,21712,16,11,11:25:02.764,59.41743444444444,59
1891,2079-07-28T08:35:46.458,2079-08-12T17:02:37.044,2079-07-28T16:34:37.274+08:00,2079-08-13T01:01:27.860+08:00,provisional_UTC+08:00,provisional_UTC+08:00,22106.84310374705,22106,17,1,01:01:27.860,73.02440555555557,73
1892,2079-08-26T17:04:56.731,2079-09-11T05:38:05.842,2079-08-27T01:03:47.547+08:00,2079-09-11T13:36:56.658+08:00,provisional_UTC+08:00,provisional_UTC+08:00,22353.151847619927,22353,16,13,13:36:56.658,61.615738333333354,61
1893,2079-09-25T04:08:15.932,2079-10-10T17:25:56.956,2079-09-25T12:07:06.748+08:00,2079-10-11T01:24:47.772+08:00,provisional_UTC+08:00,provisional_UTC+08:00,22397.683737674524,22397,17,1,01:24:47.772,73.41327000000001,73
1894,2079-10-24T18:21:55.197,2079-11-09T04:36:23.932,2079-10-25T02:20:46.013+08:00,2079-11-09T12:35:14.748+08:00,provisional_UTC+08:00,provisional_UTC+08:00,22214.47891622647,22214,16,12,12:35:14.748,60.58742999999998,60
1895,2079-11-23T11:31:42.785,2079-12-08T15:18:36.461,2079-11-23T19:30:33.601+08:00,2079-12-08T23:17:27.277+08:00,provisional_UTC+08:00,provisional_UTC+08:00,21826.894603184774,21826,16,23,23:17:27.277,71.29091027777775,71
1896,2079-12-23T06:33:49.432,2080-01-07T01:47:12.716,2079-12-23T14:32:40.248+08:00,2080-01-07T09:46:03.532+08:00,provisional_UTC+08:00,provisional_UTC+08:00,21313.388063313138,21313,16,9,09:46:03.532,57.76764777777777,57
1897,2080-01-22T01:57:57.900,2080-02-05T12:24:00.979,2080-01-22T09:56:48.716+08:00,2080-02-05T20:22:51.795+08:00,provisional_UTC+08:00,provisional_UTC+08:00,20786.051313587697,20786,15,20,20:22:51.795,44.38105416666667,44
1898,2080-02-20T20:13:44.181,2080-03-05T23:32:00.785,2080-02-21T04:12:34.997+08:00,2080-03-06T07:30:51.601+08:00,provisional_UTC+08:00,provisional_UTC+08:00,20358.276734859748,20358,15,7,07:30:51.601,31.514333611111113,31
1899,2080-03-21T12:08:27.616,2080-04-04T11:26:39.151,2080-03-21T20:07:18.432+08:00,2080-04-04T19:25:29.967+08:00,provisional_UTC+08:00,provisional_UTC+08:00,20118.192248594667,20118,15,19,19:25:29.967,43.42499083333331,43
1900,2080-04-20T01:02:15.548,2080-05-04T00:12:30.341,2080-04-20T09:01:06.364+08:00,2080-05-04T08:11:21.157+08:00,provisional_UTC+08:00,provisional_UTC+08:00,20110.246557412444,20110,15,8,08:11:21.157,32.18921027777776,32
1901,2080-05-19T10:58:56.382,2080-06-02T13:48:06.733,2080-05-19T18:57:47.198+08:00,2080-06-02T21:46:57.549+08:00,provisional_UTC+08:00,provisional_UTC+08:00,20329.172518040934,20329,15,21,21:46:57.549,45.78265250000004,45
1902,2080-06-17T18:42:54.966,2080-07-02T04:11:17.545,2080-06-18T02:41:45.782+08:00,2080-07-02T12:10:08.361+08:00,provisional_UTC+08:00,provisional_UTC+08:00,20728.37631030764,20728,15,12,12:10:08.361,36.16898916666668,36
1903,2080-07-17T01:23:23.504,2080-07-31T19:16:04.227,2080-07-17T09:22:14.320+08:00,2080-08-01T03:14:55.043+08:00,provisional_UTC+08:00,provisional_UTC+08:00,21232.678719625226,21232,16,3,03:14:55.043,51.24862305555558,51
1904,2080-08-15T08:15:52.947,2080-08-30T10:43:10.745,2080-08-15T16:14:43.763+08:00,2080-08-30T18:42:01.561+08:00,provisional_UTC+08:00,provisional_UTC+08:00,21747.29662698306,21747,16,18,18:42:01.561,66.70043361111112,66
1905,2080-09-13T16:27:20.194,2080-09-29T01:56:22.923,2080-09-14T00:26:11.010+08:00,2080-09-29T09:55:13.739+08:00,provisional_UTC+08:00,provisional_UTC+08:00,22169.045483944483,22169,16,9,09:55:13.739,57.920483055555565,57
1906,2080-10-13T02:46:20.921,2080-10-28T16:15:03.723,2080-10-13T10:45:11.737+08:00,2080-10-29T00:13:54.539+08:00,provisional_UTC+08:00,provisional_UTC+08:00,22408.713360790935,22408,17,0,00:13:54.539,72.23181638888894,72
1907,2080-11-11T15:39:29.575,2080-11-27T05:16:25.534,2080-11-11T23:38:20.391+08:00,2080-11-27T13:15:16.350+08:00,provisional_UTC+08:00,provisional_UTC+08:00,22416.93265497808,22416,17,13,13:15:16.350,85.25454166666668,85
1908,2080-12-11T07:12:03.840,2080-12-26T17:05:41.133,2080-12-11T15:10:54.656+08:00,2080-12-27T01:04:31.949+08:00,provisional_UTC+08:00,provisional_UTC+08:00,22193.62154629299,22193,17,1,01:04:31.949,73.0755413888889,73
1909,2081-01-10T01:04:28.979,2081-01-25T04:04:04.575,2081-01-10T09:03:19.795+08:00,2081-01-25T12:02:55.391+08:00,provisional_UTC+08:00,provisional_UTC+08:00,21779.59326299233,21779,16,12,12:02:55.391,60.048719722222245,60
1910,2081-02-08T20:19:30.964,2081-02-23T14:29:41.943,2081-02-09T04:18:21.780+08:00,2081-02-23T22:28:32.759+08:00,provisional_UTC+08:00,provisional_UTC+08:00,21250.1829842849,21250,15,22,22:28:32.759,46.47576638888893,46
1911,2081-03-10T15:19:08.506,2081-03-25T00:31:51.370,2081-03-10T23:17:59.322+08:00,2081-03-25T08:30:42.186+08:00,provisional_UTC+08:00,provisional_UTC+08:00,20712.714386973752,20712,16,8,08:30:42.186,56.511718333333306,56
1912,2081-04-09T08:17:15.644,2081-04-23T10:22:16.564,2081-04-09T16:16:06.460+08:00,2081-04-23T18:21:07.380+08:00,provisional_UTC+08:00,provisional_UTC+08:00,20285.01533424186,20285,15,18,18:21:07.380,42.35204999999996,42
1913,2081-05-08T22:11:11.610,2081-05-22T20:28:38.763,2081-05-09T06:10:02.426+08:00,2081-05-23T04:27:29.579+08:00,provisional_UTC+08:00,provisional_UTC+08:00,20057.452541671875,20057,15,4,04:27:29.579,28.458216388888843,28
1914,2081-06-07T09:04:03.508,2081-06-21T07:34:53.677,2081-06-07T17:02:54.324+08:00,2081-06-21T15:33:44.493+08:00,provisional_UTC+08:00,provisional_UTC+08:00,20070.836157924023,20070,15,15,15:33:44.493,39.56235916666668,39
1915,2081-07-06T17:46:43.953,2081-07-20T20:24:57.759,2081-07-07T01:45:34.769+08:00,2081-07-21T04:23:48.575+08:00,provisional_UTC+08:00,provisional_UTC+08:00,20318.230105148694,20318,15,4,04:23:48.575,28.396826388888883,28
1916,2081-08-05T01:26:26.738,2081-08-19T11:17:43.897,2081-08-05T09:25:17.554+08:00,2081-08-19T19:16:34.713+08:00,provisional_UTC+08:00,provisional_UTC+08:00,20751.285986938783,20751,15,19,19:16:34.713,43.276309166666636,43
1917,2081-09-03T09:04:04.728,2081-09-18T03:48:05.440,2081-09-03T17:02:55.544+08:00,2081-09-18T11:46:56.256+08:00,provisional_UTC+08:00,provisional_UTC+08:00,21284.011865410357,21284,16,11,11:46:56.256,59.78229333333337,59
1918,2081-10-02T17:25:45.062,2081-10-17T20:52:31.314,2081-10-03T01:24:35.878+08:00,2081-10-18T04:51:22.130+08:00,provisional_UTC+08:00,provisional_UTC+08:00,21806.770862656467,21806,16,4,04:51:22.130,52.856147222222205,52
1919,2081-11-01T03:06:32.338,2081-11-16T13:21:51.942,2081-11-01T11:05:23.154+08:00,2081-11-16T21:20:42.758+08:00,provisional_UTC+08:00,provisional_UTC+08:00,22215.32673234562,22215,16,21,21:20:42.758,69.34521055555552,69
1920,2081-11-30T14:38:39.482,2081-12-16T04:33:22.388,2081-11-30T22:37:30.298+08:00,2081-12-16T12:32:13.204+08:00,provisional_UTC+08:00,provisional_UTC+08:00,22434.715100298217,22434,17,12,12:32:13.204,84.53700111111107,84
1921,2081-12-30T04:30:48.392,2082-01-14T18:13:25.744,2081-12-30T12:29:39.208+08:00,2082-01-15T02:12:16.560+08:00,provisional_UTC+08:00,provisional_UTC+08:00,22422.622543221503,22422,17,2,02:12:16.560,74.20460000000003,74
1922,2082-01-28T20:49:03.707,2082-02-13T06:19:00.880,2082-01-29T04:47:54.523+08:00,2082-02-13T14:17:51.696+08:00,provisional_UTC+08:00,provisional_UTC+08:00,22169.952884291186,22169,16,14,14:17:51.696,62.297693333333314,62
1923,2082-02-27T14:51:00.633,2082-03-14T16:47:45.203,2082-02-27T22:49:51.449+08:00,2082-03-15T00:46:36.019+08:00,provisional_UTC+08:00,provisional_UTC+08:00,21716.742840298022,21716,17,0,00:46:36.019,72.77667194444444,72
1924,2082-03-29T09:07:21.895,2082-04-13T01:47:53.142,2082-03-29T17:06:12.711+08:00,2082-04-13T09:46:43.958+08:00,provisional_UTC+08:00,provisional_UTC+08:00,21160.52079030316,21160,16,9,09:46:43.958,57.77887722222226,57
1925,2082-04-28T02:04:35.784,2082-05-12T09:52:02.818,2082-04-28T10:03:26.600+08:00,2082-05-12T17:50:53.634+08:00,provisional_UTC+08:00,provisional_UTC+08:00,20627.450573898215,20627,15,17,17:50:53.634,41.84823166666666,41
1926,2082-05-27T16:49:39.433,2082-06-10T17:57:38.321,2082-05-28T00:48:30.249+08:00,2082-06-11T01:56:29.137+08:00,provisional_UTC+08:00,provisional_UTC+08:00,20227.98146962726,20227,15,1,01:56:29.137,25.94142694444446,25
1927,2082-06-26T05:18:27.638,2082-07-10T03:12:48.390,2082-06-26T13:17:18.454+08:00,2082-07-10T11:11:39.206+08:00,provisional_UTC+08:00,provisional_UTC+08:00,20034.345876426305,20034,15,11,11:11:39.206,35.19422388888887,35
1928,2082-07-25T15:56:50.769,2082-08-08T14:35:20.374,2082-07-25T23:55:41.585+08:00,2082-08-08T22:34:11.190+08:00,provisional_UTC+08:00,provisional_UTC+08:00,20078.49342473891,20078,15,22,22:34:11.190,46.56977499999999,46
1929,2082-08-24T01:20:30.822,2082-09-07T04:32:21.412,2082-08-24T09:19:21.638+08:00,2082-09-07T12:31:12.228+08:00,provisional_UTC+08:00,provisional_UTC+08:00,20351.843164178033,20351,15,12,12:31:12.228,36.520063333333326,36
1930,2082-09-22T10:06:22.274,2082-10-06T20:50:10.210,2082-09-22T18:05:13.090+08:00,2082-10-07T04:49:01.026+08:00,provisional_UTC+08:00,provisional_UTC+08:00,20803.79893030531,20803,16,4,04:49:01.026,52.81695166666668,52
1931,2082-10-21T18:53:00.966,2082-11-05T14:40:54.577,2082-10-22T02:51:51.782+08:00,2082-11-05T22:39:45.393+08:00,provisional_UTC+08:00,provisional_UTC+08:00,21347.8935092563,21347,15,22,22:39:45.393,46.66260916666664,46
1932,2082-11-20T04:22:02.750,2082-12-05T08:59:11.371,2082-11-20T12:20:53.566+08:00,2082-12-05T16:58:02.187+08:00,provisional_UTC+08:00,provisional_UTC+08:00,21877.14368736437,21877,16,16,16:58:02.187,64.96727416666664,64
1933,2082-12-19T15:13:16.790,2083-01-04T02:35:03.084,2082-12-19T23:12:07.606+08:00,2083-01-04T10:33:53.900+08:00,provisional_UTC+08:00,provisional_UTC+08:00,22281.77155575085,22281,17,10,10:33:53.900,82.5649722222222,82
1934,2083-01-18T03:52:27.604,2083-02-02T18:22:55.718,2083-01-18T11:51:18.420+08:00,2083-02-03T02:21:46.534+08:00,provisional_UTC+08:00,provisional_UTC+08:00,22470.468571178062,22470,17,2,02:21:46.534,74.36292611111111,74
1935,2083-02-16T18:17:55.411,2083-03-04T07:37:06.103,2083-02-17T02:16:46.227+08:00,2083-03-04T15:35:56.919+08:00,provisional_UTC+08:00,provisional_UTC+08:00,22399.178198451656,22399,16,15,15:35:56.919,63.59914416666669,63
1936,2083-03-18T09:59:08.964,2083-04-02T18:09:23.989,2083-03-18T17:57:59.780+08:00,2083-04-03T02:08:14.805+08:00,provisional_UTC+08:00,provisional_UTC+08:00,22090.250422280984,22090,17,2,02:08:14.805,74.13744583333329,74
1937,2083-04-17T02:12:02.203,2083-05-02T02:32:12.717,2083-04-17T10:10:53.019+08:00,2083-05-02T10:31:03.533+08:00,provisional_UTC+08:00,provisional_UTC+08:00,21620.175246234343,21620,16,10,10:31:03.533,58.51764805555558,58
1938,2083-05-16T18:16:17.754,2083-05-31T09:44:37.664,2083-05-17T02:15:08.570+08:00,2083-05-31T17:43:28.480+08:00,provisional_UTC+08:00,provisional_UTC+08:00,21088.331841756717,21088,15,17,17:43:28.480,41.72457777777777,41
1939,2083-06-15T09:40:08.711,2083-06-29T16:54:10.791,2083-06-15T17:38:59.527+08:00,2083-06-30T00:53:01.607+08:00,provisional_UTC+08:00,provisional_UTC+08:00,20594.034663541534,20594,16,0,00:53:01.607,48.88377972222224,48
1940,2083-07-14T23:57:03.670,2083-07-29T01:03:18.236,2083-07-15T07:55:54.486+08:00,2083-07-29T09:02:09.052+08:00,provisional_UTC+08:00,provisional_UTC+08:00,20226.242781808935,20226,15,9,09:02:09.052,33.03584777777775,33
1941,2083-08-13T12:47:42.980,2083-08-27T11:02:21.933,2083-08-13T20:46:33.796+08:00,2083-08-27T19:01:12.749+08:00,provisional_UTC+08:00,provisional_UTC+08:00,20054.649223279164,20054,15,19,19:01:12.749,43.0202080555556,43
1942,2083-09-12T00:09:50.630,2083-09-25T23:27:33.240,2083-09-12T08:08:41.446+08:00,2083-09-26T07:26:24.056+08:00,provisional_UTC+08:00,provisional_UTC+08:00,20117.710164817363,20117,15,7,07:26:24.056,31.44001555555559,31
1943,2083-10-11T10:25:51.645,2083-10-25T14:38:14.313,2083-10-11T18:24:42.461+08:00,2083-10-25T22:37:05.129+08:00,provisional_UTC+08:00,provisional_UTC+08:00,20412.377804896514,20412,15,22,22:37:05.129,46.6180913888889,46
1944,2083-11-09T20:17:27.016,2083-11-24T08:25:42.176,2083-11-10T04:16:17.832+08:00,2083-11-24T16:24:32.992+08:00,provisional_UTC+08:00,provisional_UTC+08:00,20888.25266891834,20888,15,16,16:24:32.992,40.40916444444446,40
1945,2083-12-09T06:27:17.530,2083-12-24T03:54:03.976,2083-12-09T14:26:08.346+08:00,2083-12-24T11:52:54.792+08:00,provisional_UTC+08:00,provisional_UTC+08:00,21446.774091012856,21446,16,11,11:52:54.792,59.88188666666662,59
1946,2084-01-07T17:19:39.575,2084-01-22T23:17:16.790,2084-01-08T01:18:30.391+08:00,2084-01-23T07:16:07.606+08:00,provisional_UTC+08:00,provisional_UTC+08:00,21957.62024281657,21957,16,7,07:16:07.606,55.26877944444442,55
1947,2084-02-06T04:55:21.046,2084-02-21T16:38:56.193,2084-02-06T12:54:11.862+08:00,2084-02-22T00:37:47.009+08:00,provisional_UTC+08:00,provisional_UTC+08:00,22303.58578392761,22303,17,0,00:37:47.009,72.62972472222225,72
1948,2084-03-06T17:06:19.516,2084-03-22T06:51:01.300,2084-03-07T01:05:10.332+08:00,2084-03-22T14:49:52.116+08:00,provisional_UTC+08:00,provisional_UTC+08:00,22424.696402989874,22424,16,14,14:49:52.116,62.83114333333333,62
1949,2084-04-05T05:54:47.929,2084-04-20T17:55:11.182,2084-04-05T13:53:38.745+08:00,2084-04-21T01:54:01.998+08:00,provisional_UTC+08:00,provisional_UTC+08:00,22320.38754371622,22320,17,1,01:54:01.998,73.900555,73
1950,2084-05-04T19:35:06.215,2084-05-20T02:38:59.732,2084-05-05T03:33:57.031+08:00,2084-05-20T10:37:50.548+08:00,provisional_UTC+08:00,provisional_UTC+08:00,22023.891946182528,22023,16,10,10:37:50.548,58.630707777777786,58
1951,2084-06-03T10:15:54.450,2084-06-18T10:03:14.424,2084-06-03T18:14:45.266+08:00,2084-06-18T18:02:05.240+08:00,provisional_UTC+08:00,provisional_UTC+08:00,21587.332887419707,21587,16,18,18:02:05.240,66.0347888888889,66
1952,2084-07-03T01:40:42.926,2084-07-17T17:04:13.786,2084-07-03T09:39:33.742+08:00,2084-07-18T01:03:04.602+08:00,provisional_UTC+08:00,provisional_UTC+08:00,21083.514343857732,21083,16,1,01:03:04.602,49.0512783333333,49
1953,2084-08-01T17:06:48.495,2084-08-16T00:32:13.340,2084-08-02T01:05:39.311+08:00,2084-08-16T08:31:04.156+08:00,provisional_UTC+08:00,provisional_UTC+08:00,20605.41408790162,20605,15,8,08:31:04.156,32.51782111111112,32
1954,2084-08-31T07:47:27.547,2084-09-14T09:17:49.175,2084-08-31T15:46:18.363+08:00,2084-09-14T17:16:39.991+08:00,provisional_UTC+08:00,provisional_UTC+08:00,20250.360458226853,20250,15,17,17:16:39.991,41.27777527777778,41
1955,2084-09-29T21:19:07.731,2084-10-13T20:15:25.270,2084-09-30T05:17:58.547+08:00,2084-10-14T04:14:16.086+08:00,provisional_UTC+08:00,provisional_UTC+08:00,20096.292313342637,20096,15,4,04:14:16.086,28.237801666666655,28
1956,2084-10-29T09:49:35.192,2084-11-12T10:12:41.479,2084-10-29T17:48:26.008+08:00,2084-11-12T18:11:32.295+08:00,provisional_UTC+08:00,provisional_UTC+08:00,20183.104782806404,20183,15,18,18:11:32.295,42.192304166666645,42
1957,2084-11-27T21:41:44.418,2084-12-12T03:21:13.531,2084-11-28T05:40:35.234+08:00,2084-12-12T11:20:04.347+08:00,provisional_UTC+08:00,provisional_UTC+08:00,20499.485207749694,20499,15,11,11:20:04.347,35.334540833333335,35
1958,2084-12-27T09:09:35.250,2085-01-10T22:44:55.093,2084-12-27T17:08:26.066+08:00,2085-01-11T06:43:45.909+08:00,provisional_UTC+08:00,provisional_UTC+08:00,20975.33072782012,20975,16,6,06:43:45.909,54.72941916666667,54
1959,2085-01-25T20:09:22.423,2085-02-09T18:26:52.770,2085-01-26T04:08:13.239+08:00,2085-02-10T02:25:43.586+08:00,provisional_UTC+08:00,provisional_UTC+08:00,21497.505780430012,21497,16,2,02:25:43.586,50.428773888888884,50
1960,2085-02-24T06:34:55.767,2085-03-11T12:28:12.141,2085-02-24T14:33:46.583+08:00,2085-03-11T20:27:02.957+08:00,provisional_UTC+08:00,provisional_UTC+08:00,21953.272909715448,21953,16,20,20:27:02.957,68.45082138888887,68
1961,2085-03-25T16:39:47.708,2085-04-10T03:43:35.011,2085-03-26T00:38:38.524+08:00,2085-04-10T11:42:25.827+08:00,provisional_UTC+08:00,provisional_UTC+08:00,22263.78839640596,22263,16,11,11:42:25.827,59.707174166666675,59
1962,2085-04-24T03:01:44.267,2085-05-09T16:06:38.631,2085-04-24T11:00:35.083+08:00,2085-05-10T00:05:29.447+08:00,provisional_UTC+08:00,provisional_UTC+08:00,22384.906068687254,22384,17,0,00:05:29.447,72.09151305555554,72
1963,2085-05-23T14:25:49.287,2085-06-08T02:04:32.374,2085-05-23T22:24:40.103+08:00,2085-06-08T10:03:23.190+08:00,provisional_UTC+08:00,provisional_UTC+08:00,22298.718113206807,22298,17,10,10:03:23.190,82.05644166666667,82
1964,2085-06-22T03:20:44.414,2085-07-07T10:17:18.193,2085-06-22T11:19:35.230+08:00,2085-07-07T18:16:09.009+08:00,provisional_UTC+08:00,provisional_UTC+08:00,22016.56297949794,22016,16,18,18:16:09.009,66.2691691666667,66
1965,2085-07-21T17:45:17.597,2085-08-05T17:31:56.150,2085-07-22T01:44:08.413+08:00,2085-08-06T01:30:46.966+08:00,provisional_UTC+08:00,provisional_UTC+08:00,21586.642546950345,21586,16,1,01:30:46.966,49.51304611111112,49
1966,2085-08-20T09:13:10.002,2085-09-04T00:43:50.240,2085-08-20T17:12:00.818+08:00,2085-09-04T08:42:41.056+08:00,provisional_UTC+08:00,provisional_UTC+08:00,21090.670640060678,21090,16,8,08:42:41.056,56.7114044444445,56
1967,2085-09-19T01:09:23.812,2085-10-03T08:56:10.154,2085-09-19T09:08:14.628+08:00,2085-10-03T16:55:00.970+08:00,provisional_UTC+08:00,provisional_UTC+08:00,20626.772365819324,20626,15,16,16:55:00.970,40.91693611111111,40
1968,2085-10-18T17:02:25.125,2085-11-01T19:11:18.097,2085-10-19T01:01:15.941+08:00,2085-11-02T03:10:08.913+08:00,provisional_UTC+08:00,provisional_UTC+08:00,20288.882867058364,20288,15,3,03:10:08.913,27.169142499999964,27
1969,2085-11-17T08:23:18.389,2085-12-01T08:12:26.020,2085-11-17T16:22:09.205+08:00,2085-12-01T16:11:16.836+08:00,provisional_UTC+08:00,provisional_UTC+08:00,20149.127186534442,20149,15,16,16:11:16.836,40.18800999999996,40
1970,2085-12-16T22:40:48.292,2085-12-31T00:01:29.882,2085-12-17T06:39:39.108+08:00,2085-12-31T08:00:20.698+08:00,provisional_UTC+08:00,provisional_UTC+08:00,20240.693174807202,20240,15,8,08:00:20.698,32.00574944444446,32
1971,2086-01-15T11:26:28.209,2086-01-29T17:51:11.440,2086-01-15T19:25:19.025+08:00,2086-01-30T01:50:02.256+08:00,provisional_UTC+08:00,provisional_UTC+08:00,20544.720520341103,20544,16,1,01:50:02.256,49.83395999999999,49
1972,2086-02-13T22:29:37.685,2086-02-28T12:23:37.238,2086-02-14T06:28:28.501+08:00,2086-02-28T20:22:28.054+08:00,provisional_UTC+08:00,provisional_UTC+08:00,20993.992542010747,20993,15,20,20:22:28.054,44.374459444444426,44
1973,2086-03-15T08:06:38.281,2086-03-30T06:20:00.706,2086-03-15T16:05:29.097+08:00,2086-03-30T14:18:51.522+08:00,provisional_UTC+08:00,provisional_UTC+08:00,21493.373746569236,21493,16,14,14:18:51.522,62.3143116666667,62
1974,2086-04-13T16:55:46.537,2086-04-28T22:37:59.588,2086-04-14T00:54:37.353+08:00,2086-04-29T06:36:50.404+08:00,provisional_UTC+08:00,provisional_UTC+08:00,21942.217517274414,21942,16,6,06:36:50.404,54.61400111111112,54
1975,2086-05-13T01:43:57.063,2086-05-28T12:37:28.564,2086-05-13T09:42:47.879+08:00,2086-05-28T20:36:19.380+08:00,provisional_UTC+08:00,provisional_UTC+08:00,22253.525013223534,22253,16,20,20:36:19.380,68.6053833333333,68
1976,2086-06-11T11:15:00.343,2086-06-27T00:06:35.664,2086-06-11T19:13:51.159+08:00,2086-06-27T08:05:26.480+08:00,provisional_UTC+08:00,provisional_UTC+08:00,22371.588673730977,22371,17,8,08:05:26.480,80.0906888888889,80
1977,2086-07-10T22:04:39.218,2086-07-26T09:26:36.901,2086-07-11T06:03:30.034+08:00,2086-07-26T17:25:27.717+08:00,provisional_UTC+08:00,provisional_UTC+08:00,22281.961372375088,22281,16,17,17:25:27.717,65.4243658333333,65
1978,2086-08-09T10:40:30.644,2086-08-24T17:28:09.685,2086-08-09T18:39:21.460+08:00,2086-08-25T01:27:00.501+08:00,provisional_UTC+08:00,provisional_UTC+08:00,22007.650687880443,22007,17,1,01:27:00.501,73.45013916666664,73
1979,2086-09-08T01:19:57.557,2086-09-23T01:17:36.530,2086-09-08T09:18:48.373+08:00,2086-09-23T09:16:27.346+08:00,provisional_UTC+08:00,provisional_UTC+08:00,21597.64954854765,21597,16,9,09:16:27.346,57.27426277777778,57
1980,2086-10-07T17:59:01.769,2086-10-22T09:58:34.429,2086-10-08T01:57:52.585+08:00,2086-10-22T17:57:25.245+08:00,provisional_UTC+08:00,provisional_UTC+08:00,21119.544341466408,21119,15,17,17:57:25.245,41.95701250000002,41
1981,2086-11-06T11:56:06.869,2086-11-20T20:14:43.335,2086-11-06T19:54:57.685+08:00,2086-11-21T04:13:34.151+08:00,provisional_UTC+08:00,provisional_UTC+08:00,20658.607768262318,20658,16,4,04:13:34.151,52.226153055555585,52
1982,2086-12-06T05:50:30.576,2086-12-20T08:21:37.187,2086-12-06T13:49:21.392+08:00,2086-12-20T16:20:28.003+08:00,provisional_UTC+08:00,provisional_UTC+08:00,20311.11017410458,20311,15,16,16:20:28.003,40.341111944444435,40
1983,2087-01-04T22:13:38.196,2087-01-18T22:13:27.934,2087-01-05T06:12:29.012+08:00,2087-01-19T06:12:18.750+08:00,provisional_UTC+08:00,provisional_UTC+08:00,20159.82896835318,20159,15,6,06:12:18.750,30.20520833333336,30
1984,2087-02-03T12:13:09.651,2087-02-17T13:36:44.525,2087-02-03T20:12:00.467+08:00,2087-02-17T21:35:35.341+08:00,provisional_UTC+08:00,provisional_UTC+08:00,20243.581247807073,20243,15,21,21:35:35.341,45.593150277777795,45
1985,2087-03-04T23:47:54.956,2087-03-19T06:11:46.957,2087-03-05T07:46:45.772+08:00,2087-03-19T14:10:37.773+08:00,provisional_UTC+08:00,provisional_UTC+08:00,20543.86667537365,20543,15,14,14:10:37.773,38.177159166666684,38
1986,2087-04-03T09:28:32.915,2087-04-17T23:19:40.946,2087-04-03T17:27:23.731+08:00,2087-04-18T07:18:31.762+08:00,provisional_UTC+08:00,provisional_UTC+08:00,20991.133864919488,20991,16,7,07:18:31.762,55.308822777777834,55
1987,2087-05-02T17:53:39.962,2087-05-17T15:57:43.558,2087-05-03T01:52:30.778+08:00,2087-05-17T23:56:34.374+08:00,provisional_UTC+08:00,provisional_UTC+08:00,21484.059922988996,21484,15,23,23:56:34.374,47.942881666666665,47
1988,2087-06-01T01:41:17.060,2087-06-16T07:01:17.204,2087-06-01T09:40:07.876+08:00,2087-06-16T15:00:08.020+08:00,provisional_UTC+08:00,provisional_UTC+08:00,21920.00238530057,21920,16,15,15:00:08.020,63.00222777777776,63
1989,2087-06-30T09:33:30.068,2087-07-15T19:56:52.188,2087-06-30T17:32:20.884+08:00,2087-07-16T03:55:43.004+08:00,provisional_UTC+08:00,provisional_UTC+08:00,22223.368671688906,22223,17,3,03:55:43.004,75.92861222222223,75
1990,2087-07-29T18:22:59.413,2087-08-14T06:56:31.260,2087-07-30T02:21:50.229+08:00,2087-08-14T14:55:22.076+08:00,provisional_UTC+08:00,provisional_UTC+08:00,22353.530790075012,22353,16,14,14:55:22.076,62.92279888888885,62
1991,2087-08-28T05:10:48.321,2087-09-12T16:45:26.988,2087-08-28T13:09:39.137+08:00,2087-09-13T00:44:17.804+08:00,provisional_UTC+08:00,provisional_UTC+08:00,22294.644457803763,22294,17,0,00:44:17.804,72.73827888888889,72
1992,2087-09-26T18:49:23.157,2087-10-12T02:16:29.686,2087-09-27T02:48:13.973+08:00,2087-10-12T10:15:20.502+08:00,provisional_UTC+08:00,provisional_UTC+08:00,22047.108805969365,22047,16,10,10:15:20.502,58.255695,58
1993,2087-10-26T11:31:59.253,2087-11-10T12:07:38.835,2087-10-26T19:30:50.069+08:00,2087-11-10T20:06:29.651+08:00,provisional_UTC+08:00,provisional_UTC+08:00,21635.659697349074,21635,16,20,20:06:29.651,68.10823638888888,68
1994,2087-11-25T06:26:16.979,2087-12-09T22:34:18.673,2087-11-25T14:25:07.795+08:00,2087-12-10T06:33:09.489+08:00,provisional_UTC+08:00,provisional_UTC+08:00,21128.02823273236,21128,16,6,06:33:09.489,54.55263583333334,54
1995,2087-12-25T01:45:17.660,2088-01-08T09:40:15.099,2087-12-25T09:44:08.476+08:00,2088-01-08T17:39:05.915+08:00,provisional_UTC+08:00,provisional_UTC+08:00,20634.9573129723,20634,15,17,17:39:05.915,41.65164305555555,41
1996,2088-01-23T19:41:07.839,2088-02-06T21:35:21.377,2088-01-24T03:39:58.655+08:00,2088-02-07T05:34:12.193+08:00,provisional_UTC+08:00,provisional_UTC+08:00,20274.225637944102,20274,15,5,05:34:12.193,29.57005361111112,29
1997,2088-02-22T11:11:46.998,2088-03-07T10:38:59.146,2088-02-22T19:10:37.814+08:00,2088-03-07T18:37:49.962+08:00,provisional_UTC+08:00,provisional_UTC+08:00,20127.20247431672,20127,15,18,18:37:49.962,42.63054500000004,42
1998,2088-03-23T00:03:07.197,2088-04-06T01:02:16.204,2088-03-23T08:01:58.013+08:00,2088-04-06T09:01:07.020+08:00,provisional_UTC+08:00,provisional_UTC+08:00,20219.150103292952,20219,15,9,09:01:07.020,33.018616666666674,33
1999,2088-04-21T10:27:31.474,2088-05-05T16:27:47.942,2088-04-21T18:26:22.290+08:00,2088-05-06T00:26:38.758+08:00,provisional_UTC+08:00,provisional_UTC+08:00,20520.274469099633,20520,16,0,00:26:38.758,48.44409944444442,48
2000,2088-05-20T18:51:30.028,2088-06-04T08:11:05.676,2088-05-21T02:50:20.844+08:00,2088-06-04T16:09:56.492+08:00,provisional_UTC+08:00,provisional_UTC+08:00,20959.594132132243,20959,15,16,16:09:56.492,40.16569222222222,40
2001,2088-06-19T01:56:28.835,2088-07-03T23:24:53.384,2088-06-19T09:55:19.651+08:00,2088-07-04T07:23:44.200+08:00,provisional_UTC+08:00,provisional_UTC+08:00,21448.409145269234,21448,16,7,07:23:44.200,55.39561111111112,55
2002,2088-07-18T08:41:16.481,2088-08-02T13:42:17.026,2088-07-18T16:40:07.297+08:00,2088-08-02T21:41:07.842+08:00,provisional_UTC+08:00,provisional_UTC+08:00,21901.009080492033,21901,16,21,21:41:07.842,69.68551166666663,69
2003,2088-08-16T16:18:07.611,2088-09-01T03:00:16.209,2088-08-17T00:16:58.427+08:00,2088-09-01T10:59:07.025+08:00,provisional_UTC+08:00,provisional_UTC+08:00,22242.143294699963,22242,16,10,10:59:07.025,58.98528472222222,58
2004,2088-09-15T02:00:24.588,2088-09-30T15:27:43.590,2088-09-15T09:59:15.404+08:00,2088-09-30T23:26:34.406+08:00,provisional_UTC+08:00,provisional_UTC+08:00,22407.31670607216,22407,16,23,23:26:34.406,71.44289055555555,71
2005,2088-10-14T14:42:05.600,2088-10-30T03:12:53.208,2088-10-14T22:40:56.416+08:00,2088-10-30T11:11:44.024+08:00,provisional_UTC+08:00,provisional_UTC+08:00,22350.793458226563,22350,17,11,11:11:44.024,83.19556222222224,83
2006,2088-11-13T06:34:18.950,2088-11-28T14:20:50.479,2088-11-13T14:33:09.766+08:00,2088-11-28T22:19:41.295+08:00,provisional_UTC+08:00,provisional_UTC+08:00,22066.52548531092,22066,16,22,22:19:41.295,70.32813749999997,70
2007,2088-12-13T00:54:27.152,2088-12-28T00:59:58.686,2088-12-13T08:53:17.968+08:00,2088-12-28T08:58:49.502+08:00,provisional_UTC+08:00,provisional_UTC+08:00,21605.525562578725,21605,16,8,08:58:49.502,56.98041722222223,56
2008,2089-01-11T20:20:20.383,2089-01-26T11:27:37.014,2089-01-12T04:19:11.199+08:00,2089-01-26T19:26:27.830+08:00,provisional_UTC+08:00,provisional_UTC+08:00,21067.27718303827,21067,15,19,19:26:27.830,43.44106388888889,43
2009,2089-02-10T15:18:35.205,2089-02-24T22:07:45.401,2089-02-10T23:17:26.021+08:00,2089-02-25T06:06:36.217+08:00,provisional_UTC+08:00,provisional_UTC+08:00,20569.169922128414,20569,16,6,06:06:36.217,54.11006027777779,54
2010,2089-03-12T08:26:43.675,2089-03-26T09:22:36.766,2089-03-12T16:25:34.491+08:00,2089-03-26T17:21:27.582+08:00,provisional_UTC+08:00,provisional_UTC+08:00,20215.88484707933,20215,15,17,17:21:27.582,41.35766166666667,41
2011,2089-04-10T22:48:21.278,2089-04-24T21:25:21.082,2089-04-11T06:47:12.094+08:00,2089-04-25T05:24:11.898+08:00,provisional_UTC+08:00,provisional_UTC+08:00,20076.996723150904,20076,15,5,05:24:11.898,29.40330499999999,29
2012,2089-05-10T10:06:21.617,2089-05-24T10:20:31.757,2089-05-10T18:05:12.433+08:00,2089-05-24T18:19:22.573+08:00,provisional_UTC+08:00,provisional_UTC+08:00,20174.169005356925,20174,15,18,18:19:22.573,42.32293694444445,42
2013,2089-06-08T18:47:10.840,2089-06-23T00:09:42.277,2089-06-09T02:46:01.656+08:00,2089-06-23T08:08:33.093+08:00,provisional_UTC+08:00,provisional_UTC+08:00,20482.523934240362,20482,15,8,08:08:33.093,32.142525833333366,32
2014,2089-07-08T01:50:24.944,2089-07-22T14:52:26.960,2089-07-08T09:49:15.760+08:00,2089-07-22T22:51:17.776+08:00,provisional_UTC+08:00,provisional_UTC+08:00,20942.03360177935,20942,15,22,22:51:17.776,46.85493777777782,46
2015,2089-08-06T08:30:42.014,2089-08-21T06:18:24.082,2089-08-06T16:29:32.830+08:00,2089-08-21T14:17:14.898+08:00,provisional_UTC+08:00,provisional_UTC+08:00,21467.701128822802,21467,16,14,14:17:14.898,62.287471666666704,62
2016,2089-09-04T16:00:34.246,2089-09-19T21:58:08.393,2089-09-04T23:59:25.062+08:00,2089-09-20T05:56:59.209+08:00,provisional_UTC+08:00,provisional_UTC+08:00,21957.56910964698,21957,17,5,05:56:59.209,77.94978027777779,77
2017,2089-10-04T01:17:40.365,2089-10-19T13:06:52.072,2089-10-04T09:16:31.181+08:00,2089-10-19T21:05:42.888+08:00,provisional_UTC+08:00,provisional_UTC+08:00,22309.195109686243,22309,16,21,21:05:42.888,69.0952466666667,69
2018,2089-11-02T12:57:44.349,2089-11-18T03:05:13.867,2089-11-02T20:56:35.165+08:00,2089-11-18T11:04:04.683+08:00,provisional_UTC+08:00,provisional_UTC+08:00,22447.491968996146,22447,17,11,11:04:04.683,83.06796750000001,83
2019,2089-12-02T03:14:16.350,2089-12-17T15:40:18.222,2089-12-02T11:13:07.166+08:00,2089-12-17T23:39:09.038+08:00,provisional_UTC+08:00,provisional_UTC+08:00,22346.031201650057,22346,16,23,23:39:09.038,71.65251055555552,71
2020,2089-12-31T19:59:34.376,2090-01-16T03:05:28.616,2090-01-01T03:58:25.192+08:00,2090-01-16T11:04:19.432+08:00,provisional_UTC+08:00,provisional_UTC+08:00,22025.904002253683,22025,16,11,11:04:19.432,59.072064444444436,59
2021,2090-01-30T14:36:56.460,2090-02-14T13:42:03.466,2090-01-30T22:35:47.276+08:00,2090-02-14T21:40:54.282+08:00,provisional_UTC+08:00,provisional_UTC+08:00,21545.116768669788,21545,16,21,21:40:54.282,69.68174499999998,69
2022,2090-03-01T09:49:08.275,2090-03-15T23:44:44.485,2090-03-01T17:47:59.091+08:00,2090-03-16T07:43:35.301+08:00,provisional_UTC+08:00,provisional_UTC+08:00,20995.603514281243,20995,16,7,07:43:35.301,55.7264725,55
2023,2090-03-31T03:50:52.357,2090-04-14T09:24:44.716,2090-03-31T11:49:43.173+08:00,2090-04-14T17:23:35.532+08:00,provisional_UTC+08:00,provisional_UTC+08:00,20493.87264882131,20493,15,17,17:23:35.532,41.393203333333304,41
2024,2090-04-29T19:14:48.230,2090-05-13T19:03:35.868,2090-04-30T03:13:39.046+08:00,2090-05-14T03:02:26.684+08:00,provisional_UTC+08:00,provisional_UTC+08:00,20148.793956620335,20148,15,3,03:02:26.684,27.04074555555553,27
2025,2090-05-29T07:32:17.540,2090-06-12T05:20:45.279,2090-05-29T15:31:08.356+08:00,2090-06-12T13:19:36.095+08:00,provisional_UTC+08:00,provisional_UTC+08:00,20028.462307431444,20028,15,13,13:19:36.095,37.32669305555555,37
2026,2090-06-27T17:13:55.638,2090-07-11T17:05:21.189,2090-06-28T01:12:46.454+08:00,2090-07-12T01:04:12.005+08:00,provisional_UTC+08:00,provisional_UTC+08:00,20151.42585298326,20151,15,1,01:04:12.005,25.07000138888884,25
2027,2090-07-27T01:21:52.902,2090-08-10T06:54:19.567,2090-07-27T09:20:43.718+08:00,2090-08-10T14:53:10.383+08:00,provisional_UTC+08:00,provisional_UTC+08:00,20492.44440934009,20492,15,14,14:53:10.383,38.88621749999999,38
2028,2090-08-25T09:01:35.711,2090-09-08T22:47:22.926,2090-08-25T17:00:26.527+08:00,2090-09-09T06:46:13.742+08:00,provisional_UTC+08:00,provisional_UTC+08:00,20985.786916770176,20985,16,6,06:46:13.742,54.77048388888892,54
2029,2090-09-23T17:05:47.020,2090-10-08T15:56:50.090,2090-09-24T01:04:37.836+08:00,2090-10-08T23:55:40.906+08:00,provisional_UTC+08:00,provisional_UTC+08:00,21531.0511669717,21531,15,23,23:55:40.906,47.928029444444405,47
2030,2090-10-23T02:12:14.792,2090-11-07T09:07:50.799,2090-10-23T10:11:05.608+08:00,2090-11-07T17:06:41.615+08:00,provisional_UTC+08:00,provisional_UTC+08:00,22015.60011374764,22015,16,17,17:06:41.615,65.11155972222224,65
2031,2090-11-21T12:51:17.281,2090-12-07T01:16:58.445,2090-11-21T20:50:08.097+08:00,2090-12-07T09:15:49.261+08:00,provisional_UTC+08:00,provisional_UTC+08:00,22345.686063427165,22345,17,9,09:15:49.261,81.2636836111111,81
2032,2090-12-21T01:32:00.059,2091-01-05T15:53:25.951,2090-12-21T09:30:50.875+08:00,2091-01-05T23:52:16.767+08:00,provisional_UTC+08:00,provisional_UTC+08:00,22461.431521144623,22461,16,23,23:52:16.767,71.87132416666668,71
2033,2091-01-19T16:33:41.694,2091-02-04T04:49:10.897,2091-01-20T00:32:32.510+08:00,2091-02-04T12:48:01.713+08:00,provisional_UTC+08:00,provisional_UTC+08:00,22335.48671408232,22335,16,12,12:48:01.713,60.80047583333334,60
2034,2091-02-18T09:41:09.393,2091-03-05T16:01:41.010,2091-02-18T17:40:00.209+08:00,2091-03-06T00:00:31.826+08:00,provisional_UTC+08:00,provisional_UTC+08:00,21980.52694237049,21980,17,0,00:00:31.826,72.00884055555554,72
2035,2091-03-20T03:48:37.540,2091-04-04T01:34:06.386,2091-03-20T11:47:28.356+08:00,2091-04-04T09:32:57.202+08:00,provisional_UTC+08:00,provisional_UTC+08:00,21465.48076270702,21465,16,9,09:32:57.202,57.5492227777778,57
2036,2091-04-18T21:22:33.512,2091-05-03T09:48:42.786,2091-04-19T05:21:24.328+08:00,2091-05-03T17:47:33.602+08:00,provisional_UTC+08:00,provisional_UTC+08:00,20906.15457079844,20906,15,17,17:47:33.602,41.792667222222235,41
2037,2091-05-18T13:09:36.080,2091-06-01T17:33:55.328,2091-05-18T21:08:26.896+08:00,2091-06-02T01:32:46.144+08:00,provisional_UTC+08:00,provisional_UTC+08:00,20424.320803855255,20424,16,1,01:32:46.144,49.54615111111116,49
2038,2091-06-17T02:43:46.563,2091-07-01T01:56:36.386,2091-06-17T10:42:37.379+08:00,2091-07-01T09:55:27.202+08:00,provisional_UTC+08:00,provisional_UTC+08:00,20112.83038304735,20112,15,9,09:55:27.202,33.9242227777778,33
2039,2091-07-16T14:18:24.136,2091-07-30T12:04:00.806,2091-07-16T22:17:14.952+08:00,2091-07-30T20:02:51.622+08:00,provisional_UTC+08:00,provisional_UTC+08:00,20025.611163733112,20025,15,20,20:02:51.622,44.04767277777779,44
2040,2091-08-15T00:24:41.882,2091-08-29T00:42:10.770,2091-08-15T08:23:32.698+08:00,2091-08-29T08:41:01.586+08:00,provisional_UTC+08:00,provisional_UTC+08:00,20177.481467985745,20177,15,8,08:41:01.586,32.68377388888888,32
2041,2091-09-13T09:37:23.194,2091-09-27T15:58:50.506,2091-09-13T17:36:14.010+08:00,2091-09-27T23:57:41.322+08:00,provisional_UTC+08:00,provisional_UTC+08:00,20541.45520010452,20541,15,23,23:57:41.322,47.96147833333333,47
2042,2091-10-12T18:31:35.858,2091-10-27T09:20:33.506,2091-10-13T02:30:26.674+08:00,2091-10-27T17:19:24.322+08:00,provisional_UTC+08:00,provisional_UTC+08:00,21048.96079517499,21048,15,17,17:19:24.322,41.32342277777775,41
2043,2091-11-11T03:44:59.807,2091-11-26T03:45:52.428,2091-11-11T11:43:50.623+08:00,2091-11-26T11:44:43.244+08:00,provisional_UTC+08:00,provisional_UTC+08:00,21600.87702042214,21600,16,11,11:44:43.244,59.74534555555556,59
2044,2091-12-10T13:56:50.696,2091-12-25T22:02:18.676,2091-12-10T21:55:41.512+08:00,2091-12-26T06:01:09.492+08:00,provisional_UTC+08:00,provisional_UTC+08:00,22085.46633380496,22085,17,6,06:01:09.492,78.01930333333337,78
2045,2092-01-09T01:39:35.922,2092-01-24T14:57:34.329,2092-01-09T09:38:26.738+08:00,2092-01-24T22:56:25.145+08:00,provisional_UTC+08:00,provisional_UTC+08:00,22397.97344250564,22397,16,22,22:56:25.145,70.94031805555557,70
2046,2092-02-07T15:05:36.159,2092-02-23T05:32:11.826,2092-02-07T23:04:26.975+08:00,2092-02-23T13:31:02.642+08:00,provisional_UTC+08:00,provisional_UTC+08:00,22466.594443975227,22466,17,13,13:31:02.642,85.51740055555553,85
2047,2092-03-08T05:59:08.075,2092-03-23T17:18:32.843,2092-03-08T13:57:58.891+08:00,2092-03-24T01:17:23.659+08:00,provisional_UTC+08:00,provisional_UTC+08:00,22279.412802164115,22279,17,1,01:17:23.659,73.28990527777779,73
2048,2092-04-06T21:44:06.677,2092-04-22T02:31:56.037,2092-04-07T05:42:57.493+08:00,2092-04-22T10:30:46.853+08:00,provisional_UTC+08:00,provisional_UTC+08:00,21887.82266626495,21887,16,10,10:30:46.853,58.51301472222218,58
2049,2092-05-06T13:41:41.009,2092-05-21T10:02:51.796,2092-05-06T21:40:31.825+08:00,2092-05-21T18:01:42.612+08:00,provisional_UTC+08:00,provisional_UTC+08:00,21381.179794040872,21381,16,18,18:01:42.612,66.02850333333333,66
2050,2092-06-05T05:20:16.816,2092-06-19T16:58:40.662,2092-06-05T13:19:07.632+08:00,2092-06-20T00:57:31.478+08:00,provisional_UTC+08:00,provisional_UTC+08:00,20858.397428338812,20858,16,0,00:57:31.478,48.958743888888876,48
2051,2092-07-04T20:13:27.028,2092-07-19T00:26:55.766,2092-07-05T04:12:17.844+08:00,2092-07-19T08:25:46.582+08:00,provisional_UTC+08:00,provisional_UTC+08:00,20413.4789606879,20413,15,8,08:25:46.582,32.42960611111107,32
2052,2092-08-03T09:57:12.547,2092-08-17T09:25:06.752,2092-08-03T17:56:03.363+08:00,2092-08-17T17:23:57.568+08:00,provisional_UTC+08:00,provisional_UTC+08:00,20127.903421290703,20127,15,17,17:23:57.568,41.39932444444446,41
2053,2092-09-01T22:16:47.397,2092-09-15T20:36:26.747,2092-09-02T06:15:38.213+08:00,2092-09-16T04:35:17.563+08:00,provisional_UTC+08:00,provisional_UTC+08:00,20059.655845613615,20059,15,4,04:35:17.563,28.58821194444448,28
2054,2092-10-01T09:18:13.446,2092-10-15T10:28:31.844,2092-10-01T17:17:04.262+08:00,2092-10-15T18:27:22.660+08:00,provisional_UTC+08:00,provisional_UTC+08:00,20230.30662032641,20230,15,18,18:27:22.660,42.45629444444444,42
2055,2092-10-30T19:31:36.052,2092-11-14T03:07:30.085,2092-10-31T03:30:26.868+08:00,2092-11-14T11:06:20.901+08:00,provisional_UTC+08:00,provisional_UTC+08:00,20615.90055980958,20615,15,11,11:06:20.901,35.10580583333336,35
2056,2092-11-29T05:38:55.104,2092-12-13T22:01:38.365,2092-11-29T13:37:45.920+08:00,2092-12-14T06:00:29.181+08:00,provisional_UTC+08:00,provisional_UTC+08:00,21142.72101604507,21142,16,6,06:00:29.181,54.00810583333339,54
2057,2092-12-28T16:13:15.029,2093-01-12T17:46:14.438,2092-12-29T00:12:05.845+08:00,2093-01-13T01:45:05.254+08:00,provisional_UTC+08:00,provisional_UTC+08:00,21692.990161351318,21692,16,1,01:45:05.254,49.751459444444436,49
2058,2093-01-27T03:25:06.662,2093-02-11T12:21:29.859,2093-01-27T11:23:57.478+08:00,2093-02-11T20:20:20.675+08:00,provisional_UTC+08:00,provisional_UTC+08:00,22136.3866155266,22136,16,20,20:20:20.675,68.33907638888888,68
2059,2093-02-25T15:08:30.634,2093-03-13T04:09:20.814,2093-02-25T23:07:21.450+08:00,2093-03-13T12:08:11.630+08:00,provisional_UTC+08:00,provisional_UTC+08:00,22380.836340038433,22380,17,12,12:08:11.630,84.13656388888887,84
2060,2093-03-27T03:20:58.465,2093-04-11T16:38:36.355,2093-03-27T11:19:49.281+08:00,2093-04-12T00:37:27.171+08:00,provisional_UTC+08:00,provisional_UTC+08:00,22397.631494770423,22397,17,0,00:37:27.171,72.62421416666672,72
2061,2093-04-25T16:15:23.486,2093-05-11T02:19:51.292,2093-04-26T00:14:14.302+08:00,2093-05-11T10:18:42.108+08:00,provisional_UTC+08:00,provisional_UTC+08:00,22204.4634307467,22204,16,10,10:18:42.108,58.31169666666665,58
2062,2093-05-25T06:10:12.466,2093-06-09T10:12:13.260,2093-05-25T14:09:03.282+08:00,2093-06-09T18:11:04.076+08:00,provisional_UTC+08:00,provisional_UTC+08:00,21842.01323659352,21842,16,18,18:11:04.076,66.1844655555555,66
2063,2093-06-23T21:07:22.447,2093-07-08T17:16:37.326,2093-06-24T05:06:13.263+08:00,2093-07-09T01:15:28.142+08:00,provisional_UTC+08:00,provisional_UTC+08:00,21369.24798846594,21369,16,1,01:15:28.142,49.25781722222223,49
2064,2093-07-23T12:38:51.137,2093-08-07T00:26:25.258,2093-07-23T20:37:41.953+08:00,2093-08-07T08:25:16.074+08:00,provisional_UTC+08:00,provisional_UTC+08:00,20867.568693667108,20867,16,8,08:25:16.074,56.42113166666667,56
2065,2093-08-22T03:56:26.103,2093-09-05T08:30:45.802,2093-08-22T11:55:16.919+08:00,2093-09-05T16:29:36.618+08:00,provisional_UTC+08:00,provisional_UTC+08:00,20434.328307780117,20434,15,16,16:29:36.618,40.49350500000003,40
2066,2093-09-20T18:19:26.314,2093-10-04T18:21:00.489,2093-09-21T02:18:17.130+08:00,2093-10-05T02:19:51.305+08:00,provisional_UTC+08:00,provisional_UTC+08:00,20161.56957686657,20161,15,2,02:19:51.305,26.330918055555514,26
2067,2093-10-20T07:36:08.812,2093-11-03T06:48:53.654,2093-10-20T15:34:59.628+08:00,2093-11-03T14:47:44.470+08:00,provisional_UTC+08:00,provisional_UTC+08:00,20112.747366340736,20112,15,14,14:47:44.470,38.79568611111108,38
2068,2093-11-18T20:00:37.400,2093-12-02T22:26:51.511,2093-11-19T03:59:28.216+08:00,2093-12-03T06:25:42.327+08:00,provisional_UTC+08:00,provisional_UTC+08:00,20306.235194072324,20306,15,6,06:25:42.327,30.428424166666673,30
2069,2093-12-18T07:50:30.003,2094-01-01T16:54:05.020,2093-12-18T15:49:20.819+08:00,2094-01-02T00:52:55.836+08:00,provisional_UTC+08:00,provisional_UTC+08:00,20703.583607023786,20703,16,0,00:52:55.836,48.88217666666662,48
2070,2094-01-16T19:08:25.957,2094-01-31T12:39:31.600,2094-01-17T03:07:16.773+08:00,2094-01-31T20:38:22.416+08:00,provisional_UTC+08:00,provisional_UTC+08:00,21211.094066459442,21211,15,20,20:38:22.416,44.63956000000002,44
2071,2094-02-15T05:46:20.731,2094-03-02T07:37:45.165,2094-02-15T13:45:11.547+08:00,2094-03-02T15:36:35.981+08:00,provisional_UTC+08:00,provisional_UTC+08:00,21711.40723491969,21711,16,15,15:36:35.981,63.60999472222221,63
2072,2094-03-16T15:47:22.297,2094-04-01T00:14:24.311,2094-03-16T23:46:13.113+08:00,2094-04-01T08:13:15.127+08:00,provisional_UTC+08:00,provisional_UTC+08:00,22107.033561998614,22107,17,8,08:13:15.127,80.22086861111114,80
2073,2094-04-15T01:40:26.360,2094-04-30T13:57:16.575,2094-04-15T09:39:17.176+08:00,2094-04-30T21:56:07.391+08:00,provisional_UTC+08:00,provisional_UTC+08:00,22336.836909322876,22336,16,21,21:56:07.391,69.9353863888889,69
2074,2094-05-14T12:12:33.019,2094-05-30T01:01:05.711,2094-05-14T20:11:23.835+08:00,2094-05-30T08:59:56.527+08:00,provisional_UTC+08:00,provisional_UTC+08:00,22368.544862981624,22368,17,8,08:59:56.527,80.99903527777775,80
2075,2094-06-13T00:06:21.220,2094-06-28T10:01:38.632,2094-06-13T08:05:12.036+08:00,2094-06-28T18:00:29.448+08:00,provisional_UTC+08:00,provisional_UTC+08:00,22195.290202041324,22195,16,18,18:00:29.448,66.00818000000004,66
2076,2094-07-12T13:39:38.688,2094-07-27T17:42:39.493,2094-07-12T21:38:29.504+08:00,2094-07-28T01:41:30.309+08:00,provisional_UTC+08:00,provisional_UTC+08:00,21843.013406509337,21843,17,1,01:41:30.309,73.69175249999995,73
2077,2094-08-11T04:39:41.896,2094-08-26T00:54:41.845,2094-08-11T12:38:32.712+08:00,2094-08-26T08:53:32.661+08:00,provisional_UTC+08:00,provisional_UTC+08:00,21374.999136210008,21374,16,8,08:53:32.661,56.89240583333333,56
2078,2094-09-09T20:34:14.812,2094-09-24T08:36:26.590,2094-09-10T04:33:05.628+08:00,2094-09-24T16:35:17.406+08:00,provisional_UTC+08:00,provisional_UTC+08:00,20882.19629072568,20882,15,16,16:35:17.406,40.58816833333333,40
2079,2094-10-09T12:47:14.972,2094-10-23T17:50:36.979,2094-10-09T20:46:05.788+08:00,2094-10-24T01:49:27.795+08:00,provisional_UTC+08:00,provisional_UTC+08:00,20463.366794147332,20463,16,1,01:49:27.795,49.8243875,49
2080,2094-11-08T04:45:09.437,2094-11-22T05:30:31.593,2094-11-08T12:44:00.253+08:00,2094-11-22T13:29:22.409+08:00,provisional_UTC+08:00,provisional_UTC+08:00,20205.36926597122,20205,15,13,13:29:22.409,37.48955805555556,37
2081,2094-12-07T19:53:21.113,2094-12-21T19:58:48.748,2094-12-08T03:52:11.929+08:00,2094-12-22T03:57:39.564+08:00,provisional_UTC+08:00,provisional_UTC+08:00,20165.460595515033,20165,15,3,03:57:39.564,27.96098999999998,27
2082,2095-01-06T09:36:32.252,2095-01-20T12:50:58.837,2095-01-06T17:35:23.068+08:00,2095-01-20T20:49:49.653+08:00,provisional_UTC+08:00,provisional_UTC+08:00,20354.443080969042,20354,15,20,20:49:49.653,44.83045916666663,44
2083,2095-02-04T21:31:36.354,2095-02-19T07:01:55.498,2095-02-05T05:30:27.170+08:00,2095-02-19T15:00:46.314+08:00,provisional_UTC+08:00,provisional_UTC+08:00,20730.319071970996,20730,15,15,15:00:46.314,39.01286499999998,39
2084,2095-03-06T07:42:01.265,2095-03-21T01:13:20.069,2095-03-06T15:40:52.081+08:00,2095-03-21T09:12:10.885+08:00,provisional_UTC+08:00,provisional_UTC+08:00,21211.313388488743,21211,16,9,09:12:10.885,57.20302361111112,57
2085,2095-04-04T16:38:47.569,2095-04-19T18:17:11.510,2095-04-05T00:37:38.385+08:00,2095-04-20T02:16:02.326+08:00,provisional_UTC+08:00,provisional_UTC+08:00,21698.39900783712,21698,16,2,02:16:02.326,50.26731277777776,50
2086,2095-05-04T01:08:49.116,2095-05-19T09:24:17.137,2095-05-04T09:07:39.932+08:00,2095-05-19T17:23:07.953+08:00,provisional_UTC+08:00,provisional_UTC+08:00,22095.467019262287,22095,16,17,17:23:07.953,65.38554249999999,65
2087,2095-06-02T10:00:57.599,2095-06-17T22:08:37.331,2095-06-02T17:59:48.415+08:00,2095-06-18T06:07:28.147+08:00,provisional_UTC+08:00,provisional_UTC+08:00,22327.66220808481,22327,17,6,06:07:28.147,78.12448527777781,78
2088,2095-07-01T19:57:24.119,2095-07-17T08:33:59.892,2095-07-02T03:56:14.935+08:00,2095-07-17T16:32:50.708+08:00,provisional_UTC+08:00,provisional_UTC+08:00,22356.596219313768,22356,16,16,16:32:50.708,64.5474188888889,64
2089,2095-07-31T07:31:40.489,2095-08-15T17:16:04.414,2095-07-31T15:30:31.305+08:00,2095-08-16T01:14:55.230+08:00,provisional_UTC+08:00,provisional_UTC+08:00,22184.39874091966,22184,17,1,01:14:55.230,73.24867499999999,73
2090,2095-08-29T21:08:29.234,2095-09-14T01:13:58.389,2095-08-30T05:07:20.050+08:00,2095-09-14T09:12:49.205+08:00,provisional_UTC+08:00,provisional_UTC+08:00,21845.485917197722,21845,16,9,09:12:49.205,57.21366805555556,57
2091,2095-09-28T12:57:05.675,2095-10-13T09:33:28.334,2095-09-28T20:55:56.491+08:00,2095-10-13T17:32:19.150+08:00,provisional_UTC+08:00,provisional_UTC+08:00,21396.377656118966,21396,16,17,17:32:19.150,65.53865277777777,65
2092,2095-10-28T06:35:22.328,2095-11-11T19:07:51.863,2095-10-28T14:34:13.144+08:00,2095-11-12T03:06:42.679+08:00,provisional_UTC+08:00,provisional_UTC+08:00,20912.492245446447,20912,16,3,03:06:42.679,51.111855277777806,51
2093,2095-11-27T00:57:09.809,2095-12-11T06:24:07.026,2095-11-27T08:56:00.625+08:00,2095-12-11T14:22:57.842+08:00,provisional_UTC+08:00,provisional_UTC+08:00,20486.953611804893,20486,15,14,14:22:57.842,38.38273388888888,38
2094,2095-12-26T18:27:28.862,2096-01-09T19:22:58.119,2095-12-27T02:26:19.678+08:00,2096-01-10T03:21:48.935+08:00,provisional_UTC+08:00,provisional_UTC+08:00,20215.487606064344,20215,15,3,03:21:48.935,27.363593055555555,27
2095,2096-01-25T09:47:49.567,2096-02-08T09:52:46.895,2096-01-25T17:46:40.383+08:00,2096-02-08T17:51:37.711+08:00,provisional_UTC+08:00,provisional_UTC+08:00,20164.955474067858,20164,15,17,17:51:37.711,41.860475277777766,41
2096,2096-02-23T22:31:22.211,2096-03-09T01:39:57.281,2096-02-24T06:30:13.027+08:00,2096-03-09T09:38:48.097+08:00,provisional_UTC+08:00,provisional_UTC+08:00,20348.584491680118,20348,15,9,09:38:48.097,33.64669361111112,33
2097,2096-03-24T08:57:45.959,2096-04-07T18:21:09.417,2096-03-24T16:56:36.775+08:00,2096-04-08T02:20:00.233+08:00,provisional_UTC+08:00,provisional_UTC+08:00,20723.390975676397,20723,16,2,02:20:00.233,50.33339805555556,50
2098,2096-04-22T17:46:26.909,2096-05-07T11:09:39.603,2096-04-23T01:45:17.725+08:00,2096-05-07T19:08:30.419+08:00,provisional_UTC+08:00,provisional_UTC+08:00,21203.21156614296,21203,15,19,19:08:30.419,43.14178305555555,43
2099,2096-05-22T01:38:27.236,2096-06-06T03:01:32.044,2096-05-22T09:37:18.052+08:00,2096-06-06T11:00:22.860+08:00,provisional_UTC+08:00,provisional_UTC+08:00,21683.080141973325,21683,16,11,11:00:22.860,59.006350000000054,59
2100,2096-06-20T09:14:52.414,2096-07-05T17:05:09.594,2096-06-20T17:13:43.230+08:00,2096-07-06T01:04:00.410+08:00,provisional_UTC+08:00,provisional_UTC+08:00,22070.28633419035,22070,17,1,01:04:00.410,73.06678055555551,73
2101,2096-07-19T17:23:39.950,2096-08-04T05:08:07.035,2096-07-20T01:22:30.766+08:00,2096-08-04T13:06:57.851+08:00,provisional_UTC+08:00,provisional_UTC+08:00,22304.451409157864,22304,16,13,13:06:57.851,61.11606972222222,61
2102,2096-08-18T03:03:09.081,2096-09-02T15:39:03.041,2096-08-18T11:01:59.897+08:00,2096-09-02T23:37:53.857+08:00,provisional_UTC+08:00,provisional_UTC+08:00,22355.899327140352,22355,16,23,23:37:53.857,71.63162694444446,71
2103,2096-09-16T15:13:21.402,2096-10-02T01:27:40.981,2096-09-16T23:12:12.218+08:00,2096-10-02T09:26:31.797+08:00,provisional_UTC+08:00,provisional_UTC+08:00,22214.326317007763,22214,17,9,09:26:31.797,81.44216583333332,81
2104,2096-10-16T06:31:24.013,2096-10-31T11:19:04.048,2096-10-16T14:30:14.829+08:00,2096-10-31T19:17:54.864+08:00,provisional_UTC+08:00,provisional_UTC+08:00,21887.667239356342,21887,16,19,19:17:54.864,67.29857333333337,67
2105,2096-11-15T00:38:40.804,2096-11-29T21:36:58.172,2096-11-15T08:37:31.620+08:00,2096-11-30T05:35:48.988+08:00,provisional_UTC+08:00,provisional_UTC+08:00,21418.289467668255,21418,16,5,05:35:48.988,53.59694111111111,53
2106,2096-12-14T20:08:37.943,2096-12-29T08:26:09.461,2096-12-15T04:07:28.759+08:00,2096-12-29T16:25:00.277+08:00,provisional_UTC+08:00,provisional_UTC+08:00,20897.52530426147,20897,15,16,16:25:00.277,40.41674361111109,40
2107,2097-01-13T15:03:06.476,2097-01-27T19:50:13.506,2097-01-13T23:01:57.292+08:00,2097-01-28T03:49:04.322+08:00,provisional_UTC+08:00,provisional_UTC+08:00,20447.1171594808,20447,16,3,03:49:04.322,51.81786722222222,51
2108,2097-02-12T07:52:06.290,2097-02-26T08:05:09.167,2097-02-12T15:50:57.106+08:00,2097-02-26T16:03:59.983+08:00,provisional_UTC+08:00,provisional_UTC+08:00,20173.047959701766,20173,15,16,16:03:59.983,40.066661944444434,40
2109,2097-03-13T21:59:43.657,2097-03-27T21:31:31.469,2097-03-14T05:58:34.473+08:00,2097-03-28T05:30:22.285+08:00,provisional_UTC+08:00,provisional_UTC+08:00,20131.79687281947,20131,15,5,05:30:22.285,29.506190277777762,29
2110,2097-04-12T09:29:18.059,2097-04-26T12:12:01.855,2097-04-12T17:28:08.875+08:00,2097-04-26T20:10:52.671+08:00,provisional_UTC+08:00,provisional_UTC+08:00,20322.729941433834,20322,15,20,20:10:52.671,44.18129750000003,44
2111,2097-05-11T18:43:07.109,2097-05-26T03:38:54.642,2097-05-12T02:41:57.925+08:00,2097-05-26T11:37:45.458+08:00,provisional_UTC+08:00,provisional_UTC+08:00,20695.79222094889,20695,15,11,11:37:45.458,35.629293888888924,35
2112,2097-06-10T02:16:39.832,2097-06-24T19:06:38.373,2097-06-10T10:15:30.648+08:00,2097-06-25T03:05:29.189+08:00,provisional_UTC+08:00,provisional_UTC+08:00,21169.975688931874,21169,16,3,03:05:29.189,51.09144138888888,51
2113,2097-07-09T09:01:04.879,2097-07-24T09:57:27.660,2097-07-09T16:59:55.695+08:00,2097-07-24T17:56:18.476+08:00,provisional_UTC+08:00,provisional_UTC+08:00,21656.379685632193,21656,16,17,17:56:18.476,65.93846555555558,65
2114,2097-08-07T16:02:58.381,2097-08-22T23:55:45.482,2097-08-08T00:01:49.197+08:00,2097-08-23T07:54:36.298+08:00,provisional_UTC+08:00,provisional_UTC+08:00,22072.785009013223,22072,16,7,07:54:36.298,55.910082777777745,55
2115,2097-09-06T00:36:44.187,2097-09-21T13:03:17.534,2097-09-06T08:35:35.003+08:00,2097-09-21T21:02:08.350+08:00,provisional_UTC+08:00,provisional_UTC+08:00,22346.5557754696,22346,16,21,21:02:08.350,69.03565277777778,69
2116,2097-10-05T11:48:15.167,2097-10-21T01:25:57.699,2097-10-05T19:47:05.983+08:00,2097-10-21T09:24:48.515+08:00,provisional_UTC+08:00,provisional_UTC+08:00,22417.708861184637,22417,17,9,09:24:48.515,81.41347638888885,81
2117,2097-11-04T02:11:36.276,2097-11-19T13:06:16.228,2097-11-04T10:10:27.092+08:00,2097-11-19T21:05:07.044+08:00,provisional_UTC+08:00,provisional_UTC+08:00,22254.665863378268,22254,16,21,21:05:07.044,69.08528999999999,69
2118,2097-12-03T19:29:33.543,2097-12-19T00:06:56.609,2097-12-04T03:28:24.359+08:00,2097-12-19T08:05:47.425+08:00,provisional_UTC+08:00,provisional_UTC+08:00,21877.384425142645,21877,16,8,08:05:47.425,56.09650694444446,56
2119,2098-01-02T14:35:17.627,2098-01-17T10:38:54.307,2098-01-02T22:34:08.443+08:00,2098-01-17T18:37:45.123+08:00,provisional_UTC+08:00,provisional_UTC+08:00,21363.611326210666,21363,16,18,18:37:45.123,66.6292008333333,66
2120,2098-02-01T09:57:06.007,2098-02-15T21:03:26.074,2098-02-01T17:55:56.823+08:00,2098-02-16T05:02:16.890+08:00,provisional_UTC+08:00,provisional_UTC+08:00,20826.33445554828,20826,16,5,05:02:16.890,53.03802499999995,53
2121,2098-03-03T04:05:24.713,2098-03-17T07:45:59.812,2098-03-03T12:04:15.529+08:00,2098-03-17T15:44:50.628+08:00,provisional_UTC+08:00,provisional_UTC+08:00,20380.58497785961,20380,15,15,15:44:50.628,39.747396666666646,39
2122,2098-04-01T19:50:13.215,2098-04-15T19:07:16.468,2098-04-02T03:49:04.031+08:00,2098-04-16T03:06:07.284+08:00,provisional_UTC+08:00,provisional_UTC+08:00,20117.05422612971,20117,15,3,03:06:07.284,27.102023333333307,27
2123,2098-05-01T08:34:57.348,2098-05-15T07:19:09.439,2098-05-01T16:33:48.164+08:00,2098-05-15T15:18:00.255+08:00,provisional_UTC+08:00,provisional_UTC+08:00,20084.201527573547,20084,15,15,15:18:00.255,39.30007083333328,39
2124,2098-05-30T18:26:00.482,2098-06-13T20:28:00.136,2098-05-31T02:24:51.298+08:00,2098-06-14T04:26:50.952+08:00,provisional_UTC+08:00,provisional_UTC+08:00,20281.99423037583,20281,15,4,04:26:50.952,28.44748666666669,28
2125,2098-06-29T02:09:08.775,2098-07-13T10:38:07.834,2098-06-29T10:07:59.591+08:00,2098-07-13T18:36:58.650+08:00,provisional_UTC+08:00,provisional_UTC+08:00,20668.984312392495,20668,15,18,18:36:58.650,42.616291666666655,42
2126,2098-07-28T08:54:00.901,2098-08-12T01:47:22.364,2098-07-28T16:52:51.717+08:00,2098-08-12T09:46:13.180+08:00,provisional_UTC+08:00,provisional_UTC+08:00,21173.357723402314,21173,16,9,09:46:13.180,57.770327777777766,57
2127,2098-08-26T15:55:49.264,2098-09-10T17:36:14.240,2098-08-26T23:54:40.080+08:00,2098-09-11T01:35:05.056+08:00,provisional_UTC+08:00,provisional_UTC+08:00,21700.41627112573,21700,17,1,01:35:05.056,73.58473777777783,73
2128,2098-09-25T00:20:02.025,2098-10-10T09:23:09.092,2098-09-25T08:18:52.841+08:00,2098-10-10T17:21:59.908+08:00,provisional_UTC+08:00,provisional_UTC+08:00,22143.117776559375,22143,16,17,17:21:59.908,65.36664111111111,65
2129,2098-10-24T10:52:05.472,2098-11-09T00:18:08.425,2098-10-24T18:50:56.288+08:00,2098-11-09T08:16:59.241+08:00,provisional_UTC+08:00,provisional_UTC+08:00,22406.04922876353,22406,17,8,08:16:59.241,80.28312249999999,80
2130,2098-11-22T23:54:05.982,2098-12-08T13:48:43.639,2098-11-23T07:52:56.798+08:00,2098-12-08T21:47:34.455+08:00,provisional_UTC+08:00,provisional_UTC+08:00,22434.627623311135,22434,16,21,21:47:34.455,69.79290416666669,69
2131,2098-12-22T15:27:17.947,2099-01-07T01:53:38.286,2098-12-22T23:26:08.763+08:00,2099-01-07T09:52:29.102+08:00,provisional_UTC+08:00,provisional_UTC+08:00,22226.33899590856,22226,17,9,09:52:29.102,81.87475055555552,81
2132,2099-01-21T09:10:35.302,2099-02-05T12:51:49.460,2099-01-21T17:09:26.118+08:00,2099-02-05T20:50:40.276+08:00,provisional_UTC+08:00,provisional_UTC+08:00,21821.23596891695,21821,16,20,20:50:40.276,68.84452111111113,68
2133,2099-02-20T04:08:55.126,2099-03-06T23:02:51.299,2099-02-20T12:07:45.942+08:00,2099-03-07T07:01:42.115+08:00,provisional_UTC+08:00,provisional_UTC+08:00,21293.93621391157,21293,16,7,07:01:42.115,55.028365277777766,55
2134,2099-03-21T22:49:43.745,2099-04-05T08:40:22.276,2099-03-22T06:48:34.561+08:00,2099-04-05T16:39:13.092+08:00,provisional_UTC+08:00,provisional_UTC+08:00,20750.642191311952,20750,15,16,16:39:13.092,40.65363666666667,40
2135,2099-04-20T15:33:00.800,2099-05-04T18:01:45.970,2099-04-20T23:31:51.616+08:00,2099-05-05T02:00:36.786+08:00,provisional_UTC+08:00,provisional_UTC+08:00,20308.75284109362,20308,16,2,02:00:36.786,50.01021833333334,50
2136,2099-05-20T05:19:41.393,2099-06-03T03:40:08.808,2099-05-20T13:18:32.209+08:00,2099-06-03T11:38:59.624+08:00,provisional_UTC+08:00,provisional_UTC+08:00,20060.45691415031,20060,15,11,11:38:59.624,35.64989555555559,35
2137,2099-06-18T16:13:22.344,2099-07-02T14:24:16.333,2099-06-19T00:12:13.160+08:00,2099-07-02T22:23:07.149+08:00,provisional_UTC+08:00,provisional_UTC+08:00,20050.899813205753,20050,14,22,22:23:07.149,22.385319166666648,22
2138,2099-07-18T01:04:00.585,2099-08-01T03:02:51.071,2099-07-18T09:02:51.401+08:00,2099-08-01T11:01:41.887+08:00,provisional_UTC+08:00,provisional_UTC+08:00,20278.841441525692,20278,15,11,11:01:41.887,35.02830194444448,35
2139,2099-08-16T08:57:44.687,2099-08-30T17:58:59.468,2099-08-16T16:56:35.503+08:00,2099-08-31T01:57:50.284+08:00,provisional_UTC+08:00,provisional_UTC+08:00,20701.246354550512,20701,16,1,01:57:50.284,49.96396777777778,49
2140,2099-09-14T16:53:52.754,2099-09-29T10:48:40.105,2099-09-15T00:52:43.570+08:00,2099-09-29T18:47:30.921+08:00,provisional_UTC+08:00,provisional_UTC+08:00,21234.78917930399,21234,15,18,18:47:30.921,42.7919225,42
2141,2099-10-14T01:35:26.664,2099-10-29T04:23:39.481,2099-10-14T09:34:17.480+08:00,2099-10-29T12:22:30.297+08:00,provisional_UTC+08:00,provisional_UTC+08:00,21768.213614551078,21768,16,12,12:22:30.297,60.37508250000002,60
2142,2099-11-12T11:32:39.491,2099-11-27T21:25:25.148,2099-11-12T19:31:30.307+08:00,2099-11-28T05:24:15.964+08:00,provisional_UTC+08:00,provisional_UTC+08:00,22192.760945485716,22192,17,5,05:24:15.964,77.4044344444444,77
2143,2099-12-11T23:12:16.322,2099-12-27T13:01:41.252,2099-12-12T07:11:07.138+08:00,2099-12-27T21:00:32.068+08:00,provisional_UTC+08:00,provisional_UTC+08:00,22429.41550795127,22429,16,21,21:00:32.068,69.00890777777778,69
2144,2100-01-10T12:58:55.461,2100-01-26T02:52:51.486,2100-01-10T20:57:46.277+08:00,2100-01-26T10:51:42.302+08:00,provisional_UTC+08:00,provisional_UTC+08:00,22433.933740226534,22433,17,10,10:51:42.302,82.86175055555555,82
2145,2100-02-09T04:58:05.693,2100-02-24T14:54:42.676,2100-02-09T12:56:56.509+08:00,2100-02-24T22:53:33.492+08:00,provisional_UTC+08:00,provisional_UTC+08:00,22196.616399264843,22196,16,22,22:53:33.492,70.8926366666667,70
2146,2100-03-10T22:31:50.862,2100-03-26T01:08:05.083,2100-03-11T06:30:41.678+08:00,2100-03-26T09:06:55.899+08:00,provisional_UTC+08:00,provisional_UTC+08:00,21756.23701410044,21756,16,9,09:06:55.899,57.115527499999985,57
2147,2100-04-09T16:19:41.417,2100-04-24T09:46:45.543,2100-04-10T00:18:32.233+08:00,2100-04-24T17:45:36.359+08:00,provisional_UTC+08:00,provisional_UTC+08:00,21207.068759218124,21207,15,17,17:45:36.359,41.76009972222221,41
2148,2100-05-09T08:56:49.102,2100-05-23T17:28:33.106,2100-05-09T16:55:39.918+08:00,2100-05-24T01:27:23.922+08:00,provisional_UTC+08:00,provisional_UTC+08:00,20671.733403162725,20671,16,1,01:27:23.922,49.45664499999998,49
2149,2100-06-07T23:34:44.806,2100-06-22T01:14:33.334,2100-06-08T07:33:35.622+08:00,2100-06-22T09:13:24.150+08:00,provisional_UTC+08:00,provisional_UTC+08:00,20259.808794480916,20259,15,9,09:13:24.150,33.223374999999976,33
2150,2100-07-07T12:09:35.588,2100-07-21T10:15:47.768,2100-07-07T20:08:26.404+08:00,2100-07-21T18:14:38.584+08:00,provisional_UTC+08:00,provisional_UTC+08:00,20046.20300964736,20046,15,18,18:14:38.584,42.244051111111105,42
2151,2100-08-05T23:04:54.579,2100-08-19T21:32:55.367,2100-08-06T07:03:45.395+08:00,2100-08-20T05:31:46.183+08:00,provisional_UTC+08:00,provisional_UTC+08:00,20068.0131203959,20068,15,5,05:31:46.183,29.529495277777755,29
2152,2100-09-04T08:52:52.876,2100-09-18T11:35:19.716,2100-09-04T16:51:43.692+08:00,2100-09-18T19:34:10.532+08:00,provisional_UTC+08:00,provisional_UTC+08:00,20322.44733250379,20322,15,19,19:34:10.532,43.569592222222184,43
2153,2100-10-03T18:05:57.871,2100-10-18T04:09:07.744,2100-10-04T02:04:48.687+08:00,2100-10-18T12:07:58.560+08:00,provisional_UTC+08:00,provisional_UTC+08:00,20763.164557250457,20763,15,12,12:07:58.560,36.13293333333337,36
2154,2100-11-02T03:17:34.585,2100-11-16T22:22:27.480,2100-11-02T11:16:25.401+08:00,2100-11-17T06:21:18.296+08:00,provisional_UTC+08:00,provisional_UTC+08:00,21304.881593210557,21304,16,6,06:21:18.296,54.35508222222222,54
2155,2100-12-01T13:03:53.048,2100-12-16T17:03:06.947,2100-12-01T21:02:43.864+08:00,2100-12-17T01:01:57.763+08:00,provisional_UTC+08:00,provisional_UTC+08:00,21839.23164339545,21839,17,1,01:01:57.763,73.03271194444443,73
2156,2100-12-30T23:59:45.572,2101-01-15T10:54:12.107,2100-12-31T07:58:36.388+08:00,2101-01-15T18:53:02.923+08:00,provisional_UTC+08:00,provisional_UTC+08:00,22254.442242522,22254,16,18,18:53:02.923,66.88414527777775,66
2157,2101-01-29T12:27:52.805,2101-02-14T02:46:01.259,2101-01-29T20:26:43.621+08:00,2101-02-14T10:44:52.075+08:00,provisional_UTC+08:00,provisional_UTC+08:00,22458.140899690745,22458,17,10,10:44:52.075,82.74779861111108,82
2158,2101-02-28T02:27:28.306,2101-03-15T15:53:16.420,2101-02-28T10:26:19.122+08:00,2101-03-15T23:52:07.236+08:00,provisional_UTC+08:00,provisional_UTC+08:00,22405.80189659854,22405,16,23,23:52:07.236,71.86867666666666,71
2159,2101-03-29T17:34:00.501,2101-04-14T02:11:44.146,2101-03-30T01:32:51.317+08:00,2101-04-14T10:10:34.962+08:00,provisional_UTC+08:00,provisional_UTC+08:00,22117.72740494473,22117,16,10,10:10:34.962,58.17637833333333,58
2160,2101-04-28T09:12:47.146,2101-05-13T10:18:37.052,2101-04-28T17:11:37.962+08:00,2101-05-13T18:17:27.868+08:00,provisional_UTC+08:00,provisional_UTC+08:00,21665.831756571275,21665,16,18,18:17:27.868,66.29107444444446,66
2161,2101-05-28T00:52:44.133,2101-06-11T17:16:56.096,2101-05-28T08:51:34.949+08:00,2101-06-12T01:15:46.912+08:00,provisional_UTC+08:00,provisional_UTC+08:00,21144.199385666354,21144,16,1,01:15:46.912,49.263031111111104,49
2162,2101-06-26T16:08:16.855,2101-07-11T00:16:54.474,2101-06-27T00:07:07.671+08:00,2101-07-11T08:15:45.290+08:00,provisional_UTC+08:00,provisional_UTC+08:00,20648.626994009835,20648,15,8,08:15:45.290,32.26258055555559,32
2163,2101-07-26T06:34:38.645,2101-08-09T08:22:32.444,2101-07-26T14:33:29.461+08:00,2101-08-09T16:21:23.260+08:00,provisional_UTC+08:00,provisional_UTC+08:00,20267.89665977641,20267,15,16,16:21:23.260,40.356461111111116,40
2164,2101-08-24T19:49:27.369,2101-09-07T18:24:34.083,2101-08-25T03:48:18.185+08:00,2101-09-08T02:23:24.899+08:00,provisional_UTC+08:00,provisional_UTC+08:00,20075.111902453827,20075,15,2,02:23:24.899,26.390249722222222,26
2165,2101-09-23T07:43:54.688,2101-10-07T06:58:11.500,2101-09-23T15:42:45.504+08:00,2101-10-07T14:57:02.316+08:00,provisional_UTC+08:00,provisional_UTC+08:00,20114.28020900621,20114,15,14,14:57:02.316,38.950643333333346,38
2166,2101-10-22T18:32:56.369,2101-11-05T22:20:34.864,2101-10-23T02:31:47.185+08:00,2101-11-06T06:19:25.680+08:00,provisional_UTC+08:00,provisional_UTC+08:00,20387.64158999158,20387,15,6,06:19:25.680,30.323800000000006,30
2167,2101-11-21T04:51:39.358,2101-12-05T16:19:56.401,2101-11-21T12:50:30.174+08:00,2101-12-06T00:18:47.217+08:00,provisional_UTC+08:00,provisional_UTC+08:00,20848.28406210747,20848,16,0,00:18:47.217,48.31311583333331,48
2168,2101-12-20T15:17:26.055,2102-01-04T11:56:51.678,2101-12-20T23:16:16.871+08:00,2102-01-04T19:55:42.494+08:00,provisional_UTC+08:00,provisional_UTC+08:00,21399.427058224737,21399,16,19,19:55:42.494,67.92847055555552,67
2169,2102-01-19T02:10:45.087,2102-02-03T07:22:31.221,2102-01-19T10:09:35.903+08:00,2102-02-03T15:21:22.037+08:00,provisional_UTC+08:00,provisional_UTC+08:00,21911.768899311763,21911,16,15,15:21:22.037,63.35612138888888,63
2170,2102-02-17T13:31:27.997,2102-03-05T00:40:03.036,2102-02-17T21:30:18.813+08:00,2102-03-05T08:38:53.852+08:00,provisional_UTC+08:00,provisional_UTC+08:00,22268.583977040733,22268,17,8,08:38:53.852,80.64829222222221,80
2171,2102-03-19T01:14:27.368,2102-04-03T14:43:26.667,2102-03-19T09:13:18.184+08:00,2102-04-03T22:42:17.483+08:00,provisional_UTC+08:00,provisional_UTC+08:00,22408.988308282,22408,16,22,22:42:17.483,70.70485638888891,70
2172,2102-04-17T13:27:55.368,2102-05-03T01:37:22.280,2102-04-17T21:26:46.184+08:00,2102-05-03T09:36:13.096+08:00,provisional_UTC+08:00,provisional_UTC+08:00,22329.44851846874,22329,17,9,09:36:13.096,81.60363777777775,81
2173,2102-05-17T02:33:48.596,2102-06-01T10:12:23.825,2102-05-17T10:32:39.412+08:00,2102-06-01T18:11:14.641+08:00,provisional_UTC+08:00,provisional_UTC+08:00,22058.58714612238,22058,16,18,18:11:14.641,66.18740027777778,66
2174,2102-06-15T16:49:04.096,2102-06-30T17:31:54.237,2102-06-16T00:47:54.912+08:00,2102-07-01T01:30:45.053+08:00,provisional_UTC+08:00,provisional_UTC+08:00,21642.83568067618,21642,16,1,01:30:45.053,49.51251472222225,49
2175,2102-07-15T08:04:30.648,2102-07-30T00:33:48.805,2102-07-15T16:03:21.464+08:00,2102-07-30T08:32:39.621+08:00,provisional_UTC+08:00,provisional_UTC+08:00,21149.30262963033,21149,16,8,08:32:39.621,56.5443391666667,56
2176,2102-08-13T23:40:41.157,2102-08-28T08:08:20.577,2102-08-14T07:39:31.973+08:00,2102-08-28T16:07:11.393+08:00,provisional_UTC+08:00,provisional_UTC+08:00,20667.65701610472,20667,15,16,16:07:11.393,40.11983138888888,40
2177,2102-09-12T14:47:51.470,2102-09-26T17:04:12.184,2102-09-12T22:46:42.286+08:00,2102-09-27T01:03:03.000+08:00,provisional_UTC+08:00,provisional_UTC+08:00,20296.345236682326,20296,16,1,01:03:03.000,49.050833333333344,49
2178,2102-10-12T04:54:41.814,2102-10-26T04:12:37.833,2102-10-12T12:53:32.630+08:00,2102-10-26T12:11:28.649+08:00,provisional_UTC+08:00,provisional_UTC+08:00,20117.933637681963,20117,15,12,12:11:28.649,36.191291388888885,36
2179,2102-11-10T18:00:01.763,2102-11-24T18:17:45.877,2102-11-11T01:58:52.579+08:00,2102-11-25T02:16:36.693+08:00,provisional_UTC+08:00,provisional_UTC+08:00,20177.735223808177,20177,15,2,02:16:36.693,26.276859166666668,26
2180,2102-12-10T06:19:01.511,2102-12-24T11:28:09.033,2102-12-10T14:17:52.327+08:00,2102-12-24T19:26:59.849+08:00,provisional_UTC+08:00,provisional_UTC+08:00,20469.125368578807,20469,15,19,19:26:59.849,43.449958055555555,43
2181,2103-01-08T18:00:05.150,2103-01-23T06:46:18.168,2103-01-09T01:58:55.966+08:00,2103-01-23T14:45:08.984+08:00,provisional_UTC+08:00,provisional_UTC+08:00,20926.216966462132,20926,15,14,14:45:08.984,38.75249555555553,38
2182,2103-02-07T04:57:09.463,2103-02-22T02:16:55.703,2103-02-07T12:56:00.279+08:00,2103-02-22T10:15:46.519+08:00,provisional_UTC+08:00,provisional_UTC+08:00,21439.770670066693,21439,16,10,10:15:46.519,58.262921944444486,58
2183,2103-03-08T15:05:44.488,2103-03-23T20:05:02.224,2103-03-08T23:04:35.304+08:00,2103-03-24T04:03:53.040+08:00,provisional_UTC+08:00,provisional_UTC+08:00,21899.295607130953,21899,17,4,04:03:53.040,76.06473333333332,76
2184,2103-04-07T00:43:43.450,2103-04-22T11:09:08.632,2103-04-07T08:42:34.266+08:00,2103-04-22T19:07:59.448+08:00,provisional_UTC+08:00,provisional_UTC+08:00,22225.419696527868,22225,16,19,19:07:59.448,67.13318000000004,67
2185,2103-05-06T10:34:07.226,2103-05-21T23:25:22.605,2103-05-06T18:32:58.042+08:00,2103-05-22T07:24:13.421+08:00,provisional_UTC+08:00,provisional_UTC+08:00,22371.256329470692,22371,17,7,07:24:13.421,79.40372805555558,79
2186,2103-06-04T21:27:50.866,2103-06-20T09:22:21.968,2103-06-05T05:26:41.682+08:00,2103-06-20T17:21:12.784+08:00,provisional_UTC+08:00,provisional_UTC+08:00,22314.51835859316,22314,16,17,17:21:12.784,65.35355111111113,65
2187,2103-07-04T10:00:18.962,2103-07-19T17:40:44.256,2103-07-04T17:59:09.778+08:00,2103-07-20T01:39:35.072+08:00,provisional_UTC+08:00,provisional_UTC+08:00,22060.421569916405,22060,17,1,01:39:35.072,73.65974222222218,73
2188,2103-08-03T00:16:37.856,2103-08-18T01:06:55.913,2103-08-03T08:15:28.672+08:00,2103-08-18T09:05:46.729+08:00,provisional_UTC+08:00,provisional_UTC+08:00,21650.30095268342,21650,16,9,09:05:46.729,57.0963136111111,57
2189,2103-09-01T15:53:38.159,2103-09-16T08:34:29.006,2103-09-01T23:52:28.975+08:00,2103-09-16T16:33:19.822+08:00,provisional_UTC+08:00,provisional_UTC+08:00,21160.847447171855,21160,16,16,16:33:19.822,64.55550611111107,64
2190,2103-10-01T08:14:25.142,2103-10-15T17:03:26.650,2103-10-01T16:13:15.958+08:00,2103-10-16T01:02:17.466+08:00,provisional_UTC+08:00,provisional_UTC+08:00,20689.025132249026,20689,16,1,01:02:17.466,49.038185,49
2191,2103-10-31T00:40:51.104,2103-11-14T03:31:58.115,2103-10-31T08:39:41.920+08:00,2103-11-14T11:30:48.931+08:00,provisional_UTC+08:00,provisional_UTC+08:00,20331.11685894235,20331,15,11,11:30:48.931,35.5135919444445,35
2192,2103-11-29T16:34:52.200,2103-12-13T16:38:28.126,2103-11-30T00:33:43.016+08:00,2103-12-14T00:37:18.942+08:00,provisional_UTC+08:00,provisional_UTC+08:00,20163.598769805503,20163,15,0,00:37:18.942,24.621928333333358,24
2193,2103-12-29T07:16:16.315,2104-01-12T08:21:13.528,2103-12-29T15:15:07.131+08:00,2104-01-12T16:20:04.344+08:00,provisional_UTC+08:00,provisional_UTC+08:00,20224.953538019065,20224,15,16,16:20:04.344,40.334540000000004,40
2194,2104-01-27T20:11:01.915,2104-02-11T01:53:03.088,2104-01-28T04:09:52.731+08:00,2104-02-11T09:51:53.904+08:00,provisional_UTC+08:00,provisional_UTC+08:00,20502.019543476636,20502,15,9,09:51:53.904,33.86497333333335,33
2195,2104-02-26T07:08:03.451,2104-03-11T20:01:02.306,2104-02-26T15:06:54.267+08:00,2104-03-12T03:59:53.122+08:00,provisional_UTC+08:00,provisional_UTC+08:00,20932.980928697485,20932,16,3,03:59:53.122,51.99808944444442,51
2196,2104-03-26T16:27:19.018,2104-04-10T13:33:59.534,2104-03-27T00:26:09.834+08:00,2104-04-10T21:32:50.350+08:00,provisional_UTC+08:00,provisional_UTC+08:00,21426.675264771602,21426,15,21,21:32:50.350,45.5473194444445,45
2197,2104-04-25T00:52:11.546,2104-05-10T05:36:16.602,2104-04-25T08:51:02.362+08:00,2104-05-10T13:35:07.418+08:00,provisional_UTC+08:00,provisional_UTC+08:00,21884.084257505645,21884,16,13,13:35:07.418,61.585393888888916,61
2198,2104-05-24T09:14:39.596,2104-06-08T19:31:28.563,2104-05-24T17:13:30.412+08:00,2104-06-09T03:30:19.379+08:00,provisional_UTC+08:00,provisional_UTC+08:00,22216.81610328079,22216,17,3,03:30:19.379,75.50538305555557,75
2199,2104-06-22T18:23:15.576,2104-07-08T07:07:46.927,2104-06-23T02:22:06.392+08:00,2104-07-08T15:06:37.743+08:00,provisional_UTC+08:00,provisional_UTC+08:00,22364.522511476425,22364,16,15,15:06:37.743,63.11048416666665,63
2200,2104-07-22T04:57:53.703,2104-08-06T16:43:54.856,2104-07-22T12:56:44.519+08:00,2104-08-07T00:42:45.672+08:00,provisional_UTC+08:00,provisional_UTC+08:00,22306.0192298137,22306,17,0,00:42:45.672,72.71268666666668,72
2201,2104-08-20T17:29:25.621,2104-09-05T01:07:02.183,2104-08-21T01:28:16.437+08:00,2104-09-05T09:05:52.999+08:00,provisional_UTC+08:00,provisional_UTC+08:00,22057.60937364449,22057,16,9,09:05:52.999,57.0980552777778,57
2202,2104-09-19T08:16:57.015,2104-10-04T09:20:01.604,2104-09-19T16:15:47.831+08:00,2104-10-04T17:18:52.420+08:00,provisional_UTC+08:00,provisional_UTC+08:00,21663.07649823597,21663,16,17,17:18:52.420,65.31456111111112,65
2203,2104-10-19T01:15:44.844,2104-11-02T18:22:31.420,2104-10-19T09:14:35.660+08:00,2104-11-03T02:21:22.236+08:00,provisional_UTC+08:00,provisional_UTC+08:00,21186.776253621574,21186,16,2,02:21:22.236,50.35617666666667,50
2204,2104-11-17T19:39:42.289,2104-12-02T04:53:05.716,2104-11-18T03:38:33.105+08:00,2104-12-02T12:51:56.532+08:00,provisional_UTC+08:00,provisional_UTC+08:00,20713.39045027671,20713,15,12,12:51:56.532,36.86570333333333,36
2205,2104-12-17T14:00:00.204,2104-12-31T17:02:01.385,2104-12-17T21:58:51.020+08:00,2105-01-01T01:00:52.201+08:00,provisional_UTC+08:00,provisional_UTC+08:00,20342.019684176466,20342,16,1,01:00:52.201,49.014500277777756,49
2206,2105-01-16T06:39:53.762,2105-01-30T06:40:42.684,2105-01-16T14:38:44.578+08:00,2105-01-30T14:39:33.500+08:00,provisional_UTC+08:00,provisional_UTC+08:00,20160.815362617497,20160,15,14,14:39:33.500,38.659305555555534,38
2207,2105-02-14T20:43:05.907,2105-02-28T21:37:28.761,2105-02-15T04:41:56.723+08:00,2105-03-01T05:36:19.577+08:00,provisional_UTC+08:00,provisional_UTC+08:00,20214.38090020307,20214,15,5,05:36:19.577,29.605438055555567,29
2208,2105-03-16T08:09:31.698,2105-03-30T13:39:09.631,2105-03-16T16:08:22.514+08:00,2105-03-30T21:38:00.447+08:00,provisional_UTC+08:00,provisional_UTC+08:00,20489.63221306819,20489,15,21,21:38:00.447,45.63345749999996,45
2209,2105-04-14T17:34:03.507,2105-04-29T06:16:20.847,2105-04-15T01:32:54.323+08:00,2105-04-29T14:15:11.663+08:00,provisional_UTC+08:00,provisional_UTC+08:00,20922.288995775798,20922,15,14,14:15:11.663,38.25323972222219,38
2210,2105-05-14T01:40:31.992,2105-05-28T22:35:34.317,2105-05-14T09:39:22.808+08:00,2105-05-29T06:34:25.133+08:00,provisional_UTC+08:00,provisional_UTC+08:00,21415.038744713725,21415,16,6,06:34:25.133,54.57364805555551,54
2211,2105-06-12T09:11:33.235,2105-06-27T13:37:06.142,2105-06-12T17:10:24.051+08:00,2105-06-27T21:35:56.958+08:00,provisional_UTC+08:00,provisional_UTC+08:00,21865.548451578416,21865,16,21,21:35:56.958,69.59915500000005,69
2212,2105-07-11T16:52:08.368,2105-07-27T02:46:18.765,2105-07-12T00:50:59.184+08:00,2105-07-27T10:45:09.581+08:00,provisional_UTC+08:00,provisional_UTC+08:00,22194.17328588043,22194,16,10,10:45:09.581,58.752661388888896,58
2213,2105-08-10T01:36:12.725,2105-08-25T14:10:20.137,2105-08-10T09:35:03.541+08:00,2105-08-25T22:09:10.953+08:00,provisional_UTC+08:00,provisional_UTC+08:00,22354.123527226184,22354,16,22,22:09:10.953,70.15304249999997,70
2214,2105-09-08T12:25:11.960,2105-09-24T00:28:44.951,2105-09-08T20:24:02.776+08:00,2105-09-24T08:27:35.767+08:00,provisional_UTC+08:00,provisional_UTC+08:00,22323.549850677307,22323,17,8,08:27:35.767,80.45993527777779,80
2215,2105-10-08T02:11:36.944,2105-10-23T10:29:06.154,2105-10-08T10:10:27.760+08:00,2105-10-23T18:27:56.970+08:00,provisional_UTC+08:00,provisional_UTC+08:00,22097.486822136652,22097,16,18,18:27:56.970,66.465825,66
2216,2105-11-06T19:07:47.226,2105-11-21T20:43:55.203,2105-11-07T03:06:38.042+08:00,2105-11-22T04:42:46.019+08:00,provisional_UTC+08:00,provisional_UTC+08:00,21696.13295052115,21696,16,4,04:42:46.019,52.712783055555576,52
2217,2105-12-06T14:18:03.173,2105-12-21T07:23:07.703,2105-12-06T22:16:53.989+08:00,2105-12-21T15:21:58.519+08:00,provisional_UTC+08:00,provisional_UTC+08:00,21185.07549952983,21185,16,15,15:21:58.519,63.36625527777778,63
2218,2106-01-05T09:50:08.722,2106-01-19T18:26:40.779,2106-01-05T17:48:59.538+08:00,2106-01-20T02:25:31.595+08:00,provisional_UTC+08:00,provisional_UTC+08:00,20676.534288445255,20676,16,2,02:25:31.595,50.42544305555555,50
2219,2106-02-04T03:51:49.518,2106-02-18T06:03:53.696,2106-02-04T11:50:40.334+08:00,2106-02-18T14:02:44.512+08:00,provisional_UTC+08:00,provisional_UTC+08:00,20292.069630869286,20292,15,14,14:02:44.512,38.04569777777783,38
2220,2106-03-05T19:19:51.845,2106-03-19T18:37:09.299,2106-03-06T03:18:42.661+08:00,2106-03-20T02:36:00.115+08:00,provisional_UTC+08:00,provisional_UTC+08:00,20117.290909107738,20117,15,2,02:36:00.115,26.600031944444424,26
2221,2106-04-04T08:02:00.021,2106-04-18T08:24:08.162,2106-04-04T16:00:50.837+08:00,2106-04-18T16:22:58.978+08:00,provisional_UTC+08:00,provisional_UTC+08:00,20182.135685467554,20182,15,16,16:22:58.978,40.383049444444396,40
2222,2106-05-03T18:14:27.029,2106-05-17T23:16:50.070,2106-05-04T02:13:17.845+08:00,2106-05-18T07:15:40.886+08:00,provisional_UTC+08:00,provisional_UTC+08:00,20462.38402786242,20462,15,7,07:15:40.886,31.261357222222216,31
2223,2106-06-02T02:27:50.546,2106-06-16T14:40:05.763,2106-06-02T10:26:41.362+08:00,2106-06-16T22:38:56.579+08:00,provisional_UTC+08:00,provisional_UTC+08:00,20892.253604674443,20892,15,22,22:38:56.579,46.64904972222217,46
2224,2106-07-01T09:26:26.991,2106-07-16T05:51:52.533,2106-07-01T17:25:17.807+08:00,2106-07-16T13:50:43.349+08:00,provisional_UTC+08:00,provisional_UTC+08:00,21385.42570377479,21385,16,13,13:50:43.349,61.845374722222175,61
2225,2106-07-30T16:10:05.834,2106-08-14T20:24:52.167,2106-07-31T00:08:56.650+08:00,2106-08-15T04:23:42.983+08:00,provisional_UTC+08:00,provisional_UTC+08:00,21854.772221486775,21854,16,4,04:23:42.983,52.39527305555555,52
2226,2106-08-28T23:50:39.965,2106-09-13T10:11:26.945,2106-08-29T07:49:30.781+08:00,2106-09-13T18:10:17.761+08:00,provisional_UTC+08:00,provisional_UTC+08:00,22220.783000052725,22220,16,18,18:10:17.761,66.17160027777777,66
2227,2106-09-27T09:40:22.399,2106-10-12T23:13:34.330,2106-09-27T17:39:13.215+08:00,2106-10-13T07:12:25.146+08:00,provisional_UTC+08:00,provisional_UTC+08:00,22413.198834545365,22413,17,7,07:12:25.146,79.20698499999997,79
2228,2106-10-26T22:31:19.991,2106-11-11T11:31:36.950,2106-10-27T06:30:10.807+08:00,2106-11-11T19:30:27.766+08:00,provisional_UTC+08:00,provisional_UTC+08:00,22380.28265701938,22380,16,19,19:30:27.766,67.50771277777778,67
2229,2106-11-25T14:31:54.837,2106-12-10T23:03:20.821,2106-11-25T22:30:45.653+08:00,2106-12-11T07:02:11.637+08:00,provisional_UTC+08:00,provisional_UTC+08:00,22111.433073980934,22111,17,7,07:02:11.637,79.03656583333338,79
2230,2106-12-25T08:56:22.435,2107-01-09T09:52:11.166,2106-12-25T16:55:13.251+08:00,2107-01-09T17:51:01.982+08:00,provisional_UTC+08:00,provisional_UTC+08:00,21655.812184279457,21655,16,17,17:51:01.982,65.85055055555557,65
2231,2107-01-24T04:20:41.459,2107-02-07T20:13:49.190,2107-01-24T12:19:32.275+08:00,2107-02-08T04:12:40.006+08:00,provisional_UTC+08:00,provisional_UTC+08:00,21113.128846658907,21113,16,4,04:12:40.006,52.21111277777777,52
2232,2107-02-22T23:11:55.302,2107-03-09T06:33:44.505,2107-02-23T07:10:46.118+08:00,2107-03-09T14:32:35.321+08:00,provisional_UTC+08:00,provisional_UTC+08:00,20601.820062054558,20601,15,14,14:32:35.321,38.54314472222222,38
2233,2107-03-24T16:10:01.046,2107-04-07T17:18:16.963,2107-03-25T00:08:51.862+08:00,2107-04-08T01:17:07.779+08:00,provisional_UTC+08:00,provisional_UTC+08:00,20228.265284326815,20228,15,1,01:17:07.779,25.285494166666695,25
2234,2107-04-23T06:21:49.135,2107-05-07T04:46:55.499,2107-04-23T14:20:39.951+08:00,2107-05-07T12:45:46.315+08:00,provisional_UTC+08:00,provisional_UTC+08:00,20065.10606313139,20065,15,12,12:45:46.315,36.762865277777735,36
2235,2107-05-22T17:33:03.826,2107-06-05T17:11:45.264,2107-05-23T01:31:54.642+08:00,2107-06-06T01:10:36.080+08:00,provisional_UTC+08:00,provisional_UTC+08:00,20138.69063135561,20138,15,1,01:10:36.080,25.17668888888892,25
2236,2107-06-21T02:11:50.280,2107-07-05T06:41:24.644,2107-06-21T10:10:41.096+08:00,2107-07-05T14:40:15.460+08:00,provisional_UTC+08:00,provisional_UTC+08:00,20429.57273095425,20429,15,14,14:40:15.460,38.670961111111126,38
2237,2107-07-20T09:18:18.978,2107-08-03T21:20:34.422,2107-07-20T17:17:09.794+08:00,2107-08-04T05:19:25.238+08:00,provisional_UTC+08:00,provisional_UTC+08:00,20882.2574008387,20882,16,5,05:19:25.238,53.323677222222216,53
2238,2107-08-18T16:06:58.845,2107-09-02T13:00:42.408,2107-08-19T00:05:49.661+08:00,2107-09-02T20:59:33.224+08:00,provisional_UTC+08:00,provisional_UTC+08:00,21413.726056378357,21413,15,20,20:59:33.224,44.992562222222205,44
2239,2107-09-16T23:49:17.911,2107-10-02T05:09:30.386,2107-09-17T07:48:08.727+08:00,2107-10-02T13:08:21.202+08:00,provisional_UTC+08:00,provisional_UTC+08:00,21920.207910337405,21920,16,13,13:08:21.202,61.139222777777775,61
2240,2107-10-16T09:20:19.492,2107-10-31T20:54:17.610,2107-10-16T17:19:10.308+08:00,2107-11-01T04:53:08.426+08:00,provisional_UTC+08:00,provisional_UTC+08:00,22293.96862925225,22293,17,4,04:53:08.426,76.8856738888889,76
2241,2107-11-14T21:11:33.785,2107-11-30T11:25:31.619,2107-11-15T05:10:24.601+08:00,2107-11-30T19:24:22.435+08:00,provisional_UTC+08:00,provisional_UTC+08:00,22453.963910896055,22453,16,19,19:24:22.435,67.40623194444447,67
2242,2107-12-14T11:31:53.634,2107-12-30T00:22:02.536,2107-12-14T19:30:44.450+08:00,2107-12-30T08:20:53.352+08:00,provisional_UTC+08:00,provisional_UTC+08:00,22370.14835521206,22370,17,8,08:20:53.352,80.3481533333333,80
2243,2108-01-13T04:10:50.009,2108-01-28T11:53:14.220,2108-01-13T12:09:40.825+08:00,2108-01-28T19:52:05.036+08:00,provisional_UTC+08:00,provisional_UTC+08:00,22062.40351375806,22062,16,19,19:52:05.036,67.86806555555557,67
2244,2108-02-11T22:32:29.336,2108-02-26T22:20:36.681,2108-02-12T06:31:20.152+08:00,2108-02-27T06:19:27.497+08:00,provisional_UTC+08:00,provisional_UTC+08:00,21588.122410445256,21588,16,6,06:19:27.497,54.32430472222222,54
2245,2108-03-12T17:24:19.760,2108-03-27T08:02:23.504,2108-03-13T01:23:10.576+08:00,2108-03-27T16:01:14.320+08:00,provisional_UTC+08:00,provisional_UTC+08:00,21038.06240888061,21038,15,16,16:01:14.320,40.020644444444486,40
2246,2108-04-11T11:07:52.287,2108-04-25T17:15:14.611,2108-04-11T19:06:43.103+08:00,2108-04-26T01:14:05.427+08:00,provisional_UTC+08:00,provisional_UTC+08:00,20527.372066728934,20527,16,1,01:14:05.427,49.234840833333294,49
2247,2108-05-11T02:21:04.655,2108-05-25T02:26:16.277,2108-05-11T10:19:55.471+08:00,2108-05-25T10:25:07.093+08:00,provisional_UTC+08:00,provisional_UTC+08:00,20165.1936936019,20165,15,10,10:25:07.093,34.41863694444447,34
2248,2108-06-09T14:36:58.672,2108-06-23T12:19:42.080,2108-06-09T22:35:49.488+08:00,2108-06-23T20:18:32.896+08:00,provisional_UTC+08:00,provisional_UTC+08:00,20022.72347347658,20022,15,20,20:18:32.896,44.30913777777778,44
2249,2108-07-09T00:25:16.788,2108-07-22T23:49:02.095,2108-07-09T08:24:07.604+08:00,2108-07-23T07:47:52.911+08:00,provisional_UTC+08:00,provisional_UTC+08:00,20123.75510420442,20123,15,7,07:47:52.911,31.79803083333337,31
2250,2108-08-07T08:46:39.727,2108-08-21T13:35:28.236,2108-08-07T16:45:30.543+08:00,2108-08-21T21:34:19.052+08:00,provisional_UTC+08:00,provisional_UTC+08:00,20448.80848082587,20448,15,21,21:34:19.052,45.571958888888844,45
2251,2108-09-05T16:44:55.359,2108-09-20T05:41:19.099,2108-09-06T00:43:46.175+08:00,2108-09-20T13:40:09.915+08:00,provisional_UTC+08:00,provisional_UTC+08:00,20936.395679006,20936,15,13,13:40:09.915,37.669420833333334,37
2252,2108-10-05T01:10:05.131,2108-10-19T23:16:48.002,2108-10-05T09:08:55.947+08:00,2108-10-20T07:15:38.818+08:00,provisional_UTC+08:00,provisional_UTC+08:00,21486.71450489419,21486,16,7,07:15:38.818,55.26078277777776,55
2253,2108-11-03T10:35:28.622,2108-11-18T16:59:20.942,2108-11-03T18:34:19.438+08:00,2108-11-19T00:58:11.758+08:00,provisional_UTC+08:00,provisional_UTC+08:00,21983.8719927911,21983,17,0,00:58:11.758,72.96993277777773,72
2254,2108-12-02T21:25:50.543,2108-12-18T09:35:42.910,2108-12-03T05:24:41.359+08:00,2108-12-18T17:34:33.726+08:00,provisional_UTC+08:00,provisional_UTC+08:00,22329.872778655954,22329,16,17,17:34:33.726,65.57603499999999,65
2255,2109-01-01T10:05:30.141,2109-01-17T00:27:44.844,2109-01-01T18:04:20.957+08:00,2109-01-17T08:26:35.660+08:00,provisional_UTC+08:00,provisional_UTC+08:00,22462.245042187333,22462,17,8,08:26:35.660,80.44323888888886,80
2256,2109-01-31T00:51:49.190,2109-02-15T13:24:34.449,2109-01-31T08:50:40.006+08:00,2109-02-15T21:23:25.265+08:00,provisional_UTC+08:00,provisional_UTC+08:00,22352.754306434457,22352,16,21,21:23:25.265,69.39035138888886,69
2257,2109-03-01T17:32:14.052,2109-03-17T00:25:31.105,2109-03-02T01:31:04.868+08:00,2109-03-17T08:24:21.921+08:00,provisional_UTC+08:00,provisional_UTC+08:00,22013.284225066636,22013,16,8,08:24:21.921,56.406089166666675,56
2258,2109-03-31T11:08:44.240,2109-04-15T09:38:49.033,2109-03-31T19:07:35.056+08:00,2109-04-15T17:37:39.849+08:00,provisional_UTC+08:00,provisional_UTC+08:00,21510.079898428452,21510,16,17,17:37:39.849,65.6277358333333,65
2259,2109-04-30T04:17:34.737,2109-05-14T17:32:15.187,2109-04-30T12:16:25.553+08:00,2109-05-15T01:31:06.003+08:00,provisional_UTC+08:00,provisional_UTC+08:00,20954.674165154505,20954,16,1,01:31:06.003,49.51833416666665,49
2260,2109-05-29T19:52:09.139,2109-06-13T00:58:16.608,2109-05-30T03:50:59.955+08:00,2109-06-13T08:57:07.424+08:00,provisional_UTC+08:00,provisional_UTC+08:00,20466.12448536298,20466,15,8,08:57:07.424,32.95206222222225,32
2261,2109-06-28T09:28:09.182,2109-07-12T09:06:25.154,2109-06-28T17:26:59.998+08:00,2109-07-12T17:05:15.970+08:00,provisional_UTC+08:00,provisional_UTC+08:00,20138.26621111043,20138,15,17,17:05:15.970,41.08776944444446,41
2262,2109-07-27T21:17:04.367,2109-08-10T19:06:15.720,2109-07-28T05:15:55.183+08:00,2109-08-11T03:05:06.536+08:00,provisional_UTC+08:00,provisional_UTC+08:00,20029.189215799786,20029,15,3,03:05:06.536,27.08514888888891,27
2263,2109-08-26T07:46:39.264,2109-09-09T07:46:03.152,2109-08-26T15:45:30.080+08:00,2109-09-09T15:44:53.968+08:00,provisional_UTC+08:00,provisional_UTC+08:00,20159.39812445049,20159,15,15,15:44:53.968,39.74832444444445,39
2264,2109-09-24T17:27:09.634,2109-10-08T23:14:16.749,2109-09-25T01:26:00.450+08:00,2109-10-09T07:13:07.565+08:00,provisional_UTC+08:00,provisional_UTC+08:00,20507.118593923187,20507,15,7,07:13:07.565,31.21876805555553,31
2265,2109-10-24T02:48:29.551,2109-11-07T16:55:06.850,2109-10-24T10:47:20.367+08:00,2109-11-08T00:53:57.666+08:00,provisional_UTC+08:00,provisional_UTC+08:00,21006.62164523923,21006,16,0,00:53:57.666,48.89935166666663,48
2266,2109-11-22T12:22:47.792,2109-12-07T11:41:35.220,2109-11-22T20:21:38.608+08:00,2109-12-07T19:40:26.036+08:00,provisional_UTC+08:00,provisional_UTC+08:00,21558.790473891913,21558,16,19,19:40:26.036,67.67389888888891,67
2267,2109-12-21T22:44:14.398,2110-01-06T06:14:38.994,2109-12-22T06:43:05.214+08:00,2110-01-06T14:13:29.810+08:00,provisional_UTC+08:00,provisional_UTC+08:00,22050.4099364974,22050,16,14,14:13:29.810,62.22494722222223,62
2268,2110-01-20T10:21:37.650,2110-02-04T23:17:07.258,2110-01-20T18:20:28.466+08:00,2110-02-05T07:15:58.074+08:00,provisional_UTC+08:00,provisional_UTC+08:00,22375.49345736018,22375,17,7,07:15:58.074,79.2661316666667,79
2269,2110-02-18T23:26:44.374,2110-03-06T13:48:25.187,2110-02-19T07:25:35.190+08:00,2110-03-06T21:47:16.003+08:00,provisional_UTC+08:00,provisional_UTC+08:00,22461.680217741465,22461,16,21,21:47:16.003,69.7877786111111,69
2270,2110-03-20T13:47:55.500,2110-04-05T01:23:39.978,2110-03-20T21:46:46.316+08:00,2110-04-05T09:22:30.794+08:00,provisional_UTC+08:00,provisional_UTC+08:00,22295.741302701797,22295,17,9,09:22:30.794,81.37522055555553,81
2271,2110-04-19T04:57:22.782,2110-05-04T10:22:40.557,2110-04-19T12:56:13.598+08:00,2110-05-04T18:21:31.373+08:00,provisional_UTC+08:00,provisional_UTC+08:00,21925.29624757395,21925,16,18,18:21:31.373,66.3587147222222,66
2272,2110-05-18T20:25:48.505,2110-06-02T17:40:01.700,2110-05-19T04:24:39.321+08:00,2110-06-03T01:38:52.516+08:00,provisional_UTC+08:00,provisional_UTC+08:00,21434.21992550605,21434,16,1,01:38:52.516,49.647921111111145,49
2273,2110-06-17T11:49:12.505,2110-07-02T00:25:55.476,2110-06-17T19:48:03.321+08:00,2110-07-02T08:24:46.292+08:00,provisional_UTC+08:00,provisional_UTC+08:00,20916.7161845636,20916,16,8,08:24:46.292,56.41285888888888,56
2274,2110-07-17T02:44:47.093,2110-07-31T07:49:37.230,2110-07-17T10:43:37.909+08:00,2110-07-31T15:48:28.046+08:00,provisional_UTC+08:00,provisional_UTC+08:00,20464.835613645955,20464,15,15,15:48:28.046,39.807790555555584,39
2275,2110-08-15T16:47:30.989,2110-08-29T16:49:12.352,2110-08-16T00:46:21.805+08:00,2110-08-30T00:48:03.168+08:00,provisional_UTC+08:00,provisional_UTC+08:00,20161.689374882535,20161,15,0,00:48:03.168,24.800880000000006,24
2276,2110-09-14T05:37:16.958,2110-09-28T04:07:14.335,2110-09-14T13:36:07.774+08:00,2110-09-28T12:06:05.151+08:00,provisional_UTC+08:00,provisional_UTC+08:00,20069.956287539142,20069,15,12,12:06:05.151,36.101430833333325,36
2277,2110-10-13T17:12:33.395,2110-10-27T18:09:25.857,2110-10-14T01:11:24.211+08:00,2110-10-28T02:08:16.673+08:00,provisional_UTC+08:00,provisional_UTC+08:00,20216.87436780845,20216,15,2,02:08:16.673,26.137964722222193,26
2278,2110-11-12T03:56:10.203,2110-11-26T10:59:10.040,2110-11-12T11:55:01.019+08:00,2110-11-26T18:58:00.856+08:00,provisional_UTC+08:00,provisional_UTC+08:00,20582.997272280754,20582,15,18,18:58:00.856,42.966904444444424,42
2279,2110-12-11T14:24:14.592,2110-12-26T06:01:34.438,2110-12-11T22:23:05.408+08:00,2110-12-26T14:00:25.254+08:00,provisional_UTC+08:00,provisional_UTC+08:00,21097.330767389612,21097,16,14,14:00:25.254,62.00701499999997,62
2280,2111-01-10T01:05:27.754,2111-01-25T01:49:10.278,2111-01-10T09:04:18.570+08:00,2111-01-25T09:48:01.094+08:00,provisional_UTC+08:00,provisional_UTC+08:00,21643.708733989144,21643,16,9,09:48:01.094,57.80030388888889,57
2281,2111-02-08T12:08:17.904,2111-02-23T20:21:14.051,2111-02-08T20:07:08.720+08:00,2111-02-24T04:20:04.867+08:00,provisional_UTC+08:00,provisional_UTC+08:00,22092.935777988503,22092,17,4,04:20:04.867,76.3346852777778,76
2282,2111-03-09T23:28:19.857,2111-03-25T12:01:14.900,2111-03-10T07:27:10.673+08:00,2111-03-25T20:00:05.716+08:00,provisional_UTC+08:00,provisional_UTC+08:00,22352.917384111464,22352,16,20,20:00:05.716,68.00158777777779,68
2283,2111-04-08T11:08:03.313,2111-04-24T00:20:48.577,2111-04-08T19:06:54.129+08:00,2111-04-24T08:19:39.393+08:00,provisional_UTC+08:00,provisional_UTC+08:00,22392.75439130302,22392,17,8,08:19:39.393,80.32760916666666,80
2284,2111-05-07T23:27:14.781,2111-05-23T09:53:18.036,2111-05-08T07:26:05.597+08:00,2111-05-23T17:52:08.852+08:00,provisional_UTC+08:00,provisional_UTC+08:00,22226.05425147754,22226,16,17,17:52:08.852,65.86912555555557,65
2285,2111-06-06T12:52:10.076,2111-06-21T17:40:22.766,2111-06-06T20:51:00.892+08:00,2111-06-22T01:39:13.582+08:00,provisional_UTC+08:00,provisional_UTC+08:00,21888.211510970024,21888,17,1,01:39:13.582,73.65377277777776,73
2286,2111-07-06T03:32:39.091,2111-07-21T00:44:53.333,2111-07-06T11:31:29.907+08:00,2111-07-21T08:43:44.149+08:00,provisional_UTC+08:00,provisional_UTC+08:00,21432.237373444405,21432,16,8,08:43:44.149,56.72893027777775,56
2287,2111-08-04T19:06:09.871,2111-08-19T08:00:44.517,2111-08-05T03:05:00.687+08:00,2111-08-19T15:59:35.333+08:00,provisional_UTC+08:00,provisional_UTC+08:00,20934.57743173225,20934,15,15,15:59:35.333,39.993148055555594,39
2288,2111-09-03T10:44:26.665,2111-09-17T16:15:41.934,2111-09-03T18:43:17.481+08:00,2111-09-18T00:14:32.750+08:00,provisional_UTC+08:00,provisional_UTC+08:00,20491.254485427824,20491,16,0,00:14:32.750,48.24243055555553,48
2289,2111-10-03T01:40:36.412,2111-10-17T02:18:03.418,2111-10-03T09:39:27.228+08:00,2111-10-17T10:16:54.234+08:00,provisional_UTC+08:00,provisional_UTC+08:00,20197.45010172115,20197,15,10,10:16:54.234,34.281731666666644,34
2290,2111-11-01T15:33:46.703,2111-11-15T14:55:44.350,2111-11-01T23:32:37.519+08:00,2111-11-15T22:54:35.166+08:00,provisional_UTC+08:00,provisional_UTC+08:00,20121.960769583566,20121,15,22,22:54:35.166,46.90976833333332,46
2291,2111-12-01T04:29:19.478,2111-12-15T06:37:35.347,2111-12-01T12:28:10.294+08:00,2111-12-15T14:36:26.163+08:00,provisional_UTC+08:00,provisional_UTC+08:00,20288.264477958637,20288,15,14,14:36:26.163,38.60726749999998,38
2292,2111-12-30T16:38:09.331,2112-01-14T01:00:31.083,2111-12-31T00:37:00.147+08:00,2112-01-14T08:59:21.899+08:00,provisional_UTC+08:00,provisional_UTC+08:00,20662.362524270357,20662,15,8,08:59:21.899,32.989416388888856,32
2293,2112-01-29T03:59:11.894,2112-02-12T20:34:06.346,2112-01-29T11:58:02.710+08:00,2112-02-13T04:32:57.162+08:00,provisional_UTC+08:00,provisional_UTC+08:00,21154.90753779035,21154,16,4,04:32:57.162,52.54921166666668,52
2294,2112-02-27T14:24:44.490,2112-03-13T15:16:54.149,2112-02-27T22:23:35.306+08:00,2112-03-13T23:15:44.965+08:00,provisional_UTC+08:00,provisional_UTC+08:00,21652.160975073803,21652,16,23,23:15:44.965,71.26249027777783,71
2295,2112-03-28T00:01:47.846,2112-04-12T07:39:27.056,2112-03-28T08:00:38.662+08:00,2112-04-12T15:38:17.872+08:00,provisional_UTC+08:00,provisional_UTC+08:00,22057.6534962773,22057,16,15,15:38:17.872,63.63829777777778,63
2296,2112-04-26T09:24:32.680,2112-05-11T21:12:56.739,2112-04-26T17:23:23.496+08:00,2112-05-12T05:11:47.555+08:00,provisional_UTC+08:00,provisional_UTC+08:00,22308.400987662957,22308,17,5,05:11:47.555,77.19654305555554,77
2297,2112-05-25T19:25:29.086,2112-06-10T08:13:52.952,2112-05-26T03:24:19.902+08:00,2112-06-10T16:12:43.768+08:00,provisional_UTC+08:00,provisional_UTC+08:00,22368.397769755302,22368,16,16,16:12:43.768,64.21215777777775,64
2298,2112-06-24T06:53:24.191,2112-07-09T17:18:45.002,2112-06-24T14:52:15.007+08:00,2112-07-10T01:17:35.818+08:00,provisional_UTC+08:00,provisional_UTC+08:00,22225.34684883418,22225,17,1,01:17:35.818,73.29328277777779,73
2299,2112-07-23T20:12:36.697,2112-08-08T01:10:54.616,2112-07-24T04:11:27.513+08:00,2112-08-08T09:09:45.432+08:00,provisional_UTC+08:00,provisional_UTC+08:00,21898.298649044118,21898,16,9,09:09:45.432,57.162620000000004,57
2300,2112-08-22T11:15:03.984,2112-09-06T08:39:13.561,2112-08-22T19:13:54.800+08:00,2112-09-06T16:38:04.377+08:00,provisional_UTC+08:00,provisional_UTC+08:00,21444.159618226367,21444,16,16,16:38:04.377,64.63454916666672,64
2301,2112-09-21T03:28:41.793,2112-10-05T16:39:21.687,2112-09-21T11:27:32.609+08:00,2112-10-06T00:38:12.503+08:00,provisional_UTC+08:00,provisional_UTC+08:00,20950.66490638723,20950,16,0,00:38:12.503,48.636806388888886,48
2302,2112-10-20T20:12:31.080,2112-11-04T02:09:51.580,2112-10-21T04:11:21.896+08:00,2112-11-04T10:08:42.396+08:00,provisional_UTC+08:00,provisional_UTC+08:00,20517.341674521776,20517,15,10,10:08:42.396,34.14510999999999,34
2303,2112-11-19T12:44:28.571,2112-12-03T13:59:04.675,2112-11-19T20:43:19.387+08:00,2112-12-03T21:57:55.491+08:00,provisional_UTC+08:00,provisional_UTC+08:00,20234.60172119372,20234,15,21,21:57:55.491,45.96541416666662,45
2304,2112-12-19T04:20:31.663,2113-01-02T04:25:11.141,2112-12-19T12:19:22.479+08:00,2113-01-02T12:24:01.957+08:00,provisional_UTC+08:00,provisional_UTC+08:00,20164.6579797517,20164,15,12,12:24:01.957,36.40054361111112,36
2305,2113-01-17T18:18:15.296,2113-01-31T21:02:13.096,2113-01-18T02:17:06.112+08:00,2113-02-01T05:01:03.912+08:00,provisional_UTC+08:00,provisional_UTC+08:00,20323.963337076646,20323,15,5,05:01:03.912,29.01775333333336,29
2306,2113-02-16T06:12:20.735,2113-03-02T14:48:37.845,2113-02-16T14:11:11.551+08:00,2113-03-02T22:47:28.661+08:00,provisional_UTC+08:00,provisional_UTC+08:00,20676.285162236236,20676,15,22,22:47:28.661,46.79129472222223,46
2307,2113-03-17T16:08:52.443,2113-04-01T08:33:38.305,2113-03-18T00:07:43.259+08:00,2113-04-01T16:32:29.121+08:00,provisional_UTC+08:00,provisional_UTC+08:00,21144.76435810404,21144,15,16,16:32:29.121,40.54142250000001,40
2308,2113-04-16T00:43:49.710,2113-05-01T01:17:06.913,2113-04-16T08:42:40.526+08:00,2113-05-01T09:15:57.729+08:00,provisional_UTC+08:00,provisional_UTC+08:00,21633.286710673798,21633,16,9,09:15:57.729,57.26603583333332,57
2309,2113-05-15T08:49:15.185,2113-05-30T16:15:07.157,2113-05-15T16:48:06.001+08:00,2113-05-31T00:13:57.973+08:00,provisional_UTC+08:00,provisional_UTC+08:00,22045.866190990462,22045,17,0,00:13:57.973,72.23277027777777,72
2310,2113-06-13T17:18:36.696,2113-06-29T05:03:04.693,2113-06-14T01:17:27.512+08:00,2113-06-29T13:01:55.509+08:00,provisional_UTC+08:00,provisional_UTC+08:00,22304.466603989393,22304,16,13,13:01:55.509,61.03208583333338,61
2311,2113-07-13T02:58:07.967,2113-07-28T15:42:48.635,2113-07-13T10:56:58.783+08:00,2113-07-28T23:41:39.451+08:00,provisional_UTC+08:00,provisional_UTC+08:00,22364.677799668032,22364,16,23,23:41:39.451,71.69429194444439,71
2312,2113-08-11T14:24:37.879,2113-08-27T00:46:16.785,2113-08-11T22:23:28.695+08:00,2113-08-27T08:45:07.601+08:00,provisional_UTC+08:00,provisional_UTC+08:00,22221.64844388395,22221,17,8,08:45:07.601,80.75211138888892,80
2313,2113-09-10T04:04:52.315,2113-09-25T09:08:42.130,2113-09-10T12:03:43.131+08:00,2113-09-25T17:07:32.946+08:00,provisional_UTC+08:00,provisional_UTC+08:00,21903.83024000727,21903,16,17,17:07:32.946,65.12581833333331,65
2314,2113-10-09T20:08:19.437,2113-10-24T17:51:53.394,2113-10-10T04:07:10.253+08:00,2113-10-25T01:50:44.210+08:00,provisional_UTC+08:00,provisional_UTC+08:00,21463.565947155967,21463,16,1,01:50:44.210,49.84561388888886,49
2315,2113-11-08T14:10:05.037,2113-11-23T03:44:21.740,2113-11-08T22:08:55.853+08:00,2113-11-23T11:43:12.556+08:00,provisional_UTC+08:00,provisional_UTC+08:00,20974.278368352643,20974,16,11,11:43:12.556,59.72015444444446,59
2316,2113-12-08T08:57:28.089,2113-12-22T15:07:41.006,2113-12-08T16:56:18.905+08:00,2113-12-22T23:06:31.822+08:00,provisional_UTC+08:00,provisional_UTC+08:00,20530.215282225017,20530,15,23,23:06:31.822,47.10883944444441,47
2317,2114-01-07T02:47:16.768,2114-01-21T03:58:42.949,2114-01-07T10:46:07.584+08:00,2114-01-21T11:57:33.765+08:00,provisional_UTC+08:00,provisional_UTC+08:00,20231.43636385732,20231,15,11,11:57:33.765,35.95937916666662,35
2318,2114-02-05T18:15:30.575,2114-02-19T18:06:00.521,2114-02-06T02:14:21.391+08:00,2114-02-20T02:04:51.337+08:00,provisional_UTC+08:00,provisional_UTC+08:00,20150.499085628522,20150,15,2,02:04:51.337,26.080926944444457,26
2319,2114-03-07T06:54:46.580,2114-03-21T09:20:50.935,2114-03-07T14:53:37.396+08:00,2114-03-21T17:19:41.751+08:00,provisional_UTC+08:00,provisional_UTC+08:00,20306.07257522794,20306,15,17,17:19:41.751,41.328264166666656,41
2320,2114-04-05T17:07:56.399,2114-04-20T01:28:23.683,2114-04-06T01:06:47.215+08:00,2114-04-20T09:27:14.499+08:00,provisional_UTC+08:00,provisional_UTC+08:00,20660.45472992672,20660,15,9,09:27:14.499,33.454027499999995,33
2321,2114-05-05T01:39:17.805,2114-05-19T17:51:43.328,2114-05-05T09:38:08.621+08:00,2114-05-20T01:50:34.144+08:00,provisional_UTC+08:00,provisional_UTC+08:00,21132.425375857198,21132,16,1,01:50:34.144,49.84281777777778,49
2322,2114-06-03T09:14:40.816,2114-06-18T09:34:11.233,2114-06-03T17:13:31.632+08:00,2114-06-18T17:33:02.049+08:00,provisional_UTC+08:00,provisional_UTC+08:00,21619.506940405117,21619,16,17,17:33:02.049,65.55056916666672,65
2323,2114-07-02T16:38:37.866,2114-07-17T23:45:39.450,2114-07-03T00:37:28.682+08:00,2114-07-18T07:44:30.266+08:00,provisional_UTC+08:00,provisional_UTC+08:00,22027.026392395328,22027,16,7,07:44:30.266,55.741740555555566,55
2324,2114-08-01T00:40:44.325,2114-08-16T12:09:54.999,2114-08-01T08:39:35.141+08:00,2114-08-16T20:08:45.815+08:00,provisional_UTC+08:00,provisional_UTC+08:00,22289.177914378342,22289,16,20,20:08:45.815,68.14605972222222,68
2325,2114-08-30T10:19:40.960,2114-09-14T23:09:46.239,2114-08-30T18:18:31.776+08:00,2114-09-15T07:08:37.055+08:00,provisional_UTC+08:00,provisional_UTC+08:00,22370.087981365497,22370,17,7,07:08:37.055,79.14362638888889,79
2326,2114-09-28T22:35:25.386,2114-10-14T09:29:16.422,2114-09-29T06:34:16.202+08:00,2114-10-14T17:28:07.238+08:00,provisional_UTC+08:00,provisional_UTC+08:00,22253.850592369097,22253,16,17,17:28:07.238,65.4686772222222,65
2327,2114-10-28T14:04:35.739,2114-11-12T19:47:59.449,2114-10-28T22:03:26.555+08:00,2114-11-13T03:46:50.265+08:00,provisional_UTC+08:00,provisional_UTC+08:00,21943.39517007984,21943,17,3,03:46:50.265,75.78062916666664,75
2328,2114-11-27T08:26:25.815,2114-12-12T06:23:58.669,2114-11-27T16:25:16.631+08:00,2114-12-12T14:22:49.485+08:00,provisional_UTC+08:00,provisional_UTC+08:00,21477.54756112963,21477,16,14,14:22:49.485,62.380412500000034,62
2329,2114-12-27T04:09:52.073,2115-01-10T17:17:14.188,2114-12-27T12:08:42.889+08:00,2115-01-11T01:16:05.004+08:00,provisional_UTC+08:00,provisional_UTC+08:00,20947.368588267018,20947,16,1,01:16:05.004,49.268056666666666,49
2330,2115-01-25T23:12:01.904,2115-02-09T04:29:29.829,2115-01-26T07:10:52.720+08:00,2115-02-09T12:28:20.645+08:00,provisional_UTC+08:00,provisional_UTC+08:00,20477.465431799617,20477,15,12,12:28:20.645,36.4724013888889,36
2331,2115-02-24T16:00:43.773,2115-03-10T16:18:29.488,2115-02-24T23:59:34.589+08:00,2115-03-11T00:17:20.304+08:00,provisional_UTC+08:00,provisional_UTC+08:00,20177.76191079848,20177,16,0,00:17:20.304,48.28897333333333,48
2332,2115-03-26T06:01:00.000,2115-04-09T05:09:52.028,2115-03-26T13:59:50.816+08:00,2115-04-09T13:08:42.844+08:00,provisional_UTC+08:00,provisional_UTC+08:00,20108.86713559603,20108,15,13,13:08:42.844,37.14523444444444,37
2333,2115-04-24T17:19:17.482,2115-05-08T19:14:28.211,2115-04-25T01:18:08.298+08:00,2115-05-09T03:13:19.027+08:00,provisional_UTC+08:00,provisional_UTC+08:00,20275.17882552574,20275,15,3,03:13:19.027,27.22195194444447,27
2334,2115-05-24T02:21:56.743,2115-06-07T10:14:16.597,2115-05-24T10:20:47.559+08:00,2115-06-07T18:13:07.413+08:00,provisional_UTC+08:00,provisional_UTC+08:00,20632.330899865032,20632,15,18,18:13:07.413,42.21872583333334,42
2335,2115-06-22T09:47:50.654,2115-07-07T01:31:20.312,2115-06-22T17:46:41.470+08:00,2115-07-07T09:30:11.128+08:00,provisional_UTC+08:00,provisional_UTC+08:00,21103.494288352733,21103,16,9,09:30:11.128,57.50309111111113,57
2336,2115-07-21T16:29:50.144,2115-08-05T16:30:12.927,2115-07-22T00:28:40.960+08:00,2115-08-06T00:29:03.743+08:00,provisional_UTC+08:00,provisional_UTC+08:00,21600.37972047193,21600,16,0,00:29:03.743,48.48437305555558,48
2337,2115-08-19T23:34:33.674,2115-09-04T06:52:23.647,2115-08-20T07:33:24.490+08:00,2115-09-04T14:51:14.463+08:00,provisional_UTC+08:00,provisional_UTC+08:00,22037.832884103853,22037,16,14,14:51:14.463,62.8540175,62
2338,2115-09-18T08:15:21.793,2115-10-03T20:33:24.550,2115-09-18T16:14:12.609+08:00,2115-10-04T04:32:15.366+08:00,provisional_UTC+08:00,provisional_UTC+08:00,22338.0459548213,22338,17,4,04:32:15.366,76.53760166666666,76
2339,2115-10-17T19:36:18.200,2115-11-02T09:31:15.552,2115-10-18T03:35:09.016+08:00,2115-11-02T17:30:06.368+08:00,provisional_UTC+08:00,provisional_UTC+08:00,22434.955870088324,22434,16,17,17:30:06.368,65.50176888888888,65
2340,2115-11-16T10:08:47.226,2115-12-01T21:40:22.499,2115-11-16T18:07:38.042+08:00,2115-12-02T05:39:13.315+08:00,provisional_UTC+08:00,provisional_UTC+08:00,22291.587874432462,22291,17,5,05:39:13.315,77.65369861111111,77
2341,2115-12-16T03:32:18.757,2115-12-31T08:57:09.775,2115-12-16T11:31:09.573+08:00,2115-12-31T16:56:00.591+08:00,provisional_UTC+08:00,provisional_UTC+08:00,21924.850315544918,21924,16,16,16:56:00.591,64.93349749999999,64
2342,2116-01-14T22:37:34.757,2116-01-29T19:29:31.462,2116-01-15T06:36:25.573+08:00,2116-01-30T03:28:22.278+08:00,provisional_UTC+08:00,provisional_UTC+08:00,21411.94508265391,21411,16,3,03:28:22.278,51.47285499999998,51
2343,2116-02-13T17:52:42.008,2116-02-28T05:39:12.717,2116-02-14T01:51:32.824+08:00,2116-02-28T13:38:03.533+08:00,provisional_UTC+08:00,provisional_UTC+08:00,20866.51180989584,20866,15,13,13:38:03.533,37.63431472222226,37
2344,2116-03-14T11:50:20.948,2116-03-28T15:55:01.251,2116-03-14T19:49:11.764+08:00,2116-03-28T23:53:52.067+08:00,provisional_UTC+08:00,provisional_UTC+08:00,20404.671731087583,20404,15,23,23:53:52.067,47.89779638888888,47
2345,2116-04-13T03:24:04.018,2116-04-27T02:43:11.920,2116-04-13T11:22:54.834+08:00,2116-04-27T10:42:02.736+08:00,provisional_UTC+08:00,provisional_UTC+08:00,20119.131713877534,20119,15,10,10:42:02.736,34.70076,34
2346,2116-05-12T16:00:37.610,2116-05-26T14:22:42.572,2116-05-12T23:59:28.426+08:00,2116-05-26T22:21:33.388+08:00,provisional_UTC+08:00,provisional_UTC+08:00,20062.082707784015,20062,15,22,22:21:33.388,46.35927444444445,46
2347,2116-06-11T01:48:27.755,2116-06-25T03:07:10.645,2116-06-11T09:47:18.571+08:00,2116-06-25T11:06:01.461+08:00,provisional_UTC+08:00,provisional_UTC+08:00,20238.714846879102,20238,15,11,11:06:01.461,35.1004058333333,35
2348,2116-07-10T09:34:01.322,2116-07-24T17:06:51.990,2116-07-10T17:32:52.138+08:00,2116-07-25T01:05:42.806+08:00,provisional_UTC+08:00,provisional_UTC+08:00,20612.844467282775,20612,16,1,01:05:42.806,49.09522388888894,49
2349,2116-08-08T16:26:47.727,2116-08-23T08:22:57.861,2116-08-09T00:25:38.543+08:00,2116-08-23T16:21:48.677+08:00,provisional_UTC+08:00,provisional_UTC+08:00,21116.168912052883,21116,15,16,16:21:48.677,40.36352138888884,40
2350,2116-09-06T23:41:06.482,2116-09-22T00:35:17.799,2116-09-07T07:39:57.298+08:00,2116-09-22T08:34:08.615+08:00,provisional_UTC+08:00,provisional_UTC+08:00,21654.188610115616,21654,16,8,08:34:08.615,56.56905972222222,56
2351,2116-10-06T08:20:15.133,2116-10-21T16:56:23.231,2116-10-06T16:19:05.949+08:00,2116-10-22T00:55:14.047+08:00,provisional_UTC+08:00,provisional_UTC+08:00,22116.134956710466,22116,17,0,00:55:14.047,72.9205686111111,72
2352,2116-11-04T19:05:43.206,2116-11-20T08:26:22.677,2116-11-05T03:04:34.022+08:00,2116-11-20T16:25:13.493+08:00,provisional_UTC+08:00,provisional_UTC+08:00,22400.65785920655,22400,16,16,16:25:13.493,64.42041472222223,64
2353,2116-12-04T08:14:39.420,2116-12-19T22:23:11.056,2116-12-04T16:13:30.236+08:00,2116-12-20T06:22:01.872+08:00,provisional_UTC+08:00,provisional_UTC+08:00,22448.527266289693,22448,17,6,06:22:01.872,78.36718666666667,78
2354,2117-01-02T23:44:29.185,2117-01-18T10:39:49.224,2117-01-03T07:43:20.001+08:00,2117-01-18T18:38:40.040+08:00,provisional_UTC+08:00,provisional_UTC+08:00,22255.33397853381,22255,16,18,18:38:40.040,66.64445555555557,66
2355,2117-02-01T17:13:36.111,2117-02-16T21:34:06.718,2117-02-02T01:12:26.927+08:00,2117-02-17T05:32:57.534+08:00,provisional_UTC+08:00,provisional_UTC+08:00,21860.510105764715,21860,16,5,05:32:57.534,53.54931499999998,53
2356,2117-03-03T11:50:38.904,2117-03-18T07:28:15.347,2117-03-03T19:49:29.720+08:00,2117-03-18T15:27:06.163+08:00,provisional_UTC+08:00,provisional_UTC+08:00,21337.607387179094,21337,16,15,15:27:06.163,63.45171194444441,63
2357,2117-04-02T06:09:59.668,2117-04-16T16:40:58.060,2117-04-02T14:08:50.484+08:00,2117-04-17T00:39:48.876+08:00,provisional_UTC+08:00,provisional_UTC+08:00,20790.973201260436,20790,16,0,00:39:48.876,48.66357666666664,48
2358,2117-05-01T22:38:29.986,2117-05-16T01:35:18.705,2117-05-02T06:37:20.802+08:00,2117-05-16T09:34:09.521+08:00,provisional_UTC+08:00,provisional_UTC+08:00,20336.811975744826,20336,15,9,09:34:09.521,33.56931138888888,33
2359,2117-05-31T12:20:22.961,2117-06-14T10:49:12.503,2117-05-31T20:19:13.777+08:00,2117-06-14T18:48:03.319+08:00,provisional_UTC+08:00,provisional_UTC+08:00,20068.82569176153,20068,15,18,18:48:03.319,42.80092194444444,42
2360,2117-06-29T23:18:48.574,2117-07-13T21:15:22.928,2117-06-30T07:17:39.390+08:00,2117-07-14T05:14:13.744+08:00,provisional_UTC+08:00,provisional_UTC+08:00,20036.572559494387,20036,15,5,05:14:13.744,29.237151111111075,29
2361,2117-07-29T08:21:49.331,2117-08-12T09:46:24.933,2117-07-29T16:20:40.147+08:00,2117-08-12T17:45:15.749+08:00,provisional_UTC+08:00,provisional_UTC+08:00,20244.59337938455,20244,15,17,17:45:15.749,41.754374722222224,41
2362,2117-08-27T16:33:38.183,2117-09-11T00:48:45.964,2117-08-28T00:32:28.999+08:00,2117-09-11T08:47:36.780+08:00,provisional_UTC+08:00,provisional_UTC+08:00,20655.129677700406,20655,15,8,08:47:36.780,32.79354999999998,32
2363,2117-09-26T00:51:11.032,2117-10-10T17:58:41.076,2117-09-26T08:50:01.848+08:00,2117-10-11T01:57:31.892+08:00,provisional_UTC+08:00,provisional_UTC+08:00,21187.50073977976,21187,16,1,01:57:31.892,49.95885888888887,49
2364,2117-10-25T09:53:38.305,2117-11-09T12:02:44.371,2117-10-25T17:52:29.121+08:00,2117-11-09T20:01:35.187+08:00,provisional_UTC+08:00,provisional_UTC+08:00,21729.10110418892,21729,16,20,20:01:35.187,68.02644083333331,68
2365,2117-11-23T20:05:53.138,2117-12-09T05:33:12.999,2117-11-24T04:04:43.954+08:00,2117-12-09T13:32:03.815+08:00,provisional_UTC+08:00,provisional_UTC+08:00,22167.331018224268,22167,16,13,13:32:03.815,61.53439305555554,61
2366,2117-12-23T07:49:26.274,2118-01-07T21:29:22.873,2117-12-23T15:48:17.090+08:00,2118-01-08T05:28:13.689+08:00,provisional_UTC+08:00,provisional_UTC+08:00,22419.94331239701,22419,17,5,05:28:13.689,77.47046916666665,77
2367,2118-01-21T21:25:51.312,2118-02-06T11:27:07.137,2118-01-22T05:24:42.128+08:00,2118-02-06T19:25:57.953+08:00,provisional_UTC+08:00,provisional_UTC+08:00,22441.26376329339,22441,16,19,19:25:57.953,67.4327647222222,67
2368,2118-02-20T13:01:27.025,2118-03-07T23:22:21.176,2118-02-20T21:00:17.841+08:00,2118-03-08T07:21:11.992+08:00,provisional_UTC+08:00,provisional_UTC+08:00,22220.902520635063,22220,17,7,07:21:11.992,79.35333111111112,79
2369,2118-03-22T06:04:08.557,2118-04-06T09:19:52.956,2118-03-22T14:02:59.373+08:00,2118-04-06T17:18:43.772+08:00,provisional_UTC+08:00,provisional_UTC+08:00,21795.739980417788,21795,16,17,17:18:43.772,65.31215888888892,65
2370,2118-04-20T23:22:59.696,2118-05-05T17:38:57.165,2118-04-21T07:21:50.512+08:00,2118-05-06T01:37:47.981+08:00,provisional_UTC+08:00,provisional_UTC+08:00,21255.957809930253,21255,16,1,01:37:47.981,49.62999472222219,49
2371,2118-05-20T15:41:49.421,2118-06-04T01:01:53.374,2118-05-20T23:40:40.237+08:00,2118-06-04T09:00:44.190+08:00,provisional_UTC+08:00,provisional_UTC+08:00,20720.065879142647,20720,16,9,09:00:44.190,57.01227499999999,57
2372,2118-06-19T06:15:56.692,2118-07-03T08:32:37.052,2118-06-19T14:14:47.508+08:00,2118-07-03T16:31:27.868+08:00,provisional_UTC+08:00,provisional_UTC+08:00,20296.672661829107,20296,15,16,16:31:27.868,40.52440777777781,40
2373,2118-07-18T19:00:43.083,2118-08-01T17:24:08.742,2118-07-19T02:59:33.899+08:00,2118-08-02T01:22:59.558+08:00,provisional_UTC+08:00,provisional_UTC+08:00,20063.427653124956,20063,15,1,01:22:59.558,25.383210555555536,25
2374,2118-08-17T06:16:33.702,2118-08-31T04:39:04.983,2118-08-17T14:15:24.518+08:00,2118-08-31T12:37:55.799+08:00,provisional_UTC+08:00,provisional_UTC+08:00,20062.521341172123,20062,15,12,12:37:55.799,36.63216638888895,36
2375,2118-09-15T16:31:23.940,2118-09-29T18:48:14.573,2118-09-16T00:30:14.756+08:00,2118-09-30T02:47:05.389+08:00,provisional_UTC+08:00,provisional_UTC+08:00,20296.843870448312,20296,15,2,02:47:05.389,26.784830277777758,26
2376,2118-10-15T02:12:39.180,2118-10-29T11:36:58.772,2118-10-15T10:11:29.996+08:00,2118-10-29T19:35:49.588+08:00,provisional_UTC+08:00,provisional_UTC+08:00,20724.326524875596,20724,15,19,19:35:49.588,43.59710777777775,43
2377,2118-11-13T11:48:15.637,2118-11-28T06:09:29.845,2118-11-13T19:47:06.453+08:00,2118-11-28T14:08:20.661+08:00,provisional_UTC+08:00,provisional_UTC+08:00,21261.236808158246,21261,16,14,14:08:20.661,62.1390725,62
2378,2118-12-12T21:49:04.183,2118-12-28T01:07:35.947,2118-12-13T05:47:54.999+08:00,2118-12-28T09:06:26.763+08:00,provisional_UTC+08:00,provisional_UTC+08:00,21798.529405783374,21798,16,9,09:06:26.763,57.10743416666668,57
2379,2119-01-11T08:45:40.278,2119-01-26T19:08:51.591,2119-01-11T16:44:31.094+08:00,2119-01-27T03:07:42.407+08:00,provisional_UTC+08:00,provisional_UTC+08:00,22223.18855457469,22223,17,3,03:07:42.407,75.12844638888885,75
2380,2119-02-09T20:58:51.589,2119-02-25T11:01:01.544,2119-02-10T04:57:42.405+08:00,2119-02-25T18:59:52.360+08:00,provisional_UTC+08:00,provisional_UTC+08:00,22442.165924410918,22442,16,18,18:59:52.360,66.99787777777783,66
2381,2119-03-11T10:30:00.734,2119-03-27T00:00:09.832,2119-03-11T18:28:51.550+08:00,2119-03-27T07:59:00.648+08:00,provisional_UTC+08:00,provisional_UTC+08:00,22410.15161989791,22410,17,7,07:59:00.648,79.98351333333335,79
2382,2119-04-10T01:01:16.172,2119-04-25T10:05:56.844,2119-04-10T09:00:06.988+08:00,2119-04-25T18:04:47.660+08:00,provisional_UTC+08:00,provisional_UTC+08:00,22144.67786108255,22144,16,18,18:04:47.660,66.07990555555551,66
2383,2119-05-09T16:07:10.172,2119-05-24T17:59:44.968,2119-05-10T00:06:00.988+08:00,2119-05-25T01:58:35.784+08:00,provisional_UTC+08:00,provisional_UTC+08:00,21712.57993660018,21712,16,1,01:58:35.784,49.97660666666667,49
2384,2119-06-08T07:25:16.455,2119-06-23T00:47:46.858,2119-06-08T15:24:07.271+08:00,2119-06-23T08:46:37.674+08:00,provisional_UTC+08:00,provisional_UTC+08:00,21202.50671375593,21202,16,8,08:46:37.674,56.77713166666672,56
2385,2119-07-07T22:35:36.479,2119-07-22T07:42:18.062,2119-07-08T06:34:27.295+08:00,2119-07-22T15:41:08.878+08:00,provisional_UTC+08:00,provisional_UTC+08:00,20706.693050794172,20706,15,15,15:41:08.878,39.685799444444456,39
2386,2119-08-06T13:14:36.110,2119-08-20T15:48:12.485,2119-08-06T21:13:26.926+08:00,2119-08-20T23:47:03.301+08:00,provisional_UTC+08:00,provisional_UTC+08:00,20313.606255989143,20313,15,23,23:47:03.301,47.784250277777744,47
2387,2119-09-05T02:56:16.663,2119-09-19T01:55:50.534,2119-09-05T10:55:07.479+08:00,2119-09-19T09:54:41.350+08:00,provisional_UTC+08:00,provisional_UTC+08:00,20099.564516069884,20099,15,9,09:54:41.350,33.91148611111112,33
2388,2119-10-04T15:24:38.040,2119-10-18T14:38:39.769,2119-10-04T23:23:28.856+08:00,2119-10-18T22:37:30.585+08:00,provisional_UTC+08:00,provisional_UTC+08:00,20114.028811370354,20114,15,22,22:37:30.585,46.62516249999999,46
2389,2119-11-03T02:46:36.595,2119-11-17T06:11:09.472,2119-11-03T10:45:27.411+08:00,2119-11-17T14:10:00.288+08:00,provisional_UTC+08:00,provisional_UTC+08:00,20364.54795346048,20364,15,14,14:10:00.288,38.166746666666654,38
2390,2119-12-02T13:30:36.084,2119-12-17T00:18:31.025,2119-12-02T21:29:26.900+08:00,2119-12-17T08:17:21.841+08:00,provisional_UTC+08:00,provisional_UTC+08:00,20807.915683970114,20807,16,8,08:17:21.841,56.28940027777776,56
2391,2120-01-01T00:08:56.757,2120-01-15T19:58:36.397,2120-01-01T08:07:47.573+08:00,2120-01-16T03:57:27.213+08:00,provisional_UTC+08:00,provisional_UTC+08:00,21349.66067671363,21349,16,3,03:57:27.213,51.95755916666667,51
2392,2120-01-30T10:59:08.899,2120-02-14T15:21:20.270,2120-01-30T18:57:59.715+08:00,2120-02-14T23:20:11.086+08:00,provisional_UTC+08:00,provisional_UTC+08:00,21862.189508130294,21862,16,23,23:20:11.086,71.33641277777775,71
2393,2120-02-28T22:01:22.061,2120-03-15T08:31:07.906,2120-02-29T06:00:12.877+08:00,2120-03-15T16:29:58.722+08:00,provisional_UTC+08:00,provisional_UTC+08:00,22229.764084563227,22229,16,16,16:29:58.722,64.49964500000004,64
2394,2120-03-29T09:14:28.499,2120-04-13T22:24:49.657,2120-03-29T17:13:19.315+08:00,2120-04-14T06:23:40.473+08:00,provisional_UTC+08:00,provisional_UTC+08:00,22390.352636884516,22390,17,6,06:23:40.473,78.3945758333333,78
2395,2120-04-27T20:53:00.225,2120-05-13T09:09:53.169,2120-04-28T04:51:51.041+08:00,2120-05-13T17:08:43.985+08:00,provisional_UTC+08:00,provisional_UTC+08:00,22336.88239778308,22336,16,17,17:08:43.985,65.14555138888892,65
2396,2120-05-27T09:26:11.978,2120-06-11T17:39:12.594,2120-05-27T17:25:02.794+08:00,2120-06-12T01:38:03.410+08:00,provisional_UTC+08:00,provisional_UTC+08:00,22093.01025827285,22093,17,1,01:38:03.410,73.6342805555555,73
2397,2120-06-25T23:18:45.930,2120-07-11T00:58:06.367,2120-06-26T07:17:36.746+08:00,2120-07-11T08:56:57.183+08:00,provisional_UTC+08:00,provisional_UTC+08:00,21699.34061789602,21699,16,8,08:56:57.183,56.949217499999975,56
2398,2120-07-25T14:28:19.471,2120-08-09T08:05:27.783,2120-07-25T22:27:10.287+08:00,2120-08-09T16:04:18.599+08:00,provisional_UTC+08:00,provisional_UTC+08:00,21217.138525672846,21217,16,16,16:04:18.599,64.07183305555554,64
2399,2120-08-24T06:18:06.377,2120-09-07T15:50:40.943,2120-08-24T14:16:57.193+08:00,2120-09-07T23:49:31.759+08:00,provisional_UTC+08:00,provisional_UTC+08:00,20732.576102020328,20732,15,23,23:49:31.759,47.825488611111155,47
2400,2120-09-22T21:54:36.195,2120-10-07T00:59:40.536,2120-09-23T05:53:27.011+08:00,2120-10-07T08:58:31.352+08:00,provisional_UTC+08:00,provisional_UTC+08:00,20345.07236213447,20345,15,8,08:58:31.352,32.97537555555556,32
2401,2120-10-22T12:37:51.937,2120-11-05T12:19:38.594,2120-10-22T20:36:42.753+08:00,2120-11-05T20:18:29.410+08:00,provisional_UTC+08:00,provisional_UTC+08:00,20141.777615060364,20141,15,20,20:18:29.410,44.308169444444445,44
2402,2120-11-21T02:17:12.251,2120-12-05T02:30:37.527,2120-11-21T10:16:03.067+08:00,2120-12-05T10:29:28.343+08:00,provisional_UTC+08:00,provisional_UTC+08:00,20173.421257447935,20173,15,10,10:29:28.343,34.49120638888894,34
2403,2120-12-20T15:00:02.376,2121-01-03T19:38:14.052,2120-12-20T22:58:53.192+08:00,2121-01-04T03:37:04.868+08:00,provisional_UTC+08:00,provisional_UTC+08:00,20438.194602815583,20438,16,3,03:37:04.868,51.61801888888891,51
2404,2121-01-19T02:49:55.416,2121-02-02T14:44:47.559,2121-01-19T10:48:46.232+08:00,2121-02-02T22:43:38.375+08:00,provisional_UTC+08:00,provisional_UTC+08:00,20874.8690433915,20874,15,22,22:43:38.375,46.72732638888891,46
2405,2121-02-17T13:39:54.193,2121-03-04T09:58:37.007,2121-02-17T21:38:45.009+08:00,2121-03-04T17:57:27.823+08:00,provisional_UTC+08:00,provisional_UTC+08:00,21378.713557622705,21378,16,17,17:57:27.823,65.95772861111112,65
2406,2121-03-18T23:28:34.417,2121-04-03T03:30:24.835,2121-03-19T07:27:25.233+08:00,2121-04-03T11:29:15.651+08:00,provisional_UTC+08:00,provisional_UTC+08:00,21841.84029934868,21841,16,11,11:29:15.651,59.48768083333334,59
2407,2121-04-17T08:38:57.101,2121-05-02T18:23:07.957,2121-04-17T16:37:47.917+08:00,2121-05-03T02:21:58.773+08:00,provisional_UTC+08:00,provisional_UTC+08:00,22184.180934105247,22184,17,2,02:21:58.773,74.36632583333335,74
2408,2121-05-16T17:59:19.403,2121-06-01T06:35:00.626,2121-05-17T01:58:10.219+08:00,2121-06-01T14:33:51.442+08:00,provisional_UTC+08:00,provisional_UTC+08:00,22355.687058330033,22355,16,14,14:33:51.442,62.564289444444455,62
2409,2121-06-15T04:25:57.787,2121-06-30T16:35:16.403,2121-06-15T12:24:48.603+08:00,2121-07-01T00:34:07.219+08:00,provisional_UTC+08:00,provisional_UTC+08:00,22329.310281780472,22329,17,0,00:34:07.219,72.56867194444447,72
2410,2121-07-14T16:40:12.183,2121-07-30T01:04:07.945,2121-07-15T00:39:02.999+08:00,2121-07-30T09:02:58.761+08:00,provisional_UTC+08:00,provisional_UTC+08:00,22103.929366732307,22103,16,9,09:02:58.761,57.049655833333304,57
2411,2121-08-13T06:52:30.732,2121-08-28T08:46:29.861,2121-08-13T14:51:21.548+08:00,2121-08-28T16:45:20.677+08:00,provisional_UTC+08:00,provisional_UTC+08:00,21713.98547986868,21713,16,16,16:45:20.677,64.75574361111109,64
2412,2121-09-11T22:41:53.396,2121-09-26T16:33:08.303,2121-09-12T06:40:44.212+08:00,2121-09-27T00:31:59.119+08:00,provisional_UTC+08:00,provisional_UTC+08:00,21231.24844207322,21231,16,0,00:31:59.119,48.53308861111111,48
2413,2121-10-11T15:28:39.577,2121-10-26T01:20:11.449,2121-10-11T23:27:30.393+08:00,2121-10-26T09:19:02.265+08:00,provisional_UTC+08:00,provisional_UTC+08:00,20751.531206339296,20751,16,9,09:19:02.265,57.31729583333333,57
2414,2121-11-10T08:27:34.938,2121-11-24T12:00:59.324,2121-11-10T16:26:25.754+08:00,2121-11-24T19:59:50.140+08:00,provisional_UTC+08:00,provisional_UTC+08:00,20373.406433606106,20373,15,19,19:59:50.140,43.99726111111107,43
2415,2121-12-10T00:51:24.669,2121-12-24T01:09:05.658,2121-12-10T08:50:15.485+08:00,2121-12-24T09:07:56.474+08:00,provisional_UTC+08:00,provisional_UTC+08:00,20177.683140961817,20177,15,9,09:07:56.474,33.13235388888887,33
2416,2122-01-08T15:51:48.271,2122-01-22T16:40:03.546,2122-01-08T23:50:39.087+08:00,2122-01-23T00:38:54.362+08:00,provisional_UTC+08:00,provisional_UTC+08:00,20208.254588766158,20208,16,0,00:38:54.362,48.64843388888886,48
2417,2122-02-07T04:50:44.511,2122-02-21T09:48:36.138,2122-02-07T12:49:35.327+08:00,2122-02-21T17:47:26.954+08:00,provisional_UTC+08:00,provisional_UTC+08:00,20457.860460323485,20457,15,17,17:47:26.954,41.79082055555551,41
2418,2122-03-08T15:38:16.786,2122-03-23T03:28:29.350,2122-03-08T23:37:07.602+08:00,2122-03-23T11:27:20.166+08:00,provisional_UTC+08:00,provisional_UTC+08:00,20870.209393215504,20870,16,11,11:27:20.166,59.45560166666667,59
2419,2122-04-07T00:38:47.985,2122-04-21T20:36:58.167,2122-04-07T08:37:38.801+08:00,2122-04-22T04:35:48.983+08:00,provisional_UTC+08:00,provisional_UTC+08:00,21358.169707742774,21358,16,4,04:35:48.983,52.5969397222222,52
2420,2122-05-06T08:40:49.361,2122-05-21T12:25:09.065,2122-05-06T16:39:40.177+08:00,2122-05-21T20:23:59.881+08:00,provisional_UTC+08:00,provisional_UTC+08:00,21824.328394591044,21824,16,20,20:23:59.881,68.39996694444449,68
2421,2122-06-04T16:40:55.716,2122-06-20T02:19:39.144,2122-06-05T00:39:46.532+08:00,2122-06-20T10:18:29.960+08:00,provisional_UTC+08:00,provisional_UTC+08:00,22178.72379141483,22178,16,10,10:18:29.960,58.308322222222216,58
2422,2122-07-04T01:31:33.748,2122-07-19T14:07:41.692,2122-07-04T09:30:24.564+08:00,2122-07-19T22:06:32.508+08:00,provisional_UTC+08:00,provisional_UTC+08:00,22356.132403479896,22356,16,22,22:06:32.508,70.10902999999996,70
2423,2122-08-02T11:55:48.709,2122-08-18T00:04:22.524,2122-08-02T19:54:39.525+08:00,2122-08-18T08:03:13.340+08:00,provisional_UTC+08:00,provisional_UTC+08:00,22328.563590253707,22328,17,8,08:03:13.340,80.05370555555555,80
2424,2122-09-01T00:26:45.912,2122-09-16T08:52:32.479,2122-09-01T08:25:36.728+08:00,2122-09-16T16:51:23.295+08:00,provisional_UTC+08:00,provisional_UTC+08:00,22105.776125656565,22105,16,16,16:51:23.295,64.85647083333333,64
2425,2122-09-30T15:24:23.449,2122-10-15T17:30:58.167,2122-09-30T23:23:14.265+08:00,2122-10-16T01:29:48.983+08:00,provisional_UTC+08:00,provisional_UTC+08:00,21726.578623418136,21726,17,1,01:29:48.983,73.49693972222224,73
2426,2122-10-30T08:42:40.902,2122-11-14T02:54:51.762,2122-10-30T16:41:31.718+08:00,2122-11-14T10:53:42.578+08:00,provisional_UTC+08:00,provisional_UTC+08:00,21252.180997941232,21252,16,10,10:53:42.578,58.89516055555555,58
2427,2122-11-29T03:30:50.660,2122-12-13T13:37:31.655,2122-11-29T11:29:41.476+08:00,2122-12-13T21:36:22.471+08:00,provisional_UTC+08:00,provisional_UTC+08:00,20766.68325984121,20766,15,21,21:36:22.471,45.606241944444434,45
2428,2122-12-28T22:12:28.942,2123-01-12T01:44:29.211,2122-12-29T06:11:19.758+08:00,2123-01-12T09:43:20.027+08:00,provisional_UTC+08:00,provisional_UTC+08:00,20372.004475634603,20372,15,9,09:43:20.027,33.72222972222221,33
2429,2123-01-27T15:04:04.822,2123-02-10T15:05:36.494,2123-01-27T23:02:55.638+08:00,2123-02-10T23:04:27.310+08:00,provisional_UTC+08:00,provisional_UTC+08:00,20161.527865773154,20161,15,23,23:04:27.310,47.074252777777815,47
2430,2123-02-26T05:06:58.900,2123-03-12T05:32:22.630,2123-02-26T13:05:49.716+08:00,2123-03-12T13:31:13.446+08:00,provisional_UTC+08:00,provisional_UTC+08:00,20185.395499711904,20185,15,13,13:31:13.446,37.52040166666666,37
2431,2123-03-27T16:23:05.849,2123-04-10T20:58:49.313,2123-03-28T00:21:56.665+08:00,2123-04-11T04:57:40.129+08:00,provisional_UTC+08:00,provisional_UTC+08:00,20435.724396960934,20435,15,4,04:57:40.129,28.96114694444441,28
2432,2123-04-26T01:31:37.845,2123-05-10T13:05:08.376,2123-04-26T09:30:28.661+08:00,2123-05-10T21:03:59.192+08:00,provisional_UTC+08:00,provisional_UTC+08:00,20853.508843383417,20853,15,21,21:03:59.192,45.066442222222236,45
2433,2123-05-25T09:21:19.522,2123-06-09T05:06:57.471,2123-05-25T17:20:10.338+08:00,2123-06-09T13:05:48.287+08:00,provisional_UTC+08:00,provisional_UTC+08:00,21345.632488429637,21345,16,13,13:05:48.287,61.0967463888889,61
2434,2123-06-23T16:38:51.684,2123-07-08T20:09:06.266,2123-06-24T00:37:42.500+08:00,2123-07-09T04:07:57.082+08:00,provisional_UTC+08:00,provisional_UTC+08:00,21810.24304174586,21810,16,4,04:07:57.082,52.13252277777775,52
2435,2123-07-23T00:11:34.829,2123-08-07T09:35:16.731,2123-07-23T08:10:25.645+08:00,2123-08-07T17:34:07.547+08:00,provisional_UTC+08:00,provisional_UTC+08:00,22163.698375737204,22163,16,17,17:34:07.547,65.56876305555556,65
2436,2123-08-21T08:53:59.062,2123-09-05T21:26:58.757,2123-08-21T16:52:49.878+08:00,2123-09-06T05:25:49.573+08:00,provisional_UTC+08:00,provisional_UTC+08:00,22352.994926837237,22352,17,5,05:25:49.573,77.43043694444447,77
2437,2123-09-19T19:47:08.952,2123-10-05T08:17:24.805,2123-09-20T03:45:59.768+08:00,2123-10-05T16:16:15.621+08:00,provisional_UTC+08:00,provisional_UTC+08:00,22350.264221386406,22350,16,16,16:16:15.621,64.27100583333333,64
2438,2123-10-19T09:42:53.960,2123-11-03T18:48:11.318,2123-10-19T17:41:44.776+08:00,2123-11-04T02:47:02.134+08:00,provisional_UTC+08:00,provisional_UTC+08:00,22145.289303669015,22145,17,2,02:47:02.134,74.78392611111116,74
2439,2123-11-18T02:51:58.312,2123-12-03T05:25:56.870,2123-11-18T10:50:49.128+08:00,2123-12-03T13:24:47.686+08:00,provisional_UTC+08:00,provisional_UTC+08:00,21753.975971932687,21753,16,13,13:24:47.686,61.41324611111111,61
2440,2123-12-17T22:15:12.727,2124-01-01T16:15:14.128,2123-12-18T06:14:03.543+08:00,2124-01-02T00:14:04.944+08:00,provisional_UTC+08:00,provisional_UTC+08:00,21240.023350644733,21240,16,0,00:14:04.944,48.234706666666625,48
2441,2124-01-16T17:55:49.430,2124-01-31T03:12:57.616,2124-01-17T01:54:40.246+08:00,2124-01-31T11:11:48.432+08:00,provisional_UTC+08:00,provisional_UTC+08:00,20717.13643650639,20717,15,11,11:11:48.432,35.196786666666696,35
2442,2124-02-15T11:58:42.375,2124-02-29T14:29:00.292,2124-02-15T19:57:33.191+08:00,2124-02-29T22:27:51.108+08:00,provisional_UTC+08:00,provisional_UTC+08:00,20310.298616439028,20310,15,22,22:27:51.108,46.46419666666668,46
2443,2124-03-16T03:20:48.073,2124-03-30T02:29:41.464,2124-03-16T11:19:38.889+08:00,2124-03-30T10:28:32.280+08:00,provisional_UTC+08:00,provisional_UTC+08:00,20108.889853149743,20108,15,10,10:28:32.280,34.47563333333335,34
2444,2124-04-14T15:52:25.925,2124-04-28T15:39:38.439,2124-04-14T23:51:16.741+08:00,2124-04-28T23:38:29.255+08:00,provisional_UTC+08:00,provisional_UTC+08:00,20147.20857227559,20147,15,23,23:38:29.255,47.64145972222218,47
2445,2124-05-14T01:53:38.762,2124-05-28T06:00:11.362,2124-05-14T09:52:29.578+08:00,2124-05-28T13:59:02.178+08:00,provisional_UTC+08:00,provisional_UTC+08:00,20406.543331000725,20406,15,13,13:59:02.178,37.983938333333356,37
2446,2124-06-12T09:58:45.944,2124-06-26T21:05:14.060,2124-06-12T17:57:36.760+08:00,2124-06-27T05:04:04.876+08:00,provisional_UTC+08:00,provisional_UTC+08:00,20826.468605424307,20826,16,5,05:04:04.876,53.06802111111108,53
2447,2124-07-11T16:54:21.829,2124-07-26T12:17:39.279,2124-07-12T00:53:12.645+08:00,2124-07-26T20:16:30.095+08:00,provisional_UTC+08:00,provisional_UTC+08:00,21323.29082533651,21323,15,20,20:16:30.095,44.275026388888875,44
2448,2124-08-09T23:40:44.920,2124-08-25T03:09:21.613,2124-08-10T07:39:35.736+08:00,2124-08-25T11:08:12.429+08:00,provisional_UTC+08:00,provisional_UTC+08:00,21808.611550050282,21808,16,11,11:08:12.429,59.136785833333306,59
2449,2124-09-08T07:28:50.175,2124-09-23T17:27:26.026,2124-09-08T15:27:40.991+08:00,2124-09-24T01:26:16.842+08:00,provisional_UTC+08:00,provisional_UTC+08:00,22198.597510805193,22198,17,1,01:26:16.842,73.43801166666663,73
2450,2124-10-07T17:28:51.141,2124-10-23T07:05:58.386,2124-10-08T01:27:41.957+08:00,2124-10-23T15:04:49.202+08:00,provisional_UTC+08:00,provisional_UTC+08:00,22417.12075504258,22417,16,15,15:04:49.202,63.0803338888889,63
2451,2124-11-06T06:29:59.427,2124-11-21T19:56:38.056,2124-11-06T14:28:50.243+08:00,2124-11-22T03:55:28.872+08:00,provisional_UTC+08:00,provisional_UTC+08:00,22406.643811916,22406,17,3,03:55:28.872,75.92468666666667,75
2452,2124-12-05T22:37:04.014,2124-12-21T07:49:43.886,2124-12-06T06:35:54.830+08:00,2124-12-21T15:48:34.702+08:00,provisional_UTC+08:00,provisional_UTC+08:00,22152.664527092056,22152,16,15,15:48:34.702,63.809639444444485,63
2453,2125-01-04T17:01:26.910,2125-01-19T18:44:29.053,2125-01-05T01:00:17.726+08:00,2125-01-20T02:43:19.869+08:00,provisional_UTC+08:00,provisional_UTC+08:00,21703.035714982925,21703,16,2,02:43:19.869,50.7221858333333,50
2454,2125-02-03T12:18:36.099,2125-02-18T04:56:12.985,2125-02-03T20:17:26.915+08:00,2125-02-18T12:55:03.801+08:00,provisional_UTC+08:00,provisional_UTC+08:00,21157.61475740935,21157,16,12,12:55:03.801,60.91772249999997,60
2455,2125-03-05T06:57:52.038,2125-03-19T14:53:09.327,2125-03-05T14:56:42.854+08:00,2125-03-19T22:52:00.143+08:00,provisional_UTC+08:00,provisional_UTC+08:00,20635.288151292465,20635,15,22,22:52:00.143,46.86670638888887,46
2456,2125-04-03T23:43:07.048,2125-04-18T01:06:32.786,2125-04-04T07:41:57.864+08:00,2125-04-18T09:05:23.602+08:00,provisional_UTC+08:00,provisional_UTC+08:00,20243.428968704295,20243,15,9,09:05:23.602,33.08988944444445,33
2457,2125-05-03T13:45:03.794,2125-05-17T12:02:17.955,2125-05-03T21:43:54.610+08:00,2125-05-17T20:01:08.771+08:00,provisional_UTC+08:00,provisional_UTC+08:00,20057.236015320883,20057,15,20,20:01:08.771,44.01910305555555,44
2458,2125-06-02T00:51:52.754,2125-06-15T23:59:29.800,2125-06-02T08:50:43.570+08:00,2125-06-16T07:58:20.616+08:00,provisional_UTC+08:00,provisional_UTC+08:00,20107.6174353866,20107,15,7,07:58:20.616,31.972393333333287,31
2459,2125-07-01T09:32:22.314,2125-07-15T13:13:03.840,2125-07-01T17:31:13.130+08:00,2125-07-15T21:11:54.656+08:00,provisional_UTC+08:00,provisional_UTC+08:00,20380.692109959182,20380,15,21,21:11:54.656,45.19851555555556,45
2460,2125-07-30T16:46:24.483,2125-08-14T03:52:05.048,2125-07-31T00:45:15.299+08:00,2125-08-14T11:50:55.864+08:00,provisional_UTC+08:00,provisional_UTC+08:00,20825.676094650888,20825,15,11,11:50:55.864,35.84885111111112,35
2461,2125-08-28T23:47:37.479,2125-09-12T19:49:15.094,2125-08-29T07:46:28.295+08:00,2125-09-13T03:48:05.910+08:00,provisional_UTC+08:00,provisional_UTC+08:00,21361.626916081652,21361,16,3,03:48:05.910,51.801641666666626,51
2462,2125-09-27T07:45:43.719,2125-10-12T12:28:43.199,2125-09-27T15:44:34.535+08:00,2125-10-12T20:27:34.015+08:00,provisional_UTC+08:00,provisional_UTC+08:00,21882.99132869154,21882,16,20,20:27:34.015,68.4594486111111,68
2463,2125-10-26T17:32:20.938,2125-11-11T04:49:15.072,2125-10-27T01:31:11.754+08:00,2125-11-11T12:48:05.888+08:00,provisional_UTC+08:00,provisional_UTC+08:00,22276.902229702482,22276,16,12,12:48:05.888,60.80163555555555,60
2464,2125-11-25T05:34:00.521,2125-12-10T19:50:54.940,2125-11-25T13:32:51.337+08:00,2125-12-11T03:49:45.756+08:00,provisional_UTC+08:00,provisional_UTC+08:00,22456.90698119204,22456,17,3,03:49:45.756,75.82937666666669,75
2465,2125-12-24T19:54:53.069,2126-01-09T09:04:59.693,2125-12-25T03:53:43.885+08:00,2126-01-09T17:03:50.509+08:00,provisional_UTC+08:00,provisional_UTC+08:00,22390.110394561434,22390,16,17,17:03:50.509,65.06403027777782,65
2466,2126-01-23T12:22:36.644,2126-02-07T20:38:10.816,2126-01-23T20:21:27.460+08:00,2126-02-08T04:37:01.632+08:00,provisional_UTC+08:00,provisional_UTC+08:00,22095.569525261726,22095,17,4,04:37:01.632,76.61712,76
2467,2126-02-22T06:23:37.962,2126-03-09T06:53:28.238,2126-02-22T14:22:28.778+08:00,2126-03-09T14:52:19.054+08:00,provisional_UTC+08:00,provisional_UTC+08:00,21629.837932668277,21629,16,14,14:52:19.054,62.87195944444443,62
2468,2126-03-24T00:51:41.453,2126-04-07T16:13:28.532,2126-03-24T08:50:32.269+08:00,2126-04-08T00:12:19.348+08:00,provisional_UTC+08:00,provisional_UTC+08:00,21081.78464639989,21081,16,0,00:12:19.348,48.20537444444443,48
2469,2126-04-22T18:16:04.453,2126-05-07T01:00:26.670,2126-04-23T02:14:55.269+08:00,2126-05-07T08:59:17.486+08:00,provisional_UTC+08:00,provisional_UTC+08:00,20564.370282614604,20564,15,8,08:59:17.486,32.98819055555555,32
2470,2126-05-22T09:20:02.242,2126-06-05T09:46:31.357,2126-05-22T17:18:53.058+08:00,2126-06-05T17:45:22.173+08:00,provisional_UTC+08:00,provisional_UTC+08:00,20186.485235493437,20186,15,17,17:45:22.173,41.756159166666635,41
2471,2126-06-20T21:37:26.942,2126-07-04T19:19:49.926,2126-06-21T05:36:17.758+08:00,2126-07-05T03:18:40.742+08:00,provisional_UTC+08:00,provisional_UTC+08:00,20022.38306447276,20022,15,3,03:18:40.742,27.31131722222227,27
2472,2126-07-20T07:36:06.646,2126-08-03T06:37:19.708,2126-07-20T15:34:57.462+08:00,2126-08-03T14:36:10.524+08:00,provisional_UTC+08:00,provisional_UTC+08:00,20101.217693328515,20101,15,14,14:36:10.524,38.60292333333331,38
2473,2126-08-18T16:14:23.290,2126-09-01T20:23:41.501,2126-08-19T00:13:14.106+08:00,2126-09-02T04:22:32.317+08:00,provisional_UTC+08:00,provisional_UTC+08:00,20409.303514322244,20409,15,4,04:22:32.317,28.375643611111116,28
